{"type": "FeatureCollection", "features": [{"type": "Feature", "id": "osm-substation-1314798670", "geometry": {"type": "Point", "coordinates": [28.1754658, -25.8839729]}, "properties": {"osm_id": 1314798670, "power": "substation", "name": null, "voltage": null, "operator": null, "source": "OpenStreetMap via Overpass API", "evidence_class": "observed_public_geometry"}}, {"type": "Feature", "id": "osm-substation-1314798708", "geometry": {"type": "Point", "coordinates": [28.1754698, -25.8839229]}, "properties": {"osm_id": 1314798708, "power": "substation", "name": null, "voltage": null, "operator": null, "source": "OpenStreetMap via Overpass API", "evidence_class": "observed_public_geometry"}}, {"type": "Feature", "id": "osm-substation-1314798717", "geometry": {"type": "Point", "coordinates": [28.1754577, -25.8840307]}, "properties": {"osm_id": 1314798717, "power": "substation", "name": null, "voltage": null, "operator": null, "source": "OpenStreetMap via Overpass API", "evidence_class": "observed_public_geometry"}}, {"type": "Feature", "id": "osm-substation-1314798723", "geometry": {"type": "Point", "coordinates": [28.1754524, -25.884079]}, "properties": {"osm_id": 1314798723, "power": "substation", "name": null, "voltage": null, "operator": null, "source": "OpenStreetMap via Overpass API", "evidence_class": "observed_public_geometry"}}, {"type": "Feature", "id": "osm-substation-2056815334", "geometry": {"type": "Point", "coordinates": [28.1159523, -26.2645549]}, "properties": {"osm_id": 2056815334, "power": "substation", "name": null, "voltage": null, "operator": null, "source": "OpenStreetMap via Overpass API", "evidence_class": "observed_public_geometry"}}, {"type": "Feature", "id": "osm-substation-3204265120", "geometry": {"type": "Point", "coordinates": [28.0246288, -26.1634469]}, "properties": {"osm_id": 3204265120, "power": "substation", "name": null, "voltage": null, "operator": null, "source": "OpenStreetMap via Overpass API", "evidence_class": "observed_public_geometry"}}, {"type": "Feature", "id": "osm-substation-4291425091", "geometry": {"type": "Point", "coordinates": [28.2470046, -26.2845323]}, "properties": {"osm_id": 4291425091, "power": "substation", "name": null, "voltage": null, "operator": null, "source": "OpenStreetMap via Overpass API", "evidence_class": "observed_public_geometry"}}, {"type": "Feature", "id": "osm-substation-4329971405", "geometry": {"type": "Point", "coordinates": [28.1477017, -26.1092627]}, "properties": {"osm_id": 4329971405, "power": "substation", "name": null, "voltage": null, "operator": null, "source": "OpenStreetMap via Overpass API", "evidence_class": "observed_public_geometry"}}, {"type": "Feature", "id": "osm-substation-5291355777", "geometry": {"type": "Point", "coordinates": [24.5265703, -17.7275504]}, "properties": {"osm_id": 5291355777, "power": "substation", "name": null, "voltage": null, "operator": null, "source": "OpenStreetMap via Overpass API", "evidence_class": "observed_public_geometry"}}, {"type": "Feature", "id": "osm-substation-5291366090", "geometry": {"type": "Point", "coordinates": [24.7078979, -17.9146496]}, "properties": {"osm_id": 5291366090, "power": "substation", "name": null, "voltage": null, "operator": null, "source": "OpenStreetMap via Overpass API", "evidence_class": "observed_public_geometry"}}, {"type": "Feature", "id": "osm-substation-5412520197", "geometry": {"type": "Point", "coordinates": [20.9462821, -18.00331]}, "properties": {"osm_id": 5412520197, "power": "substation", "name": null, "voltage": null, "operator": null, "source": "OpenStreetMap via Overpass API", "evidence_class": "observed_public_geometry"}}, {"type": "Feature", "id": "osm-substation-5414284864", "geometry": {"type": "Point", "coordinates": [21.3970247, -18.0183315]}, "properties": {"osm_id": 5414284864, "power": "substation", "name": null, "voltage": null, "operator": null, "source": "OpenStreetMap via Overpass API", "evidence_class": "observed_public_geometry"}}, {"type": "Feature", "id": "osm-substation-5910300132", "geometry": {"type": "Point", "coordinates": [28.4058422, -25.7123285]}, "properties": {"osm_id": 5910300132, "power": "substation", "name": null, "voltage": null, "operator": "Eskom", "source": "OpenStreetMap via Overpass API", "evidence_class": "observed_public_geometry"}}, {"type": "Feature", "id": "osm-substation-6697105864", "geometry": {"type": "Point", "coordinates": [29.2529701, -24.1024574]}, "properties": {"osm_id": 6697105864, "power": "substation", "name": null, "voltage": null, "operator": null, "source": "OpenStreetMap via Overpass API", "evidence_class": "observed_public_geometry"}}, {"type": "Feature", "id": "osm-substation-8664051030", "geometry": {"type": "Point", "coordinates": [28.1289996, -26.1641157]}, "properties": {"osm_id": 8664051030, "power": "substation", "name": null, "voltage": null, "operator": null, "source": "OpenStreetMap via Overpass API", "evidence_class": "observed_public_geometry"}}, {"type": "Feature", "id": "osm-substation-8746166371", "geometry": {"type": "Point", "coordinates": [25.643544, -25.8508836]}, "properties": {"osm_id": 8746166371, "power": "substation", "name": null, "voltage": null, "operator": null, "source": "OpenStreetMap via Overpass API", "evidence_class": "observed_public_geometry"}}, {"type": "Feature", "id": "osm-substation-13097715836", "geometry": {"type": "Point", "coordinates": [28.2945, -25.8242377]}, "properties": {"osm_id": 13097715836, "power": "substation", "name": "Substation", "voltage": null, "operator": null, "source": "OpenStreetMap via Overpass API", "evidence_class": "observed_public_geometry"}}, {"type": "Feature", "id": "osm-substation-13099799394", "geometry": {"type": "Point", "coordinates": [28.2949027, -25.8242941]}, "properties": {"osm_id": 13099799394, "power": "substation", "name": "Substation", "voltage": null, "operator": null, "source": "OpenStreetMap via Overpass API", "evidence_class": "observed_public_geometry"}}, {"type": "Feature", "id": "osm-substation-13848776260", "geometry": {"type": "Point", "coordinates": [27.9026296, -26.1572139]}, "properties": {"osm_id": 13848776260, "power": "substation", "name": null, "voltage": null, "operator": null, "source": "OpenStreetMap via Overpass API", "evidence_class": "observed_public_geometry"}}, {"type": "Feature", "id": "osm-substation-13898311636", "geometry": {"type": "Point", "coordinates": [27.8963216, -26.1522338]}, "properties": {"osm_id": 13898311636, "power": "substation", "name": null, "voltage": null, "operator": null, "source": "OpenStreetMap via Overpass API", "evidence_class": "observed_public_geometry"}}, {"type": "Feature", "id": "osm-substation-13968239581", "geometry": {"type": "Point", "coordinates": [27.9022505, -26.1565073]}, "properties": {"osm_id": 13968239581, "power": "substation", "name": null, "voltage": null, "operator": null, "source": "OpenStreetMap via Overpass API", "evidence_class": "observed_public_geometry"}}, {"type": "Feature", "id": "osm-substation-14061098015", "geometry": {"type": "Point", "coordinates": [27.8955498, -26.1615652]}, "properties": {"osm_id": 14061098015, "power": "substation", "name": null, "voltage": null, "operator": null, "source": "OpenStreetMap via Overpass API", "evidence_class": "observed_public_geometry"}}, {"type": "Feature", "id": "osm-substation-14061098016", "geometry": {"type": "Point", "coordinates": [27.8953879, -26.160599]}, "properties": {"osm_id": 14061098016, "power": "substation", "name": null, "voltage": null, "operator": null, "source": "OpenStreetMap via Overpass API", "evidence_class": "observed_public_geometry"}}, {"type": "Feature", "id": "osm-substation-28088740", "geometry": {"type": "Point", "coordinates": [28.1949143, -26.1405755]}, "properties": {"osm_id": 28088740, "power": "substation", "name": "Croydon Substation", "voltage": "275000;132000", "operator": "Eskom", "source": "OpenStreetMap via Overpass API", "evidence_class": "observed_public_geometry"}}, {"type": "Feature", "id": "osm-substation-32509808", "geometry": {"type": "Point", "coordinates": [28.1796302, -26.0322954]}, "properties": {"osm_id": 32509808, "power": "substation", "name": "Lepini Substation", "voltage": "275000;88000", "operator": "Eskom", "source": "OpenStreetMap via Overpass API", "evidence_class": "observed_public_geometry"}}, {"type": "Feature", "id": "osm-substation-42056180", "geometry": {"type": "Point", "coordinates": [28.1933117, -26.1156528]}, "properties": {"osm_id": 42056180, "power": "substation", "name": null, "voltage": "88000", "operator": "City Power", "source": "OpenStreetMap via Overpass API", "evidence_class": "observed_public_geometry"}}, {"type": "Feature", "id": "osm-substation-42209493", "geometry": {"type": "Point", "coordinates": [28.095261, -26.2234613]}, "properties": {"osm_id": 42209493, "power": "substation", "name": "Prospect Substation", "voltage": "275000;132000", "operator": "Eskom", "source": "OpenStreetMap via Overpass API", "evidence_class": "observed_public_geometry"}}, {"type": "Feature", "id": "osm-substation-42209860", "geometry": {"type": "Point", "coordinates": [28.1147608, -26.2295588]}, "properties": {"osm_id": 42209860, "power": "substation", "name": "Jupiter Substation", "voltage": "275000;88000", "operator": "Eskom", "source": "OpenStreetMap via Overpass API", "evidence_class": "observed_public_geometry"}}, {"type": "Feature", "id": "osm-substation-42209875", "geometry": {"type": "Point", "coordinates": [28.116784, -26.2295903]}, "properties": {"osm_id": 42209875, "power": "substation", "name": "Roshstep", "voltage": "88000", "operator": "Eskom", "source": "OpenStreetMap via Overpass API", "evidence_class": "observed_public_geometry"}}, {"type": "Feature", "id": "osm-substation-47125426", "geometry": {"type": "Point", "coordinates": [28.140969, -25.8856307]}, "properties": {"osm_id": 47125426, "power": "substation", "name": "Brakfontein Substation", "voltage": "132000", "operator": "City of Tshwane", "source": "OpenStreetMap via Overpass API", "evidence_class": "observed_public_geometry"}}, {"type": "Feature", "id": "osm-substation-65600948", "geometry": {"type": "Point", "coordinates": [29.1380971, -26.2832594]}, "properties": {"osm_id": 65600948, "power": "substation", "name": "Matla Substation", "voltage": "400000;275000", "operator": "Eskom", "source": "OpenStreetMap via Overpass API", "evidence_class": "observed_public_geometry"}}, {"type": "Feature", "id": "osm-substation-70586039", "geometry": {"type": "Point", "coordinates": [28.0928574, -25.6274198]}, "properties": {"osm_id": 70586039, "power": "substation", "name": "Rosslyn Substation", "voltage": "132000", "operator": "City of Tshwane", "source": "OpenStreetMap via Overpass API", "evidence_class": "observed_public_geometry"}}, {"type": "Feature", "id": "osm-substation-75136015", "geometry": {"type": "Point", "coordinates": [28.0801749, -25.9215818]}, "properties": {"osm_id": 75136015, "power": "substation", "name": "Minerva Substation", "voltage": "400000;275000", "operator": "Eskom", "source": "OpenStreetMap via Overpass API", "evidence_class": "observed_public_geometry"}}, {"type": "Feature", "id": "osm-substation-81123757", "geometry": {"type": "Point", "coordinates": [28.1289651, -26.026308]}, "properties": {"osm_id": 81123757, "power": "substation", "name": "Waterfall Park", "voltage": "88000", "operator": null, "source": "OpenStreetMap via Overpass API", "evidence_class": "observed_public_geometry"}}, {"type": "Feature", "id": "osm-substation-81251471", "geometry": {"type": "Point", "coordinates": [28.1140418, -26.1111949]}, "properties": {"osm_id": 81251471, "power": "substation", "name": "Alexandra Substation", "voltage": "88000", "operator": "City Power", "source": "OpenStreetMap via Overpass API", "evidence_class": "observed_public_geometry"}}, {"type": "Feature", "id": "osm-substation-81813288", "geometry": {"type": "Point", "coordinates": [28.0710209, -26.2108849]}, "properties": {"osm_id": 81813288, "power": "substation", "name": null, "voltage": "88000", "operator": "City Power", "source": "OpenStreetMap via Overpass API", "evidence_class": "observed_public_geometry"}}, {"type": "Feature", "id": "osm-substation-81813292", "geometry": {"type": "Point", "coordinates": [28.0567686, -26.2085569]}, "properties": {"osm_id": 81813292, "power": "substation", "name": "Kazerne Substation", "voltage": "88000", "operator": "City Power", "source": "OpenStreetMap via Overpass API", "evidence_class": "observed_public_geometry"}}, {"type": "Feature", "id": "osm-substation-81817181", "geometry": {"type": "Point", "coordinates": [28.1160108, -26.3077607]}, "properties": {"osm_id": 81817181, "power": "substation", "name": "Eiger Substation", "voltage": "275000;88000", "operator": null, "source": "OpenStreetMap via Overpass API", "evidence_class": "observed_public_geometry"}}, {"type": "Feature", "id": "osm-substation-81817195", "geometry": {"type": "Point", "coordinates": [28.0915476, -26.3051012]}, "properties": {"osm_id": 81817195, "power": "substation", "name": null, "voltage": "88000", "operator": null, "source": "OpenStreetMap via Overpass API", "evidence_class": "observed_public_geometry"}}, {"type": "Feature", "id": "osm-substation-82014905", "geometry": {"type": "Point", "coordinates": [27.8758465, -26.385033]}, "properties": {"osm_id": 82014905, "power": "substation", "name": "Etna Substation", "voltage": "275000;88000", "operator": null, "source": "OpenStreetMap via Overpass API", "evidence_class": "observed_public_geometry"}}, {"type": "Feature", "id": "osm-substation-83188525", "geometry": {"type": "Point", "coordinates": [27.8275688, -26.2651286]}, "properties": {"osm_id": 83188525, "power": "substation", "name": "Protea Switching Station", "voltage": "132000", "operator": "Eskom", "source": "OpenStreetMap via Overpass API", "evidence_class": "observed_public_geometry"}}, {"type": "Feature", "id": "osm-substation-83188568", "geometry": {"type": "Point", "coordinates": [27.7792986, -26.2684861]}, "properties": {"osm_id": 83188568, "power": "substation", "name": "Taunus Substation", "voltage": "275000;132000", "operator": "Eskom", "source": "OpenStreetMap via Overpass API", "evidence_class": "observed_public_geometry"}}, {"type": "Feature", "id": "osm-substation-83244979", "geometry": {"type": "Point", "coordinates": [27.8478751, -26.241022]}, "properties": {"osm_id": 83244979, "power": "substation", "name": null, "voltage": "132000", "operator": null, "source": "OpenStreetMap via Overpass API", "evidence_class": "observed_public_geometry"}}, {"type": "Feature", "id": "osm-substation-83247270", "geometry": {"type": "Point", "coordinates": [27.8855333, -26.2316317]}, "properties": {"osm_id": 83247270, "power": "substation", "name": "Mofolo North Substation", "voltage": "132000", "operator": null, "source": "OpenStreetMap via Overpass API", "evidence_class": "observed_public_geometry"}}, {"type": "Feature", "id": "osm-substation-83306161", "geometry": {"type": "Point", "coordinates": [27.9345718, -26.2518339]}, "properties": {"osm_id": 83306161, "power": "substation", "name": null, "voltage": null, "operator": null, "source": "OpenStreetMap via Overpass API", "evidence_class": "observed_public_geometry"}}, {"type": "Feature", "id": "osm-substation-83467574", "geometry": {"type": "Point", "coordinates": [27.661957, -26.4200135]}, "properties": {"osm_id": 83467574, "power": "substation", "name": "South Deep Substation", "voltage": "132000", "operator": "Eskom", "source": "OpenStreetMap via Overpass API", "evidence_class": "observed_public_geometry"}}, {"type": "Feature", "id": "osm-substation-83467601", "geometry": {"type": "Point", "coordinates": [27.7144285, -26.2735391]}, "properties": {"osm_id": 83467601, "power": "substation", "name": null, "voltage": "132000", "operator": null, "source": "OpenStreetMap via Overpass API", "evidence_class": "observed_public_geometry"}}, {"type": "Feature", "id": "osm-substation-83469238", "geometry": {"type": "Point", "coordinates": [27.7172829, -26.3065078]}, "properties": {"osm_id": 83469238, "power": "substation", "name": null, "voltage": "132000", "operator": null, "source": "OpenStreetMap via Overpass API", "evidence_class": "observed_public_geometry"}}, {"type": "Feature", "id": "osm-substation-83489502", "geometry": {"type": "Point", "coordinates": [27.6864445, -26.4032144]}, "properties": {"osm_id": 83489502, "power": "substation", "name": null, "voltage": "132000", "operator": null, "source": "OpenStreetMap via Overpass API", "evidence_class": "observed_public_geometry"}}, {"type": "Feature", "id": "osm-substation-83498777", "geometry": {"type": "Point", "coordinates": [27.7065973, -26.3603659]}, "properties": {"osm_id": 83498777, "power": "substation", "name": null, "voltage": "132000", "operator": null, "source": "OpenStreetMap via Overpass API", "evidence_class": "observed_public_geometry"}}, {"type": "Feature", "id": "osm-substation-83504751", "geometry": {"type": "Point", "coordinates": [27.8070426, -26.2149114]}, "properties": {"osm_id": 83504751, "power": "substation", "name": "Ruggraat Substation", "voltage": "132000", "operator": "Eskom", "source": "OpenStreetMap via Overpass API", "evidence_class": "observed_public_geometry"}}, {"type": "Feature", "id": "osm-substation-83510316", "geometry": {"type": "Point", "coordinates": [27.7550275, -26.1678828]}, "properties": {"osm_id": 83510316, "power": "substation", "name": "Azaadville Substation", "voltage": "88000", "operator": "Eskom", "source": "OpenStreetMap via Overpass API", "evidence_class": "observed_public_geometry"}}, {"type": "Feature", "id": "osm-substation-83510322", "geometry": {"type": "Point", "coordinates": [27.7112724, -26.1921859]}, "properties": {"osm_id": 83510322, "power": "substation", "name": null, "voltage": "132000", "operator": null, "source": "OpenStreetMap via Overpass API", "evidence_class": "observed_public_geometry"}}, {"type": "Feature", "id": "osm-substation-83513507", "geometry": {"type": "Point", "coordinates": [27.6665359, -26.1723588]}, "properties": {"osm_id": 83513507, "power": "substation", "name": "Drowell Substation", "voltage": "88000", "operator": null, "source": "OpenStreetMap via Overpass API", "evidence_class": "observed_public_geometry"}}, {"type": "Feature", "id": "osm-substation-83515537", "geometry": {"type": "Point", "coordinates": [27.6531166, -26.0678897]}, "properties": {"osm_id": 83515537, "power": "substation", "name": null, "voltage": "88000", "operator": null, "source": "OpenStreetMap via Overpass API", "evidence_class": "observed_public_geometry"}}, {"type": "Feature", "id": "osm-substation-83525879", "geometry": {"type": "Point", "coordinates": [28.2762716, -25.9198818]}, "properties": {"osm_id": 83525879, "power": "substation", "name": "Apollo Inverter Station", "voltage": "533000;400000;275000", "operator": "Eskom", "source": "OpenStreetMap via Overpass API", "evidence_class": "observed_public_geometry"}}, {"type": "Feature", "id": "osm-substation-83530394", "geometry": {"type": "Point", "coordinates": [28.2360168, -25.849441]}, "properties": {"osm_id": 83530394, "power": "substation", "name": "Waterkloof Substation", "voltage": "132000", "operator": "Tshwane Electricity", "source": "OpenStreetMap via Overpass API", "evidence_class": "observed_public_geometry"}}, {"type": "Feature", "id": "osm-substation-83537732", "geometry": {"type": "Point", "coordinates": [28.462244, -25.6998615]}, "properties": {"osm_id": 83537732, "power": "substation", "name": "Bynes Substation", "voltage": "132000;88000", "operator": null, "source": "OpenStreetMap via Overpass API", "evidence_class": "observed_public_geometry"}}, {"type": "Feature", "id": "osm-substation-83613557", "geometry": {"type": "Point", "coordinates": [27.996767, -26.2328229]}, "properties": {"osm_id": 83613557, "power": "substation", "name": "Crown Substation", "voltage": "132000", "operator": null, "source": "OpenStreetMap via Overpass API", "evidence_class": "observed_public_geometry"}}, {"type": "Feature", "id": "osm-substation-83888980", "geometry": {"type": "Point", "coordinates": [27.8450984, -26.1730132]}, "properties": {"osm_id": 83888980, "power": "substation", "name": "Princess Substation", "voltage": "275000;88000", "operator": "Eskom", "source": "OpenStreetMap via Overpass API", "evidence_class": "observed_public_geometry"}}, {"type": "Feature", "id": "osm-substation-83889315", "geometry": {"type": "Point", "coordinates": [27.8352922, -26.1837332]}, "properties": {"osm_id": 83889315, "power": "substation", "name": null, "voltage": "88000", "operator": null, "source": "OpenStreetMap via Overpass API", "evidence_class": "observed_public_geometry"}}, {"type": "Feature", "id": "osm-substation-83893980", "geometry": {"type": "Point", "coordinates": [27.8560833, -26.1634337]}, "properties": {"osm_id": 83893980, "power": "substation", "name": "Roodetown Substation", "voltage": "88000", "operator": "City Power", "source": "OpenStreetMap via Overpass API", "evidence_class": "observed_public_geometry"}}, {"type": "Feature", "id": "osm-substation-83913580", "geometry": {"type": "Point", "coordinates": [27.9000426, -26.178585]}, "properties": {"osm_id": 83913580, "power": "substation", "name": "Sentraal Substation", "voltage": "88000", "operator": "City Power", "source": "OpenStreetMap via Overpass API", "evidence_class": "observed_public_geometry"}}, {"type": "Feature", "id": "osm-substation-83913581", "geometry": {"type": "Point", "coordinates": [27.9362243, -26.1968744]}, "properties": {"osm_id": 83913581, "power": "substation", "name": null, "voltage": "88000", "operator": null, "source": "OpenStreetMap via Overpass API", "evidence_class": "observed_public_geometry"}}, {"type": "Feature", "id": "osm-substation-83913582", "geometry": {"type": "Point", "coordinates": [27.8812579, -26.1782475]}, "properties": {"osm_id": 83913582, "power": "substation", "name": "Roode Industries Substation", "voltage": "88000", "operator": null, "source": "OpenStreetMap via Overpass API", "evidence_class": "observed_public_geometry"}}, {"type": "Feature", "id": "osm-substation-83945728", "geometry": {"type": "Point", "coordinates": [27.774136, -26.1112396]}, "properties": {"osm_id": 83945728, "power": "substation", "name": "Krugersdorp Munic Substation", "voltage": "132000", "operator": null, "source": "OpenStreetMap via Overpass API", "evidence_class": "observed_public_geometry"}}, {"type": "Feature", "id": "osm-substation-83945758", "geometry": {"type": "Point", "coordinates": [27.8017284, -26.1503006]}, "properties": {"osm_id": 83945758, "power": "substation", "name": "Chamdor", "voltage": "132000", "operator": null, "source": "OpenStreetMap via Overpass API", "evidence_class": "observed_public_geometry"}}, {"type": "Feature", "id": "osm-substation-83945972", "geometry": {"type": "Point", "coordinates": [27.7547676, -26.1483637]}, "properties": {"osm_id": 83945972, "power": "substation", "name": "Westgate Substation", "voltage": "275000;132000;88000", "operator": "Eskom", "source": "OpenStreetMap via Overpass API", "evidence_class": "observed_public_geometry"}}, {"type": "Feature", "id": "osm-substation-83946135", "geometry": {"type": "Point", "coordinates": [27.7711104, -26.1647381]}, "properties": {"osm_id": 83946135, "power": "substation", "name": null, "voltage": "132000", "operator": null, "source": "OpenStreetMap via Overpass API", "evidence_class": "observed_public_geometry"}}, {"type": "Feature", "id": "osm-substation-83950316", "geometry": {"type": "Point", "coordinates": [28.3550579, -26.1081717]}, "properties": {"osm_id": 83950316, "power": "substation", "name": "Benburg Substation", "voltage": "275000;132000", "operator": "Eskom", "source": "OpenStreetMap via Overpass API", "evidence_class": "observed_public_geometry"}}, {"type": "Feature", "id": "osm-substation-83950321", "geometry": {"type": "Point", "coordinates": [28.3537895, -26.1091711]}, "properties": {"osm_id": 83950321, "power": "substation", "name": null, "voltage": "132000", "operator": null, "source": "OpenStreetMap via Overpass API", "evidence_class": "observed_public_geometry"}}, {"type": "Feature", "id": "osm-substation-83951788", "geometry": {"type": "Point", "coordinates": [28.2685977, -26.0055626]}, "properties": {"osm_id": 83951788, "power": "substation", "name": "Esselen Substation", "voltage": "275000;132000;88000", "operator": "Eskom", "source": "OpenStreetMap via Overpass API", "evidence_class": "observed_public_geometry"}}, {"type": "Feature", "id": "osm-substation-83989313", "geometry": {"type": "Point", "coordinates": [27.7301926, -26.2177426]}, "properties": {"osm_id": 83989313, "power": "substation", "name": "Cooke Plant", "voltage": "132000", "operator": null, "source": "OpenStreetMap via Overpass API", "evidence_class": "observed_public_geometry"}}, {"type": "Feature", "id": "osm-substation-83990886", "geometry": {"type": "Point", "coordinates": [28.1788099, -26.0861173]}, "properties": {"osm_id": 83990886, "power": "substation", "name": null, "voltage": "132000", "operator": "Eskom", "source": "OpenStreetMap via Overpass API", "evidence_class": "observed_public_geometry"}}, {"type": "Feature", "id": "osm-substation-83990887", "geometry": {"type": "Point", "coordinates": [28.2406211, -26.0179819]}, "properties": {"osm_id": 83990887, "power": "substation", "name": null, "voltage": "88000", "operator": null, "source": "OpenStreetMap via Overpass API", "evidence_class": "observed_public_geometry"}}, {"type": "Feature", "id": "osm-substation-83990904", "geometry": {"type": "Point", "coordinates": [28.283309, -26.0224652]}, "properties": {"osm_id": 83990904, "power": "substation", "name": null, "voltage": "88000", "operator": null, "source": "OpenStreetMap via Overpass API", "evidence_class": "observed_public_geometry"}}, {"type": "Feature", "id": "osm-substation-84009581", "geometry": {"type": "Point", "coordinates": [28.1798422, -26.0671753]}, "properties": {"osm_id": 84009581, "power": "substation", "name": "Chloorkop Substation", "voltage": "132000", "operator": null, "source": "OpenStreetMap via Overpass API", "evidence_class": "observed_public_geometry"}}, {"type": "Feature", "id": "osm-substation-84009590", "geometry": {"type": "Point", "coordinates": [28.1786022, -26.0291414]}, "properties": {"osm_id": 84009590, "power": "substation", "name": "Allandale", "voltage": "88000", "operator": "Eskom", "source": "OpenStreetMap via Overpass API", "evidence_class": "observed_public_geometry"}}, {"type": "Feature", "id": "osm-substation-84013288", "geometry": {"type": "Point", "coordinates": [28.2389577, -25.9933862]}, "properties": {"osm_id": 84013288, "power": "substation", "name": null, "voltage": "88000", "operator": null, "source": "OpenStreetMap via Overpass API", "evidence_class": "observed_public_geometry"}}, {"type": "Feature", "id": "osm-substation-84015929", "geometry": {"type": "Point", "coordinates": [28.2817199, -25.9207261]}, "properties": {"osm_id": 84015929, "power": "substation", "name": null, "voltage": null, "operator": "SABS", "source": "OpenStreetMap via Overpass API", "evidence_class": "observed_public_geometry"}}, {"type": "Feature", "id": "osm-substation-84057031", "geometry": {"type": "Point", "coordinates": [27.8001968, -26.214251]}, "properties": {"osm_id": 84057031, "power": "substation", "name": "Doornkop Reduction Substation", "voltage": "132000", "operator": "Eskom", "source": "OpenStreetMap via Overpass API", "evidence_class": "observed_public_geometry"}}, {"type": "Feature", "id": "osm-substation-84084641", "geometry": {"type": "Point", "coordinates": [28.2764283, -26.1535621]}, "properties": {"osm_id": 84084641, "power": "substation", "name": "Witkoppies Substation", "voltage": "132000", "operator": null, "source": "OpenStreetMap via Overpass API", "evidence_class": "observed_public_geometry"}}, {"type": "Feature", "id": "osm-substation-84197350", "geometry": {"type": "Point", "coordinates": [28.1436052, -25.733587]}, "properties": {"osm_id": 84197350, "power": "substation", "name": null, "voltage": "132000", "operator": null, "source": "OpenStreetMap via Overpass API", "evidence_class": "observed_public_geometry"}}, {"type": "Feature", "id": "osm-substation-84197405", "geometry": {"type": "Point", "coordinates": [28.1055418, -25.7575216]}, "properties": {"osm_id": 84197405, "power": "substation", "name": "Kwagga Substation", "voltage": "275000;132000", "operator": "Eskom", "source": "OpenStreetMap via Overpass API", "evidence_class": "observed_public_geometry"}}, {"type": "Feature", "id": "osm-substation-84198429", "geometry": {"type": "Point", "coordinates": [28.1525134, -25.8295431]}, "properties": {"osm_id": 84198429, "power": "substation", "name": "Eldoraigne Substation", "voltage": "132000", "operator": "City of Tshwane", "source": "OpenStreetMap via Overpass API", "evidence_class": "observed_public_geometry"}}, {"type": "Feature", "id": "osm-substation-84198438", "geometry": {"type": "Point", "coordinates": [28.1105623, -25.8470455]}, "properties": {"osm_id": 84198438, "power": "substation", "name": "Raslouw Substation", "voltage": "132000", "operator": "City of Tshwane", "source": "OpenStreetMap via Overpass API", "evidence_class": "observed_public_geometry"}}, {"type": "Feature", "id": "osm-substation-84198444", "geometry": {"type": "Point", "coordinates": [28.1121625, -25.7702895]}, "properties": {"osm_id": 84198444, "power": "substation", "name": null, "voltage": "132000", "operator": null, "source": "OpenStreetMap via Overpass API", "evidence_class": "observed_public_geometry"}}, {"type": "Feature", "id": "osm-substation-84200602", "geometry": {"type": "Point", "coordinates": [28.1048065, -25.7974512]}, "properties": {"osm_id": 84200602, "power": "substation", "name": "Claudius 132 / 11 kV Substation", "voltage": "132000;11000", "operator": null, "source": "OpenStreetMap via Overpass API", "evidence_class": "observed_public_geometry"}}, {"type": "Feature", "id": "osm-substation-84272553", "geometry": {"type": "Point", "coordinates": [28.0758382, -25.7615146]}, "properties": {"osm_id": 84272553, "power": "substation", "name": "Atteridgeville Substation", "voltage": "132000", "operator": null, "source": "OpenStreetMap via Overpass API", "evidence_class": "observed_public_geometry"}}, {"type": "Feature", "id": "osm-substation-84272850", "geometry": {"type": "Point", "coordinates": [28.0314444, -25.7738043]}, "properties": {"osm_id": 84272850, "power": "substation", "name": "Saulsville Substation", "voltage": "132000", "operator": null, "source": "OpenStreetMap via Overpass API", "evidence_class": "observed_public_geometry"}}, {"type": "Feature", "id": "osm-substation-84273851", "geometry": {"type": "Point", "coordinates": [28.1970599, -25.8087141]}, "properties": {"osm_id": 84273851, "power": "substation", "name": "Kloofsig Substation", "voltage": "132000", "operator": "City of Tshwane", "source": "OpenStreetMap via Overpass API", "evidence_class": "observed_public_geometry"}}, {"type": "Feature", "id": "osm-substation-84273857", "geometry": {"type": "Point", "coordinates": [28.1885085, -25.8286476]}, "properties": {"osm_id": 84273857, "power": "substation", "name": "Lyttleton Switchyard", "voltage": "132000", "operator": "City of Tshwane", "source": "OpenStreetMap via Overpass API", "evidence_class": "observed_public_geometry"}}, {"type": "Feature", "id": "osm-substation-84273858", "geometry": {"type": "Point", "coordinates": [28.188282, -25.8295289]}, "properties": {"osm_id": 84273858, "power": "substation", "name": "Die Hoewies", "voltage": "132000", "operator": "City of Tshwane", "source": "OpenStreetMap via Overpass API", "evidence_class": "observed_public_geometry"}}, {"type": "Feature", "id": "osm-substation-84273860", "geometry": {"type": "Point", "coordinates": [28.1549404, -25.8241685]}, "properties": {"osm_id": 84273860, "power": "substation", "name": "Zwatkop Substation", "voltage": "132000", "operator": "Tshwane Electricity", "source": "OpenStreetMap via Overpass API", "evidence_class": "observed_public_geometry"}}, {"type": "Feature", "id": "osm-substation-84274092", "geometry": {"type": "Point", "coordinates": [28.2905189, -25.8482857]}, "properties": {"osm_id": 84274092, "power": "substation", "name": "Njala Substation", "voltage": "275000;132000", "operator": "Eskom", "source": "OpenStreetMap via Overpass API", "evidence_class": "observed_public_geometry"}}, {"type": "Feature", "id": "osm-substation-84274096", "geometry": {"type": "Point", "coordinates": [28.2619757, -25.8227602]}, "properties": {"osm_id": 84274096, "power": "substation", "name": "Wingate Substation", "voltage": "132000", "operator": null, "source": "OpenStreetMap via Overpass API", "evidence_class": "observed_public_geometry"}}, {"type": "Feature", "id": "osm-substation-84360372", "geometry": {"type": "Point", "coordinates": [28.2766379, -25.7911732]}, "properties": {"osm_id": 84360372, "power": "substation", "name": "Highlands Substation", "voltage": "132000", "operator": "City of Tshwane", "source": "OpenStreetMap via Overpass API", "evidence_class": "observed_public_geometry"}}, {"type": "Feature", "id": "osm-substation-84391364", "geometry": {"type": "Point", "coordinates": [28.5383263, -26.2427778]}, "properties": {"osm_id": 84391364, "power": "substation", "name": "Nevis Substation", "voltage": "275000;132000", "operator": "Eskom", "source": "OpenStreetMap via Overpass API", "evidence_class": "observed_public_geometry"}}, {"type": "Feature", "id": "osm-substation-84391368", "geometry": {"type": "Point", "coordinates": [28.5337477, -26.2408437]}, "properties": {"osm_id": 84391368, "power": "substation", "name": null, "voltage": "132000", "operator": null, "source": "OpenStreetMap via Overpass API", "evidence_class": "observed_public_geometry"}}, {"type": "Feature", "id": "osm-substation-84397360", "geometry": {"type": "Point", "coordinates": [28.4331945, -26.1909356]}, "properties": {"osm_id": 84397360, "power": "substation", "name": null, "voltage": null, "operator": null, "source": "OpenStreetMap via Overpass API", "evidence_class": "observed_public_geometry"}}, {"type": "Feature", "id": "osm-substation-84397458", "geometry": {"type": "Point", "coordinates": [28.4324849, -26.1906985]}, "properties": {"osm_id": 84397458, "power": "substation", "name": null, "voltage": "132000", "operator": null, "source": "OpenStreetMap via Overpass API", "evidence_class": "observed_public_geometry"}}, {"type": "Feature", "id": "osm-substation-84525057", "geometry": {"type": "Point", "coordinates": [28.3695444, -25.8696841]}, "properties": {"osm_id": 84525057, "power": "substation", "name": null, "voltage": "88000", "operator": null, "source": "OpenStreetMap via Overpass API", "evidence_class": "observed_public_geometry"}}, {"type": "Feature", "id": "osm-substation-84569471", "geometry": {"type": "Point", "coordinates": [28.344342, -25.7826474]}, "properties": {"osm_id": 84569471, "power": "substation", "name": "Wapadrand Substation", "voltage": "132000", "operator": "Tshwane Electricity", "source": "OpenStreetMap via Overpass API", "evidence_class": "observed_public_geometry"}}, {"type": "Feature", "id": "osm-substation-84569484", "geometry": {"type": "Point", "coordinates": [28.3338007, -25.7191839]}, "properties": {"osm_id": 84569484, "power": "substation", "name": "Waltloo Substation", "voltage": "132000", "operator": "Tshwane Electricity", "source": "OpenStreetMap via Overpass API", "evidence_class": "observed_public_geometry"}}, {"type": "Feature", "id": "osm-substation-84569494", "geometry": {"type": "Point", "coordinates": [28.3286499, -25.8300215]}, "properties": {"osm_id": 84569494, "power": "substation", "name": "Mooikloof Substation", "voltage": "132000", "operator": "Tshwane Electricity", "source": "OpenStreetMap via Overpass API", "evidence_class": "observed_public_geometry"}}, {"type": "Feature", "id": "osm-substation-84571572", "geometry": {"type": "Point", "coordinates": [28.2853793, -25.6944594]}, "properties": {"osm_id": 84571572, "power": "substation", "name": null, "voltage": "132000", "operator": "Tshwane Electricity", "source": "OpenStreetMap via Overpass API", "evidence_class": "observed_public_geometry"}}, {"type": "Feature", "id": "osm-substation-84594177", "geometry": {"type": "Point", "coordinates": [27.8433392, -26.2746872]}, "properties": {"osm_id": 84594177, "power": "substation", "name": "Mapetla Main Substation", "voltage": "132000", "operator": "Eskom", "source": "OpenStreetMap via Overpass API", "evidence_class": "observed_public_geometry"}}, {"type": "Feature", "id": "osm-substation-84653067", "geometry": {"type": "Point", "coordinates": [28.1712942, -25.702306]}, "properties": {"osm_id": 84653067, "power": "substation", "name": "Parktown Substation", "voltage": "132000", "operator": "Tshwane Electricity", "source": "OpenStreetMap via Overpass API", "evidence_class": "observed_public_geometry"}}, {"type": "Feature", "id": "osm-substation-84690851", "geometry": {"type": "Point", "coordinates": [28.0899472, -26.0633321]}, "properties": {"osm_id": 84690851, "power": "substation", "name": null, "voltage": "88000", "operator": null, "source": "OpenStreetMap via Overpass API", "evidence_class": "observed_public_geometry"}}, {"type": "Feature", "id": "osm-substation-84830388", "geometry": {"type": "Point", "coordinates": [28.1008466, -25.5634699]}, "properties": {"osm_id": 84830388, "power": "substation", "name": "Phoebus Substation", "voltage": "132000", "operator": null, "source": "OpenStreetMap via Overpass API", "evidence_class": "observed_public_geometry"}}, {"type": "Feature", "id": "osm-substation-84830391", "geometry": {"type": "Point", "coordinates": [28.1012402, -25.5766992]}, "properties": {"osm_id": 84830391, "power": "substation", "name": null, "voltage": "132000", "operator": null, "source": "OpenStreetMap via Overpass API", "evidence_class": "observed_public_geometry"}}, {"type": "Feature", "id": "osm-substation-84830394", "geometry": {"type": "Point", "coordinates": [28.0835402, -25.6035177]}, "properties": {"osm_id": 84830394, "power": "substation", "name": "K3 Substation", "voltage": "132000", "operator": "City of Tshwane", "source": "OpenStreetMap via Overpass API", "evidence_class": "observed_public_geometry"}}, {"type": "Feature", "id": "osm-substation-84830806", "geometry": {"type": "Point", "coordinates": [28.1274541, -25.5070705]}, "properties": {"osm_id": 84830806, "power": "substation", "name": null, "voltage": "132000", "operator": "City of Tshwane", "source": "OpenStreetMap via Overpass API", "evidence_class": "observed_public_geometry"}}, {"type": "Feature", "id": "osm-substation-84840266", "geometry": {"type": "Point", "coordinates": [28.093084, -25.6611889]}, "properties": {"osm_id": 84840266, "power": "substation", "name": "Orchards Substation", "voltage": "132000", "operator": "City of Tshwane", "source": "OpenStreetMap via Overpass API", "evidence_class": "observed_public_geometry"}}, {"type": "Feature", "id": "osm-substation-84840271", "geometry": {"type": "Point", "coordinates": [28.082536, -25.6591785]}, "properties": {"osm_id": 84840271, "power": "substation", "name": null, "voltage": null, "operator": null, "source": "OpenStreetMap via Overpass API", "evidence_class": "observed_public_geometry"}}, {"type": "Feature", "id": "osm-substation-87404898", "geometry": {"type": "Point", "coordinates": [27.4546535, -26.2177521]}, "properties": {"osm_id": 87404898, "power": "substation", "name": "Pluto Substation", "voltage": "400000;275000", "operator": "Eskom", "source": "OpenStreetMap via Overpass API", "evidence_class": "observed_public_geometry"}}, {"type": "Feature", "id": "osm-substation-87404912", "geometry": {"type": "Point", "coordinates": [27.5903555, -26.1266733]}, "properties": {"osm_id": 87404912, "power": "substation", "name": null, "voltage": "88000", "operator": "Eskom", "source": "OpenStreetMap via Overpass API", "evidence_class": "observed_public_geometry"}}, {"type": "Feature", "id": "osm-substation-87434256", "geometry": {"type": "Point", "coordinates": [27.5147424, -26.3811006]}, "properties": {"osm_id": 87434256, "power": "substation", "name": null, "voltage": "132000", "operator": null, "source": "OpenStreetMap via Overpass API", "evidence_class": "observed_public_geometry"}}, {"type": "Feature", "id": "osm-substation-87434264", "geometry": {"type": "Point", "coordinates": [27.5279027, -26.3871022]}, "properties": {"osm_id": 87434264, "power": "substation", "name": "Midas Substation", "voltage": "400000;132000", "operator": "Eskom", "source": "OpenStreetMap via Overpass API", "evidence_class": "observed_public_geometry"}}, {"type": "Feature", "id": "osm-substation-87452219", "geometry": {"type": "Point", "coordinates": [27.4247276, -26.4048235]}, "properties": {"osm_id": 87452219, "power": "substation", "name": null, "voltage": "132000", "operator": null, "source": "OpenStreetMap via Overpass API", "evidence_class": "observed_public_geometry"}}, {"type": "Feature", "id": "osm-substation-87452224", "geometry": {"type": "Point", "coordinates": [27.4869633, -26.3900827]}, "properties": {"osm_id": 87452224, "power": "substation", "name": null, "voltage": "132000", "operator": null, "source": "OpenStreetMap via Overpass API", "evidence_class": "observed_public_geometry"}}, {"type": "Feature", "id": "osm-substation-87452231", "geometry": {"type": "Point", "coordinates": [27.4288157, -26.4169102]}, "properties": {"osm_id": 87452231, "power": "substation", "name": null, "voltage": "132000", "operator": null, "source": "OpenStreetMap via Overpass API", "evidence_class": "observed_public_geometry"}}, {"type": "Feature", "id": "osm-substation-87633802", "geometry": {"type": "Point", "coordinates": [27.4284844, -26.4354259]}, "properties": {"osm_id": 87633802, "power": "substation", "name": "Western Deep Levels #1 Shaft", "voltage": null, "operator": null, "source": "OpenStreetMap via Overpass API", "evidence_class": "observed_public_geometry"}}, {"type": "Feature", "id": "osm-substation-96494855", "geometry": {"type": "Point", "coordinates": [27.3100751, -24.8325308]}, "properties": {"osm_id": 96494855, "power": "substation", "name": null, "voltage": "132000", "operator": null, "source": "OpenStreetMap via Overpass API", "evidence_class": "observed_public_geometry"}}, {"type": "Feature", "id": "osm-substation-96494856", "geometry": {"type": "Point", "coordinates": [27.3851004, -24.6339548]}, "properties": {"osm_id": 96494856, "power": "substation", "name": null, "voltage": "132000", "operator": null, "source": "OpenStreetMap via Overpass API", "evidence_class": "observed_public_geometry"}}, {"type": "Feature", "id": "osm-substation-96638624", "geometry": {"type": "Point", "coordinates": [29.0192226, -24.1743961]}, "properties": {"osm_id": 96638624, "power": "substation", "name": null, "voltage": "132000", "operator": null, "source": "OpenStreetMap via Overpass API", "evidence_class": "observed_public_geometry"}}, {"type": "Feature", "id": "osm-substation-96638637", "geometry": {"type": "Point", "coordinates": [28.8496614, -24.3886235]}, "properties": {"osm_id": 96638637, "power": "substation", "name": null, "voltage": "132000", "operator": null, "source": "OpenStreetMap via Overpass API", "evidence_class": "observed_public_geometry"}}, {"type": "Feature", "id": "osm-substation-98218556", "geometry": {"type": "Point", "coordinates": [29.1757165, -26.2557155]}, "properties": {"osm_id": 98218556, "power": "substation", "name": null, "voltage": null, "operator": null, "source": "OpenStreetMap via Overpass API", "evidence_class": "observed_public_geometry"}}, {"type": "Feature", "id": "osm-substation-98231311", "geometry": {"type": "Point", "coordinates": [28.494616, -26.7703582]}, "properties": {"osm_id": 98231311, "power": "substation", "name": "Grootvlei Substation", "voltage": "400000;88000", "operator": "Eskom", "source": "OpenStreetMap via Overpass API", "evidence_class": "observed_public_geometry"}}, {"type": "Feature", "id": "osm-substation-98231341", "geometry": {"type": "Point", "coordinates": [27.9756141, -26.7387567]}, "properties": {"osm_id": 98231341, "power": "substation", "name": null, "voltage": "275000", "operator": null, "source": "OpenStreetMap via Overpass API", "evidence_class": "observed_public_geometry"}}, {"type": "Feature", "id": "osm-substation-100523791", "geometry": {"type": "Point", "coordinates": [29.1578407, -26.4618494]}, "properties": {"osm_id": 100523791, "power": "substation", "name": null, "voltage": "132000;88000", "operator": null, "source": "OpenStreetMap via Overpass API", "evidence_class": "observed_public_geometry"}}, {"type": "Feature", "id": "osm-substation-103079596", "geometry": {"type": "Point", "coordinates": [26.7832517, -26.9020317]}, "properties": {"osm_id": 103079596, "power": "substation", "name": "Hermes Substation", "voltage": "400000;132000;88000", "operator": "Eskom", "source": "OpenStreetMap via Overpass API", "evidence_class": "observed_public_geometry"}}, {"type": "Feature", "id": "osm-substation-103364147", "geometry": {"type": "Point", "coordinates": [26.1460675, -26.1787376]}, "properties": {"osm_id": 103364147, "power": "substation", "name": null, "voltage": "132000", "operator": null, "source": "OpenStreetMap via Overpass API", "evidence_class": "observed_public_geometry"}}, {"type": "Feature", "id": "osm-substation-103752489", "geometry": {"type": "Point", "coordinates": [29.2167547, -26.0997411]}, "properties": {"osm_id": 103752489, "power": "substation", "name": null, "voltage": "132000", "operator": null, "source": "OpenStreetMap via Overpass API", "evidence_class": "observed_public_geometry"}}, {"type": "Feature", "id": "osm-substation-105742370", "geometry": {"type": "Point", "coordinates": [28.4009351, -26.4713694]}, "properties": {"osm_id": 105742370, "power": "substation", "name": null, "voltage": "88000", "operator": null, "source": "OpenStreetMap via Overpass API", "evidence_class": "observed_public_geometry"}}, {"type": "Feature", "id": "osm-substation-105742371", "geometry": {"type": "Point", "coordinates": [28.3802334, -26.5408999]}, "properties": {"osm_id": 105742371, "power": "substation", "name": null, "voltage": "88000", "operator": null, "source": "OpenStreetMap via Overpass API", "evidence_class": "observed_public_geometry"}}, {"type": "Feature", "id": "osm-substation-105742381", "geometry": {"type": "Point", "coordinates": [28.4124939, -26.4637733]}, "properties": {"osm_id": 105742381, "power": "substation", "name": null, "voltage": "88000", "operator": null, "source": "OpenStreetMap via Overpass API", "evidence_class": "observed_public_geometry"}}, {"type": "Feature", "id": "osm-substation-105811489", "geometry": {"type": "Point", "coordinates": [28.2946584, -26.2936292]}, "properties": {"osm_id": 105811489, "power": "substation", "name": "SAR Voelfontein Substation", "voltage": "88000", "operator": null, "source": "OpenStreetMap via Overpass API", "evidence_class": "observed_public_geometry"}}, {"type": "Feature", "id": "osm-substation-105811503", "geometry": {"type": "Point", "coordinates": [28.1364462, -26.4480048]}, "properties": {"osm_id": 105811503, "power": "substation", "name": null, "voltage": "88000", "operator": null, "source": "OpenStreetMap via Overpass API", "evidence_class": "observed_public_geometry"}}, {"type": "Feature", "id": "osm-substation-105811508", "geometry": {"type": "Point", "coordinates": [28.1611046, -26.3049618]}, "properties": {"osm_id": 105811508, "power": "substation", "name": "Katlehong Traction Substation", "voltage": "88000", "operator": null, "source": "OpenStreetMap via Overpass API", "evidence_class": "observed_public_geometry"}}, {"type": "Feature", "id": "osm-substation-105811509", "geometry": {"type": "Point", "coordinates": [27.9530611, -26.6406607]}, "properties": {"osm_id": 105811509, "power": "substation", "name": "Verdun Substation", "voltage": "275000;88000", "operator": "Eskom", "source": "OpenStreetMap via Overpass API", "evidence_class": "observed_public_geometry"}}, {"type": "Feature", "id": "osm-substation-105811523", "geometry": {"type": "Point", "coordinates": [27.9868316, -26.604545]}, "properties": {"osm_id": 105811523, "power": "substation", "name": "Glockner Substation", "voltage": "400000;275000", "operator": "Eskom", "source": "OpenStreetMap via Overpass API", "evidence_class": "observed_public_geometry"}}, {"type": "Feature", "id": "osm-substation-105811719", "geometry": {"type": "Point", "coordinates": [27.9369025, -26.6713008]}, "properties": {"osm_id": 105811719, "power": "substation", "name": null, "voltage": "88000", "operator": null, "source": "OpenStreetMap via Overpass API", "evidence_class": "observed_public_geometry"}}, {"type": "Feature", "id": "osm-substation-107948682", "geometry": {"type": "Point", "coordinates": [27.1298233, -26.3659878]}, "properties": {"osm_id": 107948682, "power": "substation", "name": null, "voltage": "132000", "operator": null, "source": "OpenStreetMap via Overpass API", "evidence_class": "observed_public_geometry"}}, {"type": "Feature", "id": "osm-substation-107948692", "geometry": {"type": "Point", "coordinates": [27.1916763, -26.3610582]}, "properties": {"osm_id": 107948692, "power": "substation", "name": null, "voltage": "132000", "operator": null, "source": "OpenStreetMap via Overpass API", "evidence_class": "observed_public_geometry"}}, {"type": "Feature", "id": "osm-substation-107949743", "geometry": {"type": "Point", "coordinates": [26.8307275, -26.8947091]}, "properties": {"osm_id": 107949743, "power": "substation", "name": "Buffelsfontein 10 Shaft", "voltage": "132000", "operator": null, "source": "OpenStreetMap via Overpass API", "evidence_class": "observed_public_geometry"}}, {"type": "Feature", "id": "osm-substation-107949744", "geometry": {"type": "Point", "coordinates": [26.7866536, -26.9078539]}, "properties": {"osm_id": 107949744, "power": "substation", "name": null, "voltage": "132000;88000", "operator": null, "source": "OpenStreetMap via Overpass API", "evidence_class": "observed_public_geometry"}}, {"type": "Feature", "id": "osm-substation-108032724", "geometry": {"type": "Point", "coordinates": [28.5049023, -20.2394871]}, "properties": {"osm_id": 108032724, "power": "substation", "name": "Insukamini Substation", "voltage": "400000;330000;88000", "operator": null, "source": "OpenStreetMap via Overpass API", "evidence_class": "observed_public_geometry"}}, {"type": "Feature", "id": "osm-substation-113202996", "geometry": {"type": "Point", "coordinates": [27.9804796, -25.9811831]}, "properties": {"osm_id": 113202996, "power": "substation", "name": null, "voltage": "88000", "operator": null, "source": "OpenStreetMap via Overpass API", "evidence_class": "observed_public_geometry"}}, {"type": "Feature", "id": "osm-substation-114917791", "geometry": {"type": "Point", "coordinates": [28.1552064, -26.225608]}, "properties": {"osm_id": 114917791, "power": "substation", "name": "Sisimuka Substation", "voltage": "88000", "operator": null, "source": "OpenStreetMap via Overpass API", "evidence_class": "observed_public_geometry"}}, {"type": "Feature", "id": "osm-substation-119997036", "geometry": {"type": "Point", "coordinates": [28.3089901, -26.1415784]}, "properties": {"osm_id": 119997036, "power": "substation", "name": null, "voltage": null, "operator": null, "source": "OpenStreetMap via Overpass API", "evidence_class": "observed_public_geometry"}}, {"type": "Feature", "id": "osm-substation-122618011", "geometry": {"type": "Point", "coordinates": [28.2213206, -26.1719281]}, "properties": {"osm_id": 122618011, "power": "substation", "name": null, "voltage": null, "operator": null, "source": "OpenStreetMap via Overpass API", "evidence_class": "observed_public_geometry"}}, {"type": "Feature", "id": "osm-substation-122619538", "geometry": {"type": "Point", "coordinates": [28.1560053, -26.055148]}, "properties": {"osm_id": 122619538, "power": "substation", "name": null, "voltage": null, "operator": null, "source": "OpenStreetMap via Overpass API", "evidence_class": "observed_public_geometry"}}, {"type": "Feature", "id": "osm-substation-133262613", "geometry": {"type": "Point", "coordinates": [28.1393272, -26.2292267]}, "properties": {"osm_id": 133262613, "power": "substation", "name": null, "voltage": "88000", "operator": null, "source": "OpenStreetMap via Overpass API", "evidence_class": "observed_public_geometry"}}, {"type": "Feature", "id": "osm-substation-135586076", "geometry": {"type": "Point", "coordinates": [28.1405868, -26.2968197]}, "properties": {"osm_id": 135586076, "power": "substation", "name": null, "voltage": "88000", "operator": null, "source": "OpenStreetMap via Overpass API", "evidence_class": "observed_public_geometry"}}, {"type": "Feature", "id": "osm-substation-136695851", "geometry": {"type": "Point", "coordinates": [28.3696663, -26.5002537]}, "properties": {"osm_id": 136695851, "power": "substation", "name": null, "voltage": "88000", "operator": null, "source": "OpenStreetMap via Overpass API", "evidence_class": "observed_public_geometry"}}, {"type": "Feature", "id": "osm-substation-136695852", "geometry": {"type": "Point", "coordinates": [28.446416, -26.3879639]}, "properties": {"osm_id": 136695852, "power": "substation", "name": null, "voltage": null, "operator": null, "source": "OpenStreetMap via Overpass API", "evidence_class": "observed_public_geometry"}}, {"type": "Feature", "id": "osm-substation-136695854", "geometry": {"type": "Point", "coordinates": [28.1502614, -26.5318694]}, "properties": {"osm_id": 136695854, "power": "substation", "name": "Snowdon Substation", "voltage": "275000;88000", "operator": "Eskom", "source": "OpenStreetMap via Overpass API", "evidence_class": "observed_public_geometry"}}, {"type": "Feature", "id": "osm-substation-136695855", "geometry": {"type": "Point", "coordinates": [28.4596569, -26.3206056]}, "properties": {"osm_id": 136695855, "power": "substation", "name": "Pieterboth Substation", "voltage": "275000;132000", "operator": "Eskom", "source": "OpenStreetMap via Overpass API", "evidence_class": "observed_public_geometry"}}, {"type": "Feature", "id": "osm-substation-136866401", "geometry": {"type": "Point", "coordinates": [28.4663658, -26.1035399]}, "properties": {"osm_id": 136866401, "power": "substation", "name": null, "voltage": "88000", "operator": null, "source": "OpenStreetMap via Overpass API", "evidence_class": "observed_public_geometry"}}, {"type": "Feature", "id": "osm-substation-137340049", "geometry": {"type": "Point", "coordinates": [28.4007526, -25.8341093]}, "properties": {"osm_id": 137340049, "power": "substation", "name": "HVDC Cahora Bassa - Ground Electrode South Africa", "voltage": null, "operator": null, "source": "OpenStreetMap via Overpass API", "evidence_class": "observed_public_geometry"}}, {"type": "Feature", "id": "osm-substation-137648107", "geometry": {"type": "Point", "coordinates": [28.4363388, -25.7635904]}, "properties": {"osm_id": 137648107, "power": "substation", "name": null, "voltage": "88000", "operator": null, "source": "OpenStreetMap via Overpass API", "evidence_class": "observed_public_geometry"}}, {"type": "Feature", "id": "osm-substation-139248414", "geometry": {"type": "Point", "coordinates": [28.4960135, -26.0761313]}, "properties": {"osm_id": 139248414, "power": "substation", "name": null, "voltage": "88000", "operator": null, "source": "OpenStreetMap via Overpass API", "evidence_class": "observed_public_geometry"}}, {"type": "Feature", "id": "osm-substation-139268615", "geometry": {"type": "Point", "coordinates": [28.4140272, -26.024536]}, "properties": {"osm_id": 139268615, "power": "substation", "name": null, "voltage": "88000", "operator": null, "source": "OpenStreetMap via Overpass API", "evidence_class": "observed_public_geometry"}}, {"type": "Feature", "id": "osm-substation-139268618", "geometry": {"type": "Point", "coordinates": [28.3099699, -26.0227838]}, "properties": {"osm_id": 139268618, "power": "substation", "name": null, "voltage": null, "operator": null, "source": "OpenStreetMap via Overpass API", "evidence_class": "observed_public_geometry"}}, {"type": "Feature", "id": "osm-substation-143732630", "geometry": {"type": "Point", "coordinates": [27.2484889, -25.1432774]}, "properties": {"osm_id": 143732630, "power": "substation", "name": null, "voltage": "88000", "operator": null, "source": "OpenStreetMap via Overpass API", "evidence_class": "observed_public_geometry"}}, {"type": "Feature", "id": "osm-substation-143732632", "geometry": {"type": "Point", "coordinates": [27.166388, -25.3945063]}, "properties": {"osm_id": 143732632, "power": "substation", "name": null, "voltage": "88000", "operator": null, "source": "OpenStreetMap via Overpass API", "evidence_class": "observed_public_geometry"}}, {"type": "Feature", "id": "osm-substation-148016936", "geometry": {"type": "Point", "coordinates": [27.9488766, -26.6472653]}, "properties": {"osm_id": 148016936, "power": "substation", "name": null, "voltage": "88000", "operator": null, "source": "OpenStreetMap via Overpass API", "evidence_class": "observed_public_geometry"}}, {"type": "Feature", "id": "osm-substation-148918131", "geometry": {"type": "Point", "coordinates": [28.6232353, -20.1227398]}, "properties": {"osm_id": 148918131, "power": "substation", "name": null, "voltage": "88000", "operator": null, "source": "OpenStreetMap via Overpass API", "evidence_class": "observed_public_geometry"}}, {"type": "Feature", "id": "osm-substation-148918132", "geometry": {"type": "Point", "coordinates": [28.6249873, -20.1250783]}, "properties": {"osm_id": 148918132, "power": "substation", "name": "Marvel", "voltage": "400000", "operator": null, "source": "OpenStreetMap via Overpass API", "evidence_class": "observed_public_geometry"}}, {"type": "Feature", "id": "osm-substation-149126524", "geometry": {"type": "Point", "coordinates": [27.8059557, -26.6658398]}, "properties": {"osm_id": 149126524, "power": "substation", "name": "Olympus Substation", "voltage": "275000;132000", "operator": "Eskom", "source": "OpenStreetMap via Overpass API", "evidence_class": "observed_public_geometry"}}, {"type": "Feature", "id": "osm-substation-155192303", "geometry": {"type": "Point", "coordinates": [28.1826146, -25.983046]}, "properties": {"osm_id": 155192303, "power": "substation", "name": null, "voltage": "88000", "operator": null, "source": "OpenStreetMap via Overpass API", "evidence_class": "observed_public_geometry"}}, {"type": "Feature", "id": "osm-substation-158188173", "geometry": {"type": "Point", "coordinates": [27.9992166, -26.0964642]}, "properties": {"osm_id": 158188173, "power": "substation", "name": "Harley Street Substation", "voltage": "88000", "operator": "City Power", "source": "OpenStreetMap via Overpass API", "evidence_class": "observed_public_geometry"}}, {"type": "Feature", "id": "osm-substation-167017196", "geometry": {"type": "Point", "coordinates": [28.5391464, -25.6867425]}, "properties": {"osm_id": 167017196, "power": "substation", "name": "Zonderwater Substation", "voltage": "88000", "operator": null, "source": "OpenStreetMap via Overpass API", "evidence_class": "observed_public_geometry"}}, {"type": "Feature", "id": "osm-substation-168203870", "geometry": {"type": "Point", "coordinates": [28.1797305, -25.7361811]}, "properties": {"osm_id": 168203870, "power": "substation", "name": "Bellom Substation", "voltage": "132000", "operator": "Tshwane Electricity", "source": "OpenStreetMap via Overpass API", "evidence_class": "observed_public_geometry"}}, {"type": "Feature", "id": "osm-substation-170672049", "geometry": {"type": "Point", "coordinates": [29.1019031, -25.8284574]}, "properties": {"osm_id": 170672049, "power": "substation", "name": null, "voltage": "132000", "operator": null, "source": "OpenStreetMap via Overpass API", "evidence_class": "observed_public_geometry"}}, {"type": "Feature", "id": "osm-substation-170672051", "geometry": {"type": "Point", "coordinates": [29.1101994, -25.8295923]}, "properties": {"osm_id": 170672051, "power": "substation", "name": "Vulcan Substation", "voltage": "400000;132000", "operator": "Eskom", "source": "OpenStreetMap via Overpass API", "evidence_class": "observed_public_geometry"}}, {"type": "Feature", "id": "osm-substation-170672055", "geometry": {"type": "Point", "coordinates": [29.1706343, -25.917556]}, "properties": {"osm_id": 170672055, "power": "substation", "name": null, "voltage": "132000", "operator": null, "source": "OpenStreetMap via Overpass API", "evidence_class": "observed_public_geometry"}}, {"type": "Feature", "id": "osm-substation-173944317", "geometry": {"type": "Point", "coordinates": [27.0288074, -26.7399258]}, "properties": {"osm_id": 173944317, "power": "substation", "name": null, "voltage": "132000;88000", "operator": null, "source": "OpenStreetMap via Overpass API", "evidence_class": "observed_public_geometry"}}, {"type": "Feature", "id": "osm-substation-173946676", "geometry": {"type": "Point", "coordinates": [27.1034498, -26.7243758]}, "properties": {"osm_id": 173946676, "power": "substation", "name": null, "voltage": null, "operator": null, "source": "OpenStreetMap via Overpass API", "evidence_class": "observed_public_geometry"}}, {"type": "Feature", "id": "osm-substation-176940672", "geometry": {"type": "Point", "coordinates": [27.5083537, -25.6824126]}, "properties": {"osm_id": 176940672, "power": "substation", "name": "BigHorn Substation", "voltage": "400000;275000;132000;88000", "operator": "Eskom", "source": "OpenStreetMap via Overpass API", "evidence_class": "observed_public_geometry"}}, {"type": "Feature", "id": "osm-substation-176940679", "geometry": {"type": "Point", "coordinates": [27.5562314, -25.7435008]}, "properties": {"osm_id": 176940679, "power": "substation", "name": null, "voltage": null, "operator": null, "source": "OpenStreetMap via Overpass API", "evidence_class": "observed_public_geometry"}}, {"type": "Feature", "id": "osm-substation-177205637", "geometry": {"type": "Point", "coordinates": [27.5693346, -23.6557373]}, "properties": {"osm_id": 177205637, "power": "substation", "name": null, "voltage": "132000", "operator": null, "source": "OpenStreetMap via Overpass API", "evidence_class": "observed_public_geometry"}}, {"type": "Feature", "id": "osm-substation-177624664", "geometry": {"type": "Point", "coordinates": [28.2444173, -25.8631685]}, "properties": {"osm_id": 177624664, "power": "substation", "name": "Cornwall Hill Substation", "voltage": "132000", "operator": "Tshwane Electricity", "source": "OpenStreetMap via Overpass API", "evidence_class": "observed_public_geometry"}}, {"type": "Feature", "id": "osm-substation-178240537", "geometry": {"type": "Point", "coordinates": [27.6653003, -26.4489628]}, "properties": {"osm_id": 178240537, "power": "substation", "name": null, "voltage": null, "operator": null, "source": "OpenStreetMap via Overpass API", "evidence_class": "observed_public_geometry"}}, {"type": "Feature", "id": "osm-substation-178240540", "geometry": {"type": "Point", "coordinates": [27.6641877, -26.4487383]}, "properties": {"osm_id": 178240540, "power": "substation", "name": null, "voltage": "275000", "operator": null, "source": "OpenStreetMap via Overpass API", "evidence_class": "observed_public_geometry"}}, {"type": "Feature", "id": "osm-substation-178240542", "geometry": {"type": "Point", "coordinates": [27.6644116, -26.4499961]}, "properties": {"osm_id": 178240542, "power": "substation", "name": "Hera Substation", "voltage": "400000;275000", "operator": "Eskom", "source": "OpenStreetMap via Overpass API", "evidence_class": "observed_public_geometry"}}, {"type": "Feature", "id": "osm-substation-178240552", "geometry": {"type": "Point", "coordinates": [27.6616621, -26.4478572]}, "properties": {"osm_id": 178240552, "power": "substation", "name": "Bernina Substation", "voltage": "275000;132000", "operator": "Eskom", "source": "OpenStreetMap via Overpass API", "evidence_class": "observed_public_geometry"}}, {"type": "Feature", "id": "osm-substation-178240666", "geometry": {"type": "Point", "coordinates": [27.5954807, -26.4040782]}, "properties": {"osm_id": 178240666, "power": "substation", "name": "Kloof Main", "voltage": "132000", "operator": "Eskom Distribution", "source": "OpenStreetMap via Overpass API", "evidence_class": "observed_public_geometry"}}, {"type": "Feature", "id": "osm-substation-178240758", "geometry": {"type": "Point", "coordinates": [27.5671212, -26.442784]}, "properties": {"osm_id": 178240758, "power": "substation", "name": null, "voltage": "132000", "operator": "Eskom Distribution", "source": "OpenStreetMap via Overpass API", "evidence_class": "observed_public_geometry"}}, {"type": "Feature", "id": "osm-substation-178248302", "geometry": {"type": "Point", "coordinates": [27.9875612, -26.5878997]}, "properties": {"osm_id": 178248302, "power": "substation", "name": "Kookfontein Substation", "voltage": "275000;88000", "operator": "Eskom", "source": "OpenStreetMap via Overpass API", "evidence_class": "observed_public_geometry"}}, {"type": "Feature", "id": "osm-substation-178252027", "geometry": {"type": "Point", "coordinates": [27.7620127, -26.675873]}, "properties": {"osm_id": 178252027, "power": "substation", "name": null, "voltage": "132000", "operator": null, "source": "OpenStreetMap via Overpass API", "evidence_class": "observed_public_geometry"}}, {"type": "Feature", "id": "osm-substation-178252032", "geometry": {"type": "Point", "coordinates": [27.6378164, -26.8123127]}, "properties": {"osm_id": 178252032, "power": "substation", "name": "Scafell Substation", "voltage": "275000;132000", "operator": "Eskom", "source": "OpenStreetMap via Overpass API", "evidence_class": "observed_public_geometry"}}, {"type": "Feature", "id": "osm-substation-178944143", "geometry": {"type": "Point", "coordinates": [28.0262386, -26.2078478]}, "properties": {"osm_id": 178944143, "power": "substation", "name": "Fordsburg Substation", "voltage": "275000;88000", "operator": "Eskom", "source": "OpenStreetMap via Overpass API", "evidence_class": "observed_public_geometry"}}, {"type": "Feature", "id": "osm-substation-178950118", "geometry": {"type": "Point", "coordinates": [28.0158231, -26.0939505]}, "properties": {"osm_id": 178950118, "power": "substation", "name": "Craighall Main Transmission Substation", "voltage": "275000;88000", "operator": "Eskom", "source": "OpenStreetMap via Overpass API", "evidence_class": "observed_public_geometry"}}, {"type": "Feature", "id": "osm-substation-178968761", "geometry": {"type": "Point", "coordinates": [29.0895071, -26.6957024]}, "properties": {"osm_id": 178968761, "power": "substation", "name": "Zeus Substation", "voltage": "765000;400000", "operator": "Eskom", "source": "OpenStreetMap via Overpass API", "evidence_class": "observed_public_geometry"}}, {"type": "Feature", "id": "osm-substation-178983951", "geometry": {"type": "Point", "coordinates": [28.2921993, -25.4155737]}, "properties": {"osm_id": 178983951, "power": "substation", "name": "Pelly Substation", "voltage": "275000;132000", "operator": "Eskom", "source": "OpenStreetMap via Overpass API", "evidence_class": "observed_public_geometry"}}, {"type": "Feature", "id": "osm-substation-179136372", "geometry": {"type": "Point", "coordinates": [29.3088872, -26.7363274]}, "properties": {"osm_id": 179136372, "power": "substation", "name": "New Denmark", "voltage": "132000", "operator": null, "source": "OpenStreetMap via Overpass API", "evidence_class": "observed_public_geometry"}}, {"type": "Feature", "id": "osm-substation-179136373", "geometry": {"type": "Point", "coordinates": [29.3971309, -26.8054143]}, "properties": {"osm_id": 179136373, "power": "substation", "name": "Alpha", "voltage": "765000;400000", "operator": "Eskom", "source": "OpenStreetMap via Overpass API", "evidence_class": "observed_public_geometry"}}, {"type": "Feature", "id": "osm-substation-179140081", "geometry": {"type": "Point", "coordinates": [29.117846, -26.5391053]}, "properties": {"osm_id": 179140081, "power": "substation", "name": "Sol Substation", "voltage": "400000;132000", "operator": "Eskom", "source": "OpenStreetMap via Overpass API", "evidence_class": "observed_public_geometry"}}, {"type": "Feature", "id": "osm-substation-179488572", "geometry": {"type": "Point", "coordinates": [27.7860187, -21.9574433]}, "properties": {"osm_id": 179488572, "power": "substation", "name": "Phokoje Substation", "voltage": "400000;220000", "operator": "Botswana Power", "source": "OpenStreetMap via Overpass API", "evidence_class": "observed_public_geometry"}}, {"type": "Feature", "id": "osm-substation-179490334", "geometry": {"type": "Point", "coordinates": [27.745159, -21.2270183]}, "properties": {"osm_id": 179490334, "power": "substation", "name": "Tati Substation", "voltage": "220000", "operator": "Botswana Power", "source": "OpenStreetMap via Overpass API", "evidence_class": "observed_public_geometry"}}, {"type": "Feature", "id": "osm-substation-179490336", "geometry": {"type": "Point", "coordinates": [27.5504427, -21.1670624]}, "properties": {"osm_id": 179490336, "power": "substation", "name": "Francistown Substation", "voltage": "220000", "operator": "Botswana Power", "source": "OpenStreetMap via Overpass API", "evidence_class": "observed_public_geometry"}}, {"type": "Feature", "id": "osm-substation-179496196", "geometry": {"type": "Point", "coordinates": [27.857119, -21.9397595]}, "properties": {"osm_id": 179496196, "power": "substation", "name": "Selebi Pikwe Substation", "voltage": "220000", "operator": "Botswana Power", "source": "OpenStreetMap via Overpass API", "evidence_class": "observed_public_geometry"}}, {"type": "Feature", "id": "osm-substation-179496197", "geometry": {"type": "Point", "coordinates": [25.3799538, -21.3169514]}, "properties": {"osm_id": 179496197, "power": "substation", "name": "Orapa Substation", "voltage": "220000", "operator": "Botswana Power", "source": "OpenStreetMap via Overpass API", "evidence_class": "observed_public_geometry"}}, {"type": "Feature", "id": "osm-substation-179496198", "geometry": {"type": "Point", "coordinates": [27.3026028, -21.9441172]}, "properties": {"osm_id": 179496198, "power": "substation", "name": "Serule Substation", "voltage": "220000", "operator": "Botswana Power", "source": "OpenStreetMap via Overpass API", "evidence_class": "observed_public_geometry"}}, {"type": "Feature", "id": "osm-substation-179496200", "geometry": {"type": "Point", "coordinates": [27.5035415, -21.1835592]}, "properties": {"osm_id": 179496200, "power": "substation", "name": null, "voltage": "132000", "operator": null, "source": "OpenStreetMap via Overpass API", "evidence_class": "observed_public_geometry"}}, {"type": "Feature", "id": "osm-substation-179496202", "geometry": {"type": "Point", "coordinates": [27.5526045, -21.1690925]}, "properties": {"osm_id": 179496202, "power": "substation", "name": null, "voltage": null, "operator": null, "source": "OpenStreetMap via Overpass API", "evidence_class": "observed_public_geometry"}}, {"type": "Feature", "id": "osm-substation-179496204", "geometry": {"type": "Point", "coordinates": [25.4169798, -21.3156622]}, "properties": {"osm_id": 179496204, "power": "substation", "name": "Orapa Substation", "voltage": "220000", "operator": "Botswana Power", "source": "OpenStreetMap via Overpass API", "evidence_class": "observed_public_geometry"}}, {"type": "Feature", "id": "osm-substation-179496205", "geometry": {"type": "Point", "coordinates": [27.8479626, -21.9371616]}, "properties": {"osm_id": 179496205, "power": "substation", "name": null, "voltage": "66000", "operator": null, "source": "OpenStreetMap via Overpass API", "evidence_class": "observed_public_geometry"}}, {"type": "Feature", "id": "osm-substation-179509359", "geometry": {"type": "Point", "coordinates": [27.038163, -22.5211493]}, "properties": {"osm_id": 179509359, "power": "substation", "name": null, "voltage": "220000", "operator": null, "source": "OpenStreetMap via Overpass API", "evidence_class": "observed_public_geometry"}}, {"type": "Feature", "id": "osm-substation-179516901", "geometry": {"type": "Point", "coordinates": [25.9178411, -24.5938542]}, "properties": {"osm_id": 179516901, "power": "substation", "name": "Airport Road Substation", "voltage": "132000", "operator": "Botswana Power", "source": "OpenStreetMap via Overpass API", "evidence_class": "observed_public_geometry"}}, {"type": "Feature", "id": "osm-substation-180606809", "geometry": {"type": "Point", "coordinates": [26.7727321, -26.8361325]}, "properties": {"osm_id": 180606809, "power": "substation", "name": null, "voltage": null, "operator": "National Transmission Company South Africa SOC Ltd", "source": "OpenStreetMap via Overpass API", "evidence_class": "observed_public_geometry"}}, {"type": "Feature", "id": "osm-substation-182253896", "geometry": {"type": "Point", "coordinates": [27.1869346, -25.5629589]}, "properties": {"osm_id": 182253896, "power": "substation", "name": "Ararat Substation", "voltage": "275000;88000", "operator": "Eskom", "source": "OpenStreetMap via Overpass API", "evidence_class": "observed_public_geometry"}}, {"type": "Feature", "id": "osm-substation-182262936", "geometry": {"type": "Point", "coordinates": [27.1834371, -25.6349357]}, "properties": {"osm_id": 182262936, "power": "substation", "name": "Trident Substation", "voltage": "275000;88000", "operator": "Eskom", "source": "OpenStreetMap via Overpass API", "evidence_class": "observed_public_geometry"}}, {"type": "Feature", "id": "osm-substation-182262939", "geometry": {"type": "Point", "coordinates": [27.2900011, -25.5666903]}, "properties": {"osm_id": 182262939, "power": "substation", "name": null, "voltage": null, "operator": null, "source": "OpenStreetMap via Overpass API", "evidence_class": "observed_public_geometry"}}, {"type": "Feature", "id": "osm-substation-182262941", "geometry": {"type": "Point", "coordinates": [27.3319698, -25.6747773]}, "properties": {"osm_id": 182262941, "power": "substation", "name": null, "voltage": "88000", "operator": null, "source": "OpenStreetMap via Overpass API", "evidence_class": "observed_public_geometry"}}, {"type": "Feature", "id": "osm-substation-182408077", "geometry": {"type": "Point", "coordinates": [27.3058625, -26.4231809]}, "properties": {"osm_id": 182408077, "power": "substation", "name": "Carmel Substation", "voltage": "275000;132000", "operator": "Eskom", "source": "OpenStreetMap via Overpass API", "evidence_class": "observed_public_geometry"}}, {"type": "Feature", "id": "osm-substation-182408147", "geometry": {"type": "Point", "coordinates": [27.6152476, -23.6681622]}, "properties": {"osm_id": 182408147, "power": "substation", "name": "Matimba Substation", "voltage": "400000;132000", "operator": "Eskom", "source": "OpenStreetMap via Overpass API", "evidence_class": "observed_public_geometry"}}, {"type": "Feature", "id": "osm-substation-182408156", "geometry": {"type": "Point", "coordinates": [27.4088732, -26.2235954]}, "properties": {"osm_id": 182408156, "power": "substation", "name": null, "voltage": "132000", "operator": null, "source": "OpenStreetMap via Overpass API", "evidence_class": "observed_public_geometry"}}, {"type": "Feature", "id": "osm-substation-182459946", "geometry": {"type": "Point", "coordinates": [28.6685851, -24.6038608]}, "properties": {"osm_id": 182459946, "power": "substation", "name": null, "voltage": "132000", "operator": null, "source": "OpenStreetMap via Overpass API", "evidence_class": "observed_public_geometry"}}, {"type": "Feature", "id": "osm-substation-184201271", "geometry": {"type": "Point", "coordinates": [27.3347815, -25.6130676]}, "properties": {"osm_id": 184201271, "power": "substation", "name": "Marang Substation", "voltage": "400000;88000", "operator": "Eskom", "source": "OpenStreetMap via Overpass API", "evidence_class": "observed_public_geometry"}}, {"type": "Feature", "id": "osm-substation-184205970", "geometry": {"type": "Point", "coordinates": [26.4930336, -24.6330868]}, "properties": {"osm_id": 184205970, "power": "substation", "name": null, "voltage": "132000", "operator": null, "source": "OpenStreetMap via Overpass API", "evidence_class": "observed_public_geometry"}}, {"type": "Feature", "id": "osm-substation-184212847", "geometry": {"type": "Point", "coordinates": [26.8381315, -24.8119311]}, "properties": {"osm_id": 184212847, "power": "substation", "name": "Dwaalboom Switching Station", "voltage": "132000", "operator": null, "source": "OpenStreetMap via Overpass API", "evidence_class": "observed_public_geometry"}}, {"type": "Feature", "id": "osm-substation-184336448", "geometry": {"type": "Point", "coordinates": [26.1439862, -26.0907672]}, "properties": {"osm_id": 184336448, "power": "substation", "name": "Watershed Substation", "voltage": "275000;132000;88000", "operator": "Eskom", "source": "OpenStreetMap via Overpass API", "evidence_class": "observed_public_geometry"}}, {"type": "Feature", "id": "osm-substation-184552955", "geometry": {"type": "Point", "coordinates": [29.3566763, -24.0439315]}, "properties": {"osm_id": 184552955, "power": "substation", "name": "Witkop Substation", "voltage": "400000;275000;132000", "operator": "Eskom", "source": "OpenStreetMap via Overpass API", "evidence_class": "observed_public_geometry"}}, {"type": "Feature", "id": "osm-substation-184581460", "geometry": {"type": "Point", "coordinates": [27.8538106, -25.5795701]}, "properties": {"osm_id": 184581460, "power": "substation", "name": "Dinaledi Substation", "voltage": "400000;132000", "operator": "Eskom", "source": "OpenStreetMap via Overpass API", "evidence_class": "observed_public_geometry"}}, {"type": "Feature", "id": "osm-substation-184588021", "geometry": {"type": "Point", "coordinates": [27.9903883, -25.5868399]}, "properties": {"osm_id": 184588021, "power": "substation", "name": null, "voltage": "132000", "operator": null, "source": "OpenStreetMap via Overpass API", "evidence_class": "observed_public_geometry"}}, {"type": "Feature", "id": "osm-substation-184642464", "geometry": {"type": "Point", "coordinates": [29.0173836, -24.163998]}, "properties": {"osm_id": 184642464, "power": "substation", "name": null, "voltage": "132000", "operator": null, "source": "OpenStreetMap via Overpass API", "evidence_class": "observed_public_geometry"}}, {"type": "Feature", "id": "osm-substation-184646329", "geometry": {"type": "Point", "coordinates": [28.2961201, -24.9203838]}, "properties": {"osm_id": 184646329, "power": "substation", "name": null, "voltage": "132000", "operator": null, "source": "OpenStreetMap via Overpass API", "evidence_class": "observed_public_geometry"}}, {"type": "Feature", "id": "osm-substation-185171518", "geometry": {"type": "Point", "coordinates": [29.3364304, -25.9599083]}, "properties": {"osm_id": 185171518, "power": "substation", "name": null, "voltage": "400000", "operator": null, "source": "OpenStreetMap via Overpass API", "evidence_class": "observed_public_geometry"}}, {"type": "Feature", "id": "osm-substation-185481654", "geometry": {"type": "Point", "coordinates": [29.0925296, -26.2099292]}, "properties": {"osm_id": 185481654, "power": "substation", "name": "Kruispunt Substation", "voltage": "275000;132000", "operator": "Eskom", "source": "OpenStreetMap via Overpass API", "evidence_class": "observed_public_geometry"}}, {"type": "Feature", "id": "osm-substation-185496534", "geometry": {"type": "Point", "coordinates": [29.4219558, -26.0139127]}, "properties": {"osm_id": 185496534, "power": "substation", "name": null, "voltage": "132000", "operator": null, "source": "OpenStreetMap via Overpass API", "evidence_class": "observed_public_geometry"}}, {"type": "Feature", "id": "osm-substation-185497473", "geometry": {"type": "Point", "coordinates": [28.9701364, -26.0866977]}, "properties": {"osm_id": 185497473, "power": "substation", "name": null, "voltage": "400000", "operator": null, "source": "OpenStreetMap via Overpass API", "evidence_class": "observed_public_geometry"}}, {"type": "Feature", "id": "osm-substation-187432497", "geometry": {"type": "Point", "coordinates": [27.939268, -25.8023374]}, "properties": {"osm_id": 187432497, "power": "substation", "name": "Lomond Substation", "voltage": "275000;88000", "operator": "Eskom", "source": "OpenStreetMap via Overpass API", "evidence_class": "observed_public_geometry"}}, {"type": "Feature", "id": "osm-substation-189739076", "geometry": {"type": "Point", "coordinates": [27.9097048, -26.8235143]}, "properties": {"osm_id": 189739076, "power": "substation", "name": "Makalu Substation", "voltage": "275000;88000", "operator": "Eskom", "source": "OpenStreetMap via Overpass API", "evidence_class": "observed_public_geometry"}}, {"type": "Feature", "id": "osm-substation-191278638", "geometry": {"type": "Point", "coordinates": [28.2925715, -25.2264158]}, "properties": {"osm_id": 191278638, "power": "substation", "name": "Pienaarsrivier", "voltage": "132000", "operator": "Eskom", "source": "OpenStreetMap via Overpass API", "evidence_class": "observed_public_geometry"}}, {"type": "Feature", "id": "osm-substation-191282757", "geometry": {"type": "Point", "coordinates": [28.2530013, -25.3954569]}, "properties": {"osm_id": 191282757, "power": "substation", "name": "Temba Main Substation", "voltage": "132000", "operator": "Eskom", "source": "OpenStreetMap via Overpass API", "evidence_class": "observed_public_geometry"}}, {"type": "Feature", "id": "osm-substation-191282758", "geometry": {"type": "Point", "coordinates": [28.2808023, -25.3565624]}, "properties": {"osm_id": 191282758, "power": "substation", "name": "Babelegi Main Substation", "voltage": "132000", "operator": "Eskom", "source": "OpenStreetMap via Overpass API", "evidence_class": "observed_public_geometry"}}, {"type": "Feature", "id": "osm-substation-191282760", "geometry": {"type": "Point", "coordinates": [28.2519542, -25.3796289]}, "properties": {"osm_id": 191282760, "power": "substation", "name": "Kudube Substation", "voltage": "33000", "operator": "Eskom", "source": "OpenStreetMap via Overpass API", "evidence_class": "observed_public_geometry"}}, {"type": "Feature", "id": "osm-substation-191290146", "geometry": {"type": "Point", "coordinates": [28.24963, -25.5317254]}, "properties": {"osm_id": 191290146, "power": "substation", "name": null, "voltage": "132000", "operator": null, "source": "OpenStreetMap via Overpass API", "evidence_class": "observed_public_geometry"}}, {"type": "Feature", "id": "osm-substation-194188735", "geometry": {"type": "Point", "coordinates": [26.2324008, -24.1575196]}, "properties": {"osm_id": 194188735, "power": "substation", "name": "Isang Substation", "voltage": "400000;220000", "operator": null, "source": "OpenStreetMap via Overpass API", "evidence_class": "observed_public_geometry"}}, {"type": "Feature", "id": "osm-substation-194257366", "geometry": {"type": "Point", "coordinates": [26.4739378, -18.3804378]}, "properties": {"osm_id": 194257366, "power": "substation", "name": null, "voltage": "88000", "operator": null, "source": "OpenStreetMap via Overpass API", "evidence_class": "observed_public_geometry"}}, {"type": "Feature", "id": "osm-substation-194257377", "geometry": {"type": "Point", "coordinates": [26.6727894, -18.0839039]}, "properties": {"osm_id": 194257377, "power": "substation", "name": null, "voltage": "88000", "operator": null, "source": "OpenStreetMap via Overpass API", "evidence_class": "observed_public_geometry"}}, {"type": "Feature", "id": "osm-substation-194559106", "geometry": {"type": "Point", "coordinates": [28.1935716, -25.7634727]}, "properties": {"osm_id": 194559106, "power": "substation", "name": null, "voltage": null, "operator": null, "source": "OpenStreetMap via Overpass API", "evidence_class": "observed_public_geometry"}}, {"type": "Feature", "id": "osm-substation-194620982", "geometry": {"type": "Point", "coordinates": [19.9977082, -26.757239]}, "properties": {"osm_id": 194620982, "power": "substation", "name": null, "voltage": null, "operator": null, "source": "OpenStreetMap via Overpass API", "evidence_class": "observed_public_geometry"}}, {"type": "Feature", "id": "osm-substation-197537533", "geometry": {"type": "Point", "coordinates": [27.4571368, -26.4914443]}, "properties": {"osm_id": 197537533, "power": "substation", "name": "Fochville Rural", "voltage": null, "operator": null, "source": "OpenStreetMap via Overpass API", "evidence_class": "observed_public_geometry"}}, {"type": "Feature", "id": "osm-substation-198090281", "geometry": {"type": "Point", "coordinates": [25.8619688, -17.9336445]}, "properties": {"osm_id": 198090281, "power": "substation", "name": "Victoria Falls Substation", "voltage": "220000;66000", "operator": null, "source": "OpenStreetMap via Overpass API", "evidence_class": "observed_public_geometry"}}, {"type": "Feature", "id": "osm-substation-200232961", "geometry": {"type": "Point", "coordinates": [27.5671414, -23.7030574]}, "properties": {"osm_id": 200232961, "power": "substation", "name": "Medupi Substation", "voltage": "400000;132000", "operator": "Eskom", "source": "OpenStreetMap via Overpass API", "evidence_class": "observed_public_geometry"}}, {"type": "Feature", "id": "osm-substation-200335788", "geometry": {"type": "Point", "coordinates": [27.9015183, -25.7412032]}, "properties": {"osm_id": 200335788, "power": "substation", "name": null, "voltage": "88000", "operator": null, "source": "OpenStreetMap via Overpass API", "evidence_class": "observed_public_geometry"}}, {"type": "Feature", "id": "osm-substation-200336636", "geometry": {"type": "Point", "coordinates": [27.9647135, -25.7272093]}, "properties": {"osm_id": 200336636, "power": "substation", "name": null, "voltage": "88000", "operator": null, "source": "OpenStreetMap via Overpass API", "evidence_class": "observed_public_geometry"}}, {"type": "Feature", "id": "osm-substation-200356963", "geometry": {"type": "Point", "coordinates": [28.1186799, -25.9789368]}, "properties": {"osm_id": 200356963, "power": "substation", "name": "New Road Substation", "voltage": "88000", "operator": null, "source": "OpenStreetMap via Overpass API", "evidence_class": "observed_public_geometry"}}, {"type": "Feature", "id": "osm-substation-200657812", "geometry": {"type": "Point", "coordinates": [27.6142817, -26.3470013]}, "properties": {"osm_id": 200657812, "power": "substation", "name": null, "voltage": "132000", "operator": null, "source": "OpenStreetMap via Overpass API", "evidence_class": "observed_public_geometry"}}, {"type": "Feature", "id": "osm-substation-200658827", "geometry": {"type": "Point", "coordinates": [27.589076, -26.3636295]}, "properties": {"osm_id": 200658827, "power": "substation", "name": null, "voltage": "132000", "operator": null, "source": "OpenStreetMap via Overpass API", "evidence_class": "observed_public_geometry"}}, {"type": "Feature", "id": "osm-substation-203541885", "geometry": {"type": "Point", "coordinates": [29.2032726, -26.9449623]}, "properties": {"osm_id": 203541885, "power": "substation", "name": null, "voltage": "132000;88000", "operator": null, "source": "OpenStreetMap via Overpass API", "evidence_class": "observed_public_geometry"}}, {"type": "Feature", "id": "osm-substation-203541886", "geometry": {"type": "Point", "coordinates": [29.2044461, -26.9448082]}, "properties": {"osm_id": 203541886, "power": "substation", "name": null, "voltage": null, "operator": null, "source": "OpenStreetMap via Overpass API", "evidence_class": "observed_public_geometry"}}, {"type": "Feature", "id": "osm-substation-203541887", "geometry": {"type": "Point", "coordinates": [29.0035542, -26.8281898]}, "properties": {"osm_id": 203541887, "power": "substation", "name": null, "voltage": "88000", "operator": null, "source": "OpenStreetMap via Overpass API", "evidence_class": "observed_public_geometry"}}, {"type": "Feature", "id": "osm-substation-204871682", "geometry": {"type": "Point", "coordinates": [28.0825482, -23.5804208]}, "properties": {"osm_id": 204871682, "power": "substation", "name": null, "voltage": "132000", "operator": null, "source": "OpenStreetMap via Overpass API", "evidence_class": "observed_public_geometry"}}, {"type": "Feature", "id": "osm-substation-205698425", "geometry": {"type": "Point", "coordinates": [28.4213166, -24.734526]}, "properties": {"osm_id": 205698425, "power": "substation", "name": null, "voltage": "132000", "operator": null, "source": "OpenStreetMap via Overpass API", "evidence_class": "observed_public_geometry"}}, {"type": "Feature", "id": "osm-substation-205765436", "geometry": {"type": "Point", "coordinates": [28.0241949, -25.6226494]}, "properties": {"osm_id": 205765436, "power": "substation", "name": null, "voltage": "88000", "operator": null, "source": "OpenStreetMap via Overpass API", "evidence_class": "observed_public_geometry"}}, {"type": "Feature", "id": "osm-substation-205765437", "geometry": {"type": "Point", "coordinates": [27.9407719, -25.6254841]}, "properties": {"osm_id": 205765437, "power": "substation", "name": "De Wildt", "voltage": "88000", "operator": null, "source": "OpenStreetMap via Overpass API", "evidence_class": "observed_public_geometry"}}, {"type": "Feature", "id": "osm-substation-206378133", "geometry": {"type": "Point", "coordinates": [29.2275979, -25.8645768]}, "properties": {"osm_id": 206378133, "power": "substation", "name": "Rand Carbide", "voltage": "132000", "operator": null, "source": "OpenStreetMap via Overpass API", "evidence_class": "observed_public_geometry"}}, {"type": "Feature", "id": "osm-substation-207915342", "geometry": {"type": "Point", "coordinates": [25.4384359, -26.6865526]}, "properties": {"osm_id": 207915342, "power": "substation", "name": null, "voltage": "132000", "operator": null, "source": "OpenStreetMap via Overpass API", "evidence_class": "observed_public_geometry"}}, {"type": "Feature", "id": "osm-substation-208919808", "geometry": {"type": "Point", "coordinates": [27.6195555, -23.7184811]}, "properties": {"osm_id": 208919808, "power": "substation", "name": "Waterberg Substation", "voltage": "132000;33000", "operator": null, "source": "OpenStreetMap via Overpass API", "evidence_class": "observed_public_geometry"}}, {"type": "Feature", "id": "osm-substation-209365700", "geometry": {"type": "Point", "coordinates": [29.3524, -26.7737222]}, "properties": {"osm_id": 209365700, "power": "substation", "name": null, "voltage": "400000", "operator": "Eskom", "source": "OpenStreetMap via Overpass API", "evidence_class": "observed_public_geometry"}}, {"type": "Feature", "id": "osm-substation-209979772", "geometry": {"type": "Point", "coordinates": [29.47224, -26.092506]}, "properties": {"osm_id": 209979772, "power": "substation", "name": null, "voltage": "275000", "operator": "Eskom", "source": "OpenStreetMap via Overpass API", "evidence_class": "observed_public_geometry"}}, {"type": "Feature", "id": "osm-substation-209979784", "geometry": {"type": "Point", "coordinates": [29.4753647, -26.0932953]}, "properties": {"osm_id": 209979784, "power": "substation", "name": null, "voltage": "132000", "operator": null, "source": "OpenStreetMap via Overpass API", "evidence_class": "observed_public_geometry"}}, {"type": "Feature", "id": "osm-substation-211925525", "geometry": {"type": "Point", "coordinates": [26.5274317, -18.3446087]}, "properties": {"osm_id": 211925525, "power": "substation", "name": null, "voltage": "88000", "operator": null, "source": "OpenStreetMap via Overpass API", "evidence_class": "observed_public_geometry"}}, {"type": "Feature", "id": "osm-substation-212769494", "geometry": {"type": "Point", "coordinates": [28.2125586, -26.3380947]}, "properties": {"osm_id": 212769494, "power": "substation", "name": "Vosloorus Substation", "voltage": "88000", "operator": null, "source": "OpenStreetMap via Overpass API", "evidence_class": "observed_public_geometry"}}, {"type": "Feature", "id": "osm-substation-212776045", "geometry": {"type": "Point", "coordinates": [28.1666854, -26.3451556]}, "properties": {"osm_id": 212776045, "power": "substation", "name": null, "voltage": "88000", "operator": null, "source": "OpenStreetMap via Overpass API", "evidence_class": "observed_public_geometry"}}, {"type": "Feature", "id": "osm-substation-213549209", "geometry": {"type": "Point", "coordinates": [28.0235131, -26.3856815]}, "properties": {"osm_id": 213549209, "power": "substation", "name": null, "voltage": "88000", "operator": null, "source": "OpenStreetMap via Overpass API", "evidence_class": "observed_public_geometry"}}, {"type": "Feature", "id": "osm-substation-213573238", "geometry": {"type": "Point", "coordinates": [27.8861342, -26.2593914]}, "properties": {"osm_id": 213573238, "power": "substation", "name": "Moroka Main Substation", "voltage": "132000", "operator": null, "source": "OpenStreetMap via Overpass API", "evidence_class": "observed_public_geometry"}}, {"type": "Feature", "id": "osm-substation-214158037", "geometry": {"type": "Point", "coordinates": [28.2215206, -26.1840433]}, "properties": {"osm_id": 214158037, "power": "substation", "name": null, "voltage": null, "operator": null, "source": "OpenStreetMap via Overpass API", "evidence_class": "observed_public_geometry"}}, {"type": "Feature", "id": "osm-substation-214277231", "geometry": {"type": "Point", "coordinates": [28.1578951, -26.212077]}, "properties": {"osm_id": 214277231, "power": "substation", "name": "Germiston Munic Substation", "voltage": "88000", "operator": null, "source": "OpenStreetMap via Overpass API", "evidence_class": "observed_public_geometry"}}, {"type": "Feature", "id": "osm-substation-214341538", "geometry": {"type": "Point", "coordinates": [28.1793019, -26.2744753]}, "properties": {"osm_id": 214341538, "power": "substation", "name": null, "voltage": "88000", "operator": null, "source": "OpenStreetMap via Overpass API", "evidence_class": "observed_public_geometry"}}, {"type": "Feature", "id": "osm-substation-214437946", "geometry": {"type": "Point", "coordinates": [28.2698177, -26.1999787]}, "properties": {"osm_id": 214437946, "power": "substation", "name": null, "voltage": null, "operator": null, "source": "OpenStreetMap via Overpass API", "evidence_class": "observed_public_geometry"}}, {"type": "Feature", "id": "osm-substation-214437948", "geometry": {"type": "Point", "coordinates": [28.2778938, -26.2770418]}, "properties": {"osm_id": 214437948, "power": "substation", "name": "Brenner Substation", "voltage": "275000;88000", "operator": "Eskom", "source": "OpenStreetMap via Overpass API", "evidence_class": "observed_public_geometry"}}, {"type": "Feature", "id": "osm-substation-214443252", "geometry": {"type": "Point", "coordinates": [28.1709062, -26.1885951]}, "properties": {"osm_id": 214443252, "power": "substation", "name": "Germiston North Substation", "voltage": "132000", "operator": null, "source": "OpenStreetMap via Overpass API", "evidence_class": "observed_public_geometry"}}, {"type": "Feature", "id": "osm-substation-214792541", "geometry": {"type": "Point", "coordinates": [28.179276, -25.8746506]}, "properties": {"osm_id": 214792541, "power": "substation", "name": "Kentron Substation", "voltage": "132000", "operator": "City of Tshwane", "source": "OpenStreetMap via Overpass API", "evidence_class": "observed_public_geometry"}}, {"type": "Feature", "id": "osm-substation-214792573", "geometry": {"type": "Point", "coordinates": [28.2682272, -25.7183515]}, "properties": {"osm_id": 214792573, "power": "substation", "name": "Koedoespoort Substation", "voltage": "132000", "operator": "Tshwane Electricity", "source": "OpenStreetMap via Overpass API", "evidence_class": "observed_public_geometry"}}, {"type": "Feature", "id": "osm-substation-215455233", "geometry": {"type": "Point", "coordinates": [27.8317137, -26.6076545]}, "properties": {"osm_id": 215455233, "power": "substation", "name": "Sebokeng Substation", "voltage": "88000", "operator": null, "source": "OpenStreetMap via Overpass API", "evidence_class": "observed_public_geometry"}}, {"type": "Feature", "id": "osm-substation-215459082", "geometry": {"type": "Point", "coordinates": [27.8571658, -26.6797023]}, "properties": {"osm_id": 215459082, "power": "substation", "name": "Rigi Substation", "voltage": "275000;88000", "operator": "Eskom", "source": "OpenStreetMap via Overpass API", "evidence_class": "observed_public_geometry"}}, {"type": "Feature", "id": "osm-substation-215459128", "geometry": {"type": "Point", "coordinates": [27.8545691, -26.6782335]}, "properties": {"osm_id": 215459128, "power": "substation", "name": null, "voltage": "88000", "operator": null, "source": "OpenStreetMap via Overpass API", "evidence_class": "observed_public_geometry"}}, {"type": "Feature", "id": "osm-substation-215650449", "geometry": {"type": "Point", "coordinates": [28.0991016, -26.0945785]}, "properties": {"osm_id": 215650449, "power": "substation", "name": "Marlboro Substation", "voltage": "88000", "operator": null, "source": "OpenStreetMap via Overpass API", "evidence_class": "observed_public_geometry"}}, {"type": "Feature", "id": "osm-substation-215786953", "geometry": {"type": "Point", "coordinates": [27.8616365, -26.7025895]}, "properties": {"osm_id": 215786953, "power": "substation", "name": null, "voltage": "88000", "operator": null, "source": "OpenStreetMap via Overpass API", "evidence_class": "observed_public_geometry"}}, {"type": "Feature", "id": "osm-substation-216142326", "geometry": {"type": "Point", "coordinates": [28.1624185, -26.2767161]}, "properties": {"osm_id": 216142326, "power": "substation", "name": "Union", "voltage": "88000", "operator": null, "source": "OpenStreetMap via Overpass API", "evidence_class": "observed_public_geometry"}}, {"type": "Feature", "id": "osm-substation-216142337", "geometry": {"type": "Point", "coordinates": [27.7016661, -26.2014661]}, "properties": {"osm_id": 216142337, "power": "substation", "name": null, "voltage": "88000", "operator": null, "source": "OpenStreetMap via Overpass API", "evidence_class": "observed_public_geometry"}}, {"type": "Feature", "id": "osm-substation-216142338", "geometry": {"type": "Point", "coordinates": [28.1609974, -26.2762142]}, "properties": {"osm_id": 216142338, "power": "substation", "name": "Arc Scaw", "voltage": "88000", "operator": null, "source": "OpenStreetMap via Overpass API", "evidence_class": "observed_public_geometry"}}, {"type": "Feature", "id": "osm-substation-216142340", "geometry": {"type": "Point", "coordinates": [28.1644237, -26.2758238]}, "properties": {"osm_id": 216142340, "power": "substation", "name": "Mill Scaw", "voltage": null, "operator": null, "source": "OpenStreetMap via Overpass API", "evidence_class": "observed_public_geometry"}}, {"type": "Feature", "id": "osm-substation-216218783", "geometry": {"type": "Point", "coordinates": [28.3294759, -26.2737916]}, "properties": {"osm_id": 216218783, "power": "substation", "name": "Brakpan Substation", "voltage": "88000", "operator": "Eskom", "source": "OpenStreetMap via Overpass API", "evidence_class": "observed_public_geometry"}}, {"type": "Feature", "id": "osm-substation-216218787", "geometry": {"type": "Point", "coordinates": [28.3301313, -26.2739421]}, "properties": {"osm_id": 216218787, "power": "substation", "name": null, "voltage": "88000", "operator": null, "source": "OpenStreetMap via Overpass API", "evidence_class": "observed_public_geometry"}}, {"type": "Feature", "id": "osm-substation-216232008", "geometry": {"type": "Point", "coordinates": [28.2396744, -25.5557298]}, "properties": {"osm_id": 216232008, "power": "substation", "name": "Pyramid", "voltage": "132000", "operator": null, "source": "OpenStreetMap via Overpass API", "evidence_class": "observed_public_geometry"}}, {"type": "Feature", "id": "osm-substation-216518192", "geometry": {"type": "Point", "coordinates": [26.8881619, -25.8612414]}, "properties": {"osm_id": 216518192, "power": "substation", "name": null, "voltage": "88000", "operator": null, "source": "OpenStreetMap via Overpass API", "evidence_class": "observed_public_geometry"}}, {"type": "Feature", "id": "osm-substation-216527763", "geometry": {"type": "Point", "coordinates": [28.4320089, -26.3139692]}, "properties": {"osm_id": 216527763, "power": "substation", "name": null, "voltage": "132000", "operator": null, "source": "OpenStreetMap via Overpass API", "evidence_class": "observed_public_geometry"}}, {"type": "Feature", "id": "osm-substation-217585810", "geometry": {"type": "Point", "coordinates": [26.8583272, -26.8462597]}, "properties": {"osm_id": 217585810, "power": "substation", "name": null, "voltage": null, "operator": null, "source": "OpenStreetMap via Overpass API", "evidence_class": "observed_public_geometry"}}, {"type": "Feature", "id": "osm-substation-217671617", "geometry": {"type": "Point", "coordinates": [29.3957937, -23.8380117]}, "properties": {"osm_id": 217671617, "power": "substation", "name": "Seshego", "voltage": null, "operator": null, "source": "OpenStreetMap via Overpass API", "evidence_class": "observed_public_geometry"}}, {"type": "Feature", "id": "osm-substation-217678441", "geometry": {"type": "Point", "coordinates": [29.4517889, -23.9213951]}, "properties": {"osm_id": 217678441, "power": "substation", "name": null, "voltage": "66000", "operator": null, "source": "OpenStreetMap via Overpass API", "evidence_class": "observed_public_geometry"}}, {"type": "Feature", "id": "osm-substation-217740067", "geometry": {"type": "Point", "coordinates": [29.4054443, -23.8919672]}, "properties": {"osm_id": 217740067, "power": "substation", "name": "Pietersburg", "voltage": "132000", "operator": "Eskom", "source": "OpenStreetMap via Overpass API", "evidence_class": "observed_public_geometry"}}, {"type": "Feature", "id": "osm-substation-217790784", "geometry": {"type": "Point", "coordinates": [27.0997955, -25.4577453]}, "properties": {"osm_id": 217790784, "power": "substation", "name": null, "voltage": null, "operator": null, "source": "OpenStreetMap via Overpass API", "evidence_class": "observed_public_geometry"}}, {"type": "Feature", "id": "osm-substation-217791405", "geometry": {"type": "Point", "coordinates": [27.1041422, -25.3567826]}, "properties": {"osm_id": 217791405, "power": "substation", "name": null, "voltage": "88000", "operator": null, "source": "OpenStreetMap via Overpass API", "evidence_class": "observed_public_geometry"}}, {"type": "Feature", "id": "osm-substation-217836416", "geometry": {"type": "Point", "coordinates": [26.5941908, -26.9007202]}, "properties": {"osm_id": 217836416, "power": "substation", "name": null, "voltage": "132000", "operator": null, "source": "OpenStreetMap via Overpass API", "evidence_class": "observed_public_geometry"}}, {"type": "Feature", "id": "osm-substation-218418364", "geometry": {"type": "Point", "coordinates": [29.2147679, -26.6060661]}, "properties": {"osm_id": 218418364, "power": "substation", "name": null, "voltage": "132000", "operator": null, "source": "OpenStreetMap via Overpass API", "evidence_class": "observed_public_geometry"}}, {"type": "Feature", "id": "osm-substation-218418779", "geometry": {"type": "Point", "coordinates": [29.2213033, -26.5760602]}, "properties": {"osm_id": 218418779, "power": "substation", "name": null, "voltage": "132000", "operator": null, "source": "OpenStreetMap via Overpass API", "evidence_class": "observed_public_geometry"}}, {"type": "Feature", "id": "osm-substation-218418782", "geometry": {"type": "Point", "coordinates": [29.2381764, -26.5309783]}, "properties": {"osm_id": 218418782, "power": "substation", "name": null, "voltage": "132000", "operator": null, "source": "OpenStreetMap via Overpass API", "evidence_class": "observed_public_geometry"}}, {"type": "Feature", "id": "osm-substation-218454092", "geometry": {"type": "Point", "coordinates": [28.9140096, -25.9143706]}, "properties": {"osm_id": 218454092, "power": "substation", "name": null, "voltage": "400000", "operator": null, "source": "OpenStreetMap via Overpass API", "evidence_class": "observed_public_geometry"}}, {"type": "Feature", "id": "osm-substation-218575765", "geometry": {"type": "Point", "coordinates": [26.7108342, -25.6488657]}, "properties": {"osm_id": 218575765, "power": "substation", "name": null, "voltage": "88000", "operator": null, "source": "OpenStreetMap via Overpass API", "evidence_class": "observed_public_geometry"}}, {"type": "Feature", "id": "osm-substation-218576270", "geometry": {"type": "Point", "coordinates": [27.5513847, -26.0072879]}, "properties": {"osm_id": 218576270, "power": "substation", "name": null, "voltage": "88000", "operator": null, "source": "OpenStreetMap via Overpass API", "evidence_class": "observed_public_geometry"}}, {"type": "Feature", "id": "osm-substation-218580647", "geometry": {"type": "Point", "coordinates": [27.4813492, -26.4936168]}, "properties": {"osm_id": 218580647, "power": "substation", "name": "Fochville Municipal", "voltage": null, "operator": null, "source": "OpenStreetMap via Overpass API", "evidence_class": "observed_public_geometry"}}, {"type": "Feature", "id": "osm-substation-218585572", "geometry": {"type": "Point", "coordinates": [27.8636758, -26.8309215]}, "properties": {"osm_id": 218585572, "power": "substation", "name": "Afrex Substation", "voltage": "88000", "operator": "Eskom", "source": "OpenStreetMap via Overpass API", "evidence_class": "observed_public_geometry"}}, {"type": "Feature", "id": "osm-substation-218585594", "geometry": {"type": "Point", "coordinates": [27.8409679, -26.8331959]}, "properties": {"osm_id": 218585594, "power": "substation", "name": null, "voltage": "88000", "operator": null, "source": "OpenStreetMap via Overpass API", "evidence_class": "observed_public_geometry"}}, {"type": "Feature", "id": "osm-substation-218585614", "geometry": {"type": "Point", "coordinates": [27.8458974, -26.819693]}, "properties": {"osm_id": 218585614, "power": "substation", "name": null, "voltage": "88000", "operator": null, "source": "OpenStreetMap via Overpass API", "evidence_class": "observed_public_geometry"}}, {"type": "Feature", "id": "osm-substation-218585712", "geometry": {"type": "Point", "coordinates": [27.8360697, -26.8250377]}, "properties": {"osm_id": 218585712, "power": "substation", "name": "Sasolburg Substation", "voltage": "88000", "operator": "Eskom", "source": "OpenStreetMap via Overpass API", "evidence_class": "observed_public_geometry"}}, {"type": "Feature", "id": "osm-substation-218585719", "geometry": {"type": "Point", "coordinates": [27.8731107, -26.8331526]}, "properties": {"osm_id": 218585719, "power": "substation", "name": null, "voltage": "88000", "operator": null, "source": "OpenStreetMap via Overpass API", "evidence_class": "observed_public_geometry"}}, {"type": "Feature", "id": "osm-substation-218585769", "geometry": {"type": "Point", "coordinates": [27.8444757, -26.8361888]}, "properties": {"osm_id": 218585769, "power": "substation", "name": "Zamdela Substation", "voltage": "88000", "operator": "Eskom", "source": "OpenStreetMap via Overpass API", "evidence_class": "observed_public_geometry"}}, {"type": "Feature", "id": "osm-substation-218585774", "geometry": {"type": "Point", "coordinates": [27.8784314, -26.8208124]}, "properties": {"osm_id": 218585774, "power": "substation", "name": "Coalplex Substation", "voltage": "88000", "operator": "Eskom", "source": "OpenStreetMap via Overpass API", "evidence_class": "observed_public_geometry"}}, {"type": "Feature", "id": "osm-substation-218587512", "geometry": {"type": "Point", "coordinates": [27.8721469, -26.8456089]}, "properties": {"osm_id": 218587512, "power": "substation", "name": null, "voltage": "88000", "operator": null, "source": "OpenStreetMap via Overpass API", "evidence_class": "observed_public_geometry"}}, {"type": "Feature", "id": "osm-substation-218772975", "geometry": {"type": "Point", "coordinates": [27.808634, -26.6907702]}, "properties": {"osm_id": 218772975, "power": "substation", "name": null, "voltage": null, "operator": null, "source": "OpenStreetMap via Overpass API", "evidence_class": "observed_public_geometry"}}, {"type": "Feature", "id": "osm-substation-219292595", "geometry": {"type": "Point", "coordinates": [29.4177254, -23.9272999]}, "properties": {"osm_id": 219292595, "power": "substation", "name": null, "voltage": "132000", "operator": null, "source": "OpenStreetMap via Overpass API", "evidence_class": "observed_public_geometry"}}, {"type": "Feature", "id": "osm-substation-219693684", "geometry": {"type": "Point", "coordinates": [28.4167679, -26.2681053]}, "properties": {"osm_id": 219693684, "power": "substation", "name": null, "voltage": "132000", "operator": null, "source": "OpenStreetMap via Overpass API", "evidence_class": "observed_public_geometry"}}, {"type": "Feature", "id": "osm-substation-219710462", "geometry": {"type": "Point", "coordinates": [27.773834, -26.1866668]}, "properties": {"osm_id": 219710462, "power": "substation", "name": null, "voltage": "132000", "operator": null, "source": "OpenStreetMap via Overpass API", "evidence_class": "observed_public_geometry"}}, {"type": "Feature", "id": "osm-substation-219710596", "geometry": {"type": "Point", "coordinates": [27.694364, -26.1875646]}, "properties": {"osm_id": 219710596, "power": "substation", "name": "Randfontein Traction Substation", "voltage": "88000", "operator": null, "source": "OpenStreetMap via Overpass API", "evidence_class": "observed_public_geometry"}}, {"type": "Feature", "id": "osm-substation-220800150", "geometry": {"type": "Point", "coordinates": [27.4284001, -26.4027439]}, "properties": {"osm_id": 220800150, "power": "substation", "name": null, "voltage": "132000", "operator": null, "source": "OpenStreetMap via Overpass API", "evidence_class": "observed_public_geometry"}}, {"type": "Feature", "id": "osm-substation-220947182", "geometry": {"type": "Point", "coordinates": [27.5152403, -25.6813629]}, "properties": {"osm_id": 220947182, "power": "substation", "name": null, "voltage": "88000", "operator": null, "source": "OpenStreetMap via Overpass API", "evidence_class": "observed_public_geometry"}}, {"type": "Feature", "id": "osm-substation-220947192", "geometry": {"type": "Point", "coordinates": [27.2743859, -25.6343417]}, "properties": {"osm_id": 220947192, "power": "substation", "name": null, "voltage": null, "operator": null, "source": "OpenStreetMap via Overpass API", "evidence_class": "observed_public_geometry"}}, {"type": "Feature", "id": "osm-substation-220947193", "geometry": {"type": "Point", "coordinates": [27.3399565, -25.6978955]}, "properties": {"osm_id": 220947193, "power": "substation", "name": null, "voltage": "88000", "operator": null, "source": "OpenStreetMap via Overpass API", "evidence_class": "observed_public_geometry"}}, {"type": "Feature", "id": "osm-substation-220947194", "geometry": {"type": "Point", "coordinates": [27.3246998, -25.6765312]}, "properties": {"osm_id": 220947194, "power": "substation", "name": null, "voltage": "88000", "operator": null, "source": "OpenStreetMap via Overpass API", "evidence_class": "observed_public_geometry"}}, {"type": "Feature", "id": "osm-substation-220947195", "geometry": {"type": "Point", "coordinates": [27.4019354, -25.7109979]}, "properties": {"osm_id": 220947195, "power": "substation", "name": null, "voltage": "88000", "operator": null, "source": "OpenStreetMap via Overpass API", "evidence_class": "observed_public_geometry"}}, {"type": "Feature", "id": "osm-substation-220947205", "geometry": {"type": "Point", "coordinates": [27.2240031, -25.6136036]}, "properties": {"osm_id": 220947205, "power": "substation", "name": null, "voltage": "88000", "operator": null, "source": "OpenStreetMap via Overpass API", "evidence_class": "observed_public_geometry"}}, {"type": "Feature", "id": "osm-substation-220947207", "geometry": {"type": "Point", "coordinates": [27.3789616, -25.6651625]}, "properties": {"osm_id": 220947207, "power": "substation", "name": null, "voltage": "88000", "operator": null, "source": "OpenStreetMap via Overpass API", "evidence_class": "observed_public_geometry"}}, {"type": "Feature", "id": "osm-substation-220947217", "geometry": {"type": "Point", "coordinates": [27.3181103, -25.6759732]}, "properties": {"osm_id": 220947217, "power": "substation", "name": null, "voltage": "88000", "operator": null, "source": "OpenStreetMap via Overpass API", "evidence_class": "observed_public_geometry"}}, {"type": "Feature", "id": "osm-substation-220947220", "geometry": {"type": "Point", "coordinates": [27.3168471, -25.6505104]}, "properties": {"osm_id": 220947220, "power": "substation", "name": null, "voltage": "88000", "operator": null, "source": "OpenStreetMap via Overpass API", "evidence_class": "observed_public_geometry"}}, {"type": "Feature", "id": "osm-substation-220963731", "geometry": {"type": "Point", "coordinates": [28.0088062, -25.9682977]}, "properties": {"osm_id": 220963731, "power": "substation", "name": "Klevebank Substation", "voltage": "88000", "operator": null, "source": "OpenStreetMap via Overpass API", "evidence_class": "observed_public_geometry"}}, {"type": "Feature", "id": "osm-substation-220963745", "geometry": {"type": "Point", "coordinates": [28.0508711, -25.9920399]}, "properties": {"osm_id": 220963745, "power": "substation", "name": null, "voltage": "88000", "operator": null, "source": "OpenStreetMap via Overpass API", "evidence_class": "observed_public_geometry"}}, {"type": "Feature", "id": "osm-substation-220963746", "geometry": {"type": "Point", "coordinates": [28.1167502, -26.1435284]}, "properties": {"osm_id": 220963746, "power": "substation", "name": "Sandringham Link Yard", "voltage": "88000", "operator": "City Power", "source": "OpenStreetMap via Overpass API", "evidence_class": "observed_public_geometry"}}, {"type": "Feature", "id": "osm-substation-220963748", "geometry": {"type": "Point", "coordinates": [28.2929582, -26.069706]}, "properties": {"osm_id": 220963748, "power": "substation", "name": null, "voltage": null, "operator": null, "source": "OpenStreetMap via Overpass API", "evidence_class": "observed_public_geometry"}}, {"type": "Feature", "id": "osm-substation-220963755", "geometry": {"type": "Point", "coordinates": [27.9988747, -25.9939113]}, "properties": {"osm_id": 220963755, "power": "substation", "name": null, "voltage": "88000", "operator": null, "source": "OpenStreetMap via Overpass API", "evidence_class": "observed_public_geometry"}}, {"type": "Feature", "id": "osm-substation-220963759", "geometry": {"type": "Point", "coordinates": [28.2548681, -26.030206]}, "properties": {"osm_id": 220963759, "power": "substation", "name": "Kaalfontein Traction Substation", "voltage": "88000", "operator": null, "source": "OpenStreetMap via Overpass API", "evidence_class": "observed_public_geometry"}}, {"type": "Feature", "id": "osm-substation-221138341", "geometry": {"type": "Point", "coordinates": [28.0209549, -26.1811646]}, "properties": {"osm_id": 221138341, "power": "substation", "name": null, "voltage": "88000", "operator": "city power", "source": "OpenStreetMap via Overpass API", "evidence_class": "observed_public_geometry"}}, {"type": "Feature", "id": "osm-substation-221494095", "geometry": {"type": "Point", "coordinates": [27.9475019, -26.2191674]}, "properties": {"osm_id": 221494095, "power": "substation", "name": "Pennyville Substation", "voltage": "88000", "operator": null, "source": "OpenStreetMap via Overpass API", "evidence_class": "observed_public_geometry"}}, {"type": "Feature", "id": "osm-substation-221494097", "geometry": {"type": "Point", "coordinates": [27.9228132, -26.2521654]}, "properties": {"osm_id": 221494097, "power": "substation", "name": null, "voltage": null, "operator": null, "source": "OpenStreetMap via Overpass API", "evidence_class": "observed_public_geometry"}}, {"type": "Feature", "id": "osm-substation-221495370", "geometry": {"type": "Point", "coordinates": [25.4710896, -24.3825774]}, "properties": {"osm_id": 221495370, "power": "substation", "name": null, "voltage": null, "operator": null, "source": "OpenStreetMap via Overpass API", "evidence_class": "observed_public_geometry"}}, {"type": "Feature", "id": "osm-substation-221519254", "geometry": {"type": "Point", "coordinates": [27.8614961, -26.3202651]}, "properties": {"osm_id": 221519254, "power": "substation", "name": null, "voltage": "88000", "operator": "City Power", "source": "OpenStreetMap via Overpass API", "evidence_class": "observed_public_geometry"}}, {"type": "Feature", "id": "osm-substation-221519255", "geometry": {"type": "Point", "coordinates": [27.904116, -26.310127]}, "properties": {"osm_id": 221519255, "power": "substation", "name": "Nancefield Substation", "voltage": "88000", "operator": "City Power", "source": "OpenStreetMap via Overpass API", "evidence_class": "observed_public_geometry"}}, {"type": "Feature", "id": "osm-substation-221519257", "geometry": {"type": "Point", "coordinates": [27.8398466, -26.3115394]}, "properties": {"osm_id": 221519257, "power": "substation", "name": "Nirvana Substation", "voltage": "88000", "operator": "City Power", "source": "OpenStreetMap via Overpass API", "evidence_class": "observed_public_geometry"}}, {"type": "Feature", "id": "osm-substation-221519258", "geometry": {"type": "Point", "coordinates": [27.903952, -26.2947758]}, "properties": {"osm_id": 221519258, "power": "substation", "name": "Eldoradopark Substation", "voltage": "88000", "operator": "City Power", "source": "OpenStreetMap via Overpass API", "evidence_class": "observed_public_geometry"}}, {"type": "Feature", "id": "osm-substation-221520667", "geometry": {"type": "Point", "coordinates": [27.8140322, -26.3011104]}, "properties": {"osm_id": 221520667, "power": "substation", "name": null, "voltage": null, "operator": null, "source": "OpenStreetMap via Overpass API", "evidence_class": "observed_public_geometry"}}, {"type": "Feature", "id": "osm-substation-221520668", "geometry": {"type": "Point", "coordinates": [27.8464236, -26.2938061]}, "properties": {"osm_id": 221520668, "power": "substation", "name": "Midway Traction Substation", "voltage": null, "operator": null, "source": "OpenStreetMap via Overpass API", "evidence_class": "observed_public_geometry"}}, {"type": "Feature", "id": "osm-substation-221662247", "geometry": {"type": "Point", "coordinates": [28.2832445, -25.7481174]}, "properties": {"osm_id": 221662247, "power": "substation", "name": "Scientia Substation", "voltage": "132000", "operator": "Tshwane Electricity", "source": "OpenStreetMap via Overpass API", "evidence_class": "observed_public_geometry"}}, {"type": "Feature", "id": "osm-substation-221662248", "geometry": {"type": "Point", "coordinates": [28.2336532, -25.7147546]}, "properties": {"osm_id": 221662248, "power": "substation", "name": "Eland Substation", "voltage": "132000", "operator": "City of Tshwane", "source": "OpenStreetMap via Overpass API", "evidence_class": "observed_public_geometry"}}, {"type": "Feature", "id": "osm-substation-221662249", "geometry": {"type": "Point", "coordinates": [28.2847504, -25.7598864]}, "properties": {"osm_id": 221662249, "power": "substation", "name": "Council Main Substation", "voltage": "132000", "operator": "Tshwane Electricity", "source": "OpenStreetMap via Overpass API", "evidence_class": "observed_public_geometry"}}, {"type": "Feature", "id": "osm-substation-221662250", "geometry": {"type": "Point", "coordinates": [28.267836, -25.7106927]}, "properties": {"osm_id": 221662250, "power": "substation", "name": null, "voltage": "132000", "operator": "Tshwane Electricity", "source": "OpenStreetMap via Overpass API", "evidence_class": "observed_public_geometry"}}, {"type": "Feature", "id": "osm-substation-221662251", "geometry": {"type": "Point", "coordinates": [28.142877, -25.6539582]}, "properties": {"osm_id": 221662251, "power": "substation", "name": "Wolmer Substation", "voltage": "132000;11000", "operator": "City of Tshwane", "source": "OpenStreetMap via Overpass API", "evidence_class": "observed_public_geometry"}}, {"type": "Feature", "id": "osm-substation-221662252", "geometry": {"type": "Point", "coordinates": [28.1159612, -25.9162377]}, "properties": {"osm_id": 221662252, "power": "substation", "name": "Olievenhoutbosch Substation", "voltage": "132000", "operator": "City of Tshwane", "source": "OpenStreetMap via Overpass API", "evidence_class": "observed_public_geometry"}}, {"type": "Feature", "id": "osm-substation-221662255", "geometry": {"type": "Point", "coordinates": [28.1451239, -25.9202398]}, "properties": {"osm_id": 221662255, "power": "substation", "name": "Kosmosdal Substation", "voltage": "132000", "operator": null, "source": "OpenStreetMap via Overpass API", "evidence_class": "observed_public_geometry"}}, {"type": "Feature", "id": "osm-substation-222021633", "geometry": {"type": "Point", "coordinates": [27.8021283, -25.6330209]}, "properties": {"osm_id": 222021633, "power": "substation", "name": null, "voltage": "88000", "operator": null, "source": "OpenStreetMap via Overpass API", "evidence_class": "observed_public_geometry"}}, {"type": "Feature", "id": "osm-substation-222021636", "geometry": {"type": "Point", "coordinates": [27.810924, -25.6478588]}, "properties": {"osm_id": 222021636, "power": "substation", "name": null, "voltage": "132000", "operator": null, "source": "OpenStreetMap via Overpass API", "evidence_class": "observed_public_geometry"}}, {"type": "Feature", "id": "osm-substation-222021637", "geometry": {"type": "Point", "coordinates": [27.7408965, -25.6324988]}, "properties": {"osm_id": 222021637, "power": "substation", "name": null, "voltage": "88000", "operator": null, "source": "OpenStreetMap via Overpass API", "evidence_class": "observed_public_geometry"}}, {"type": "Feature", "id": "osm-substation-222021638", "geometry": {"type": "Point", "coordinates": [27.395247, -25.6865952]}, "properties": {"osm_id": 222021638, "power": "substation", "name": null, "voltage": "88000", "operator": null, "source": "OpenStreetMap via Overpass API", "evidence_class": "observed_public_geometry"}}, {"type": "Feature", "id": "osm-substation-222021639", "geometry": {"type": "Point", "coordinates": [27.6837641, -25.8592001]}, "properties": {"osm_id": 222021639, "power": "substation", "name": null, "voltage": "88000", "operator": null, "source": "OpenStreetMap via Overpass API", "evidence_class": "observed_public_geometry"}}, {"type": "Feature", "id": "osm-substation-222021657", "geometry": {"type": "Point", "coordinates": [27.8216606, -25.6298005]}, "properties": {"osm_id": 222021657, "power": "substation", "name": null, "voltage": "132000", "operator": null, "source": "OpenStreetMap via Overpass API", "evidence_class": "observed_public_geometry"}}, {"type": "Feature", "id": "osm-substation-222021658", "geometry": {"type": "Point", "coordinates": [27.8013876, -25.7030148]}, "properties": {"osm_id": 222021658, "power": "substation", "name": null, "voltage": "88000", "operator": null, "source": "OpenStreetMap via Overpass API", "evidence_class": "observed_public_geometry"}}, {"type": "Feature", "id": "osm-substation-222021659", "geometry": {"type": "Point", "coordinates": [27.7882536, -25.7825505]}, "properties": {"osm_id": 222021659, "power": "substation", "name": null, "voltage": "88000", "operator": null, "source": "OpenStreetMap via Overpass API", "evidence_class": "observed_public_geometry"}}, {"type": "Feature", "id": "osm-substation-223064679", "geometry": {"type": "Point", "coordinates": [29.3012888, -24.9691324]}, "properties": {"osm_id": 223064679, "power": "substation", "name": "Marble Hall Substation", "voltage": "132000", "operator": "Eskom", "source": "OpenStreetMap via Overpass API", "evidence_class": "observed_public_geometry"}}, {"type": "Feature", "id": "osm-substation-223064696", "geometry": {"type": "Point", "coordinates": [29.3813334, -25.1679083]}, "properties": {"osm_id": 223064696, "power": "substation", "name": "Groblersdal Substation", "voltage": "132000", "operator": null, "source": "OpenStreetMap via Overpass API", "evidence_class": "observed_public_geometry"}}, {"type": "Feature", "id": "osm-substation-223064712", "geometry": {"type": "Point", "coordinates": [29.3022836, -25.0056722]}, "properties": {"osm_id": 223064712, "power": "substation", "name": "Wolwekraal Substation", "voltage": "132000", "operator": "Eskom", "source": "OpenStreetMap via Overpass API", "evidence_class": "observed_public_geometry"}}, {"type": "Feature", "id": "osm-substation-223070243", "geometry": {"type": "Point", "coordinates": [29.4230693, -25.3739674]}, "properties": {"osm_id": 223070243, "power": "substation", "name": null, "voltage": "88000", "operator": null, "source": "OpenStreetMap via Overpass API", "evidence_class": "observed_public_geometry"}}, {"type": "Feature", "id": "osm-substation-223070245", "geometry": {"type": "Point", "coordinates": [29.3912779, -25.9382747]}, "properties": {"osm_id": 223070245, "power": "substation", "name": null, "voltage": "132000", "operator": null, "source": "OpenStreetMap via Overpass API", "evidence_class": "observed_public_geometry"}}, {"type": "Feature", "id": "osm-substation-223070246", "geometry": {"type": "Point", "coordinates": [29.3919427, -25.937842]}, "properties": {"osm_id": 223070246, "power": "substation", "name": null, "voltage": null, "operator": null, "source": "OpenStreetMap via Overpass API", "evidence_class": "observed_public_geometry"}}, {"type": "Feature", "id": "osm-substation-223070252", "geometry": {"type": "Point", "coordinates": [29.4608237, -25.6113503]}, "properties": {"osm_id": 223070252, "power": "substation", "name": null, "voltage": "132000", "operator": null, "source": "OpenStreetMap via Overpass API", "evidence_class": "observed_public_geometry"}}, {"type": "Feature", "id": "osm-substation-223070255", "geometry": {"type": "Point", "coordinates": [29.4894348, -25.8019466]}, "properties": {"osm_id": 223070255, "power": "substation", "name": null, "voltage": "132000", "operator": null, "source": "OpenStreetMap via Overpass API", "evidence_class": "observed_public_geometry"}}, {"type": "Feature", "id": "osm-substation-223210968", "geometry": {"type": "Point", "coordinates": [25.6768208, -25.8461631]}, "properties": {"osm_id": 223210968, "power": "substation", "name": null, "voltage": "88000", "operator": null, "source": "OpenStreetMap via Overpass API", "evidence_class": "observed_public_geometry"}}, {"type": "Feature", "id": "osm-substation-223270109", "geometry": {"type": "Point", "coordinates": [25.1265163, -26.8120424]}, "properties": {"osm_id": 223270109, "power": "substation", "name": null, "voltage": "132000", "operator": null, "source": "OpenStreetMap via Overpass API", "evidence_class": "observed_public_geometry"}}, {"type": "Feature", "id": "osm-substation-224696100", "geometry": {"type": "Point", "coordinates": [29.1942069, -25.0569427]}, "properties": {"osm_id": 224696100, "power": "substation", "name": null, "voltage": "132000", "operator": null, "source": "OpenStreetMap via Overpass API", "evidence_class": "observed_public_geometry"}}, {"type": "Feature", "id": "osm-substation-226664434", "geometry": {"type": "Point", "coordinates": [27.8337102, -25.4946778]}, "properties": {"osm_id": 226664434, "power": "substation", "name": null, "voltage": "88000", "operator": null, "source": "OpenStreetMap via Overpass API", "evidence_class": "observed_public_geometry"}}, {"type": "Feature", "id": "osm-substation-226771949", "geometry": {"type": "Point", "coordinates": [27.8770041, -25.5763113]}, "properties": {"osm_id": 226771949, "power": "substation", "name": null, "voltage": "88000", "operator": null, "source": "OpenStreetMap via Overpass API", "evidence_class": "observed_public_geometry"}}, {"type": "Feature", "id": "osm-substation-226771953", "geometry": {"type": "Point", "coordinates": [27.7639019, -25.4614213]}, "properties": {"osm_id": 226771953, "power": "substation", "name": null, "voltage": "88000", "operator": null, "source": "OpenStreetMap via Overpass API", "evidence_class": "observed_public_geometry"}}, {"type": "Feature", "id": "osm-substation-226783984", "geometry": {"type": "Point", "coordinates": [28.5305862, -25.7238777]}, "properties": {"osm_id": 226783984, "power": "substation", "name": "Rayton Substation", "voltage": "88000", "operator": null, "source": "OpenStreetMap via Overpass API", "evidence_class": "observed_public_geometry"}}, {"type": "Feature", "id": "osm-substation-226783985", "geometry": {"type": "Point", "coordinates": [28.5079828, -25.6689253]}, "properties": {"osm_id": 226783985, "power": "substation", "name": null, "voltage": "88000", "operator": null, "source": "OpenStreetMap via Overpass API", "evidence_class": "observed_public_geometry"}}, {"type": "Feature", "id": "osm-substation-226783986", "geometry": {"type": "Point", "coordinates": [28.5074063, -25.6691467]}, "properties": {"osm_id": 226783986, "power": "substation", "name": null, "voltage": null, "operator": null, "source": "OpenStreetMap via Overpass API", "evidence_class": "observed_public_geometry"}}, {"type": "Feature", "id": "osm-substation-226783987", "geometry": {"type": "Point", "coordinates": [28.5076169, -25.669366]}, "properties": {"osm_id": 226783987, "power": "substation", "name": null, "voltage": null, "operator": null, "source": "OpenStreetMap via Overpass API", "evidence_class": "observed_public_geometry"}}, {"type": "Feature", "id": "osm-substation-226783991", "geometry": {"type": "Point", "coordinates": [28.49488, -25.723984]}, "properties": {"osm_id": 226783991, "power": "substation", "name": "Van Der Merwe", "voltage": "88000", "operator": null, "source": "OpenStreetMap via Overpass API", "evidence_class": "observed_public_geometry"}}, {"type": "Feature", "id": "osm-substation-227641297", "geometry": {"type": "Point", "coordinates": [27.269218, -25.5268878]}, "properties": {"osm_id": 227641297, "power": "substation", "name": null, "voltage": "88000", "operator": null, "source": "OpenStreetMap via Overpass API", "evidence_class": "observed_public_geometry"}}, {"type": "Feature", "id": "osm-substation-227641345", "geometry": {"type": "Point", "coordinates": [27.109429, -25.473275]}, "properties": {"osm_id": 227641345, "power": "substation", "name": null, "voltage": null, "operator": null, "source": "OpenStreetMap via Overpass API", "evidence_class": "observed_public_geometry"}}, {"type": "Feature", "id": "osm-substation-227641350", "geometry": {"type": "Point", "coordinates": [27.4516379, -25.6900432]}, "properties": {"osm_id": 227641350, "power": "substation", "name": null, "voltage": "88000", "operator": null, "source": "OpenStreetMap via Overpass API", "evidence_class": "observed_public_geometry"}}, {"type": "Feature", "id": "osm-substation-227641352", "geometry": {"type": "Point", "coordinates": [27.4711596, -25.6696999]}, "properties": {"osm_id": 227641352, "power": "substation", "name": null, "voltage": null, "operator": null, "source": "OpenStreetMap via Overpass API", "evidence_class": "observed_public_geometry"}}, {"type": "Feature", "id": "osm-substation-227641375", "geometry": {"type": "Point", "coordinates": [27.2492418, -25.5935775]}, "properties": {"osm_id": 227641375, "power": "substation", "name": null, "voltage": null, "operator": null, "source": "OpenStreetMap via Overpass API", "evidence_class": "observed_public_geometry"}}, {"type": "Feature", "id": "osm-substation-227641385", "geometry": {"type": "Point", "coordinates": [27.2332815, -25.5743557]}, "properties": {"osm_id": 227641385, "power": "substation", "name": null, "voltage": "88000", "operator": null, "source": "OpenStreetMap via Overpass API", "evidence_class": "observed_public_geometry"}}, {"type": "Feature", "id": "osm-substation-227641387", "geometry": {"type": "Point", "coordinates": [27.2091735, -25.467787]}, "properties": {"osm_id": 227641387, "power": "substation", "name": null, "voltage": "88000", "operator": null, "source": "OpenStreetMap via Overpass API", "evidence_class": "observed_public_geometry"}}, {"type": "Feature", "id": "osm-substation-227641389", "geometry": {"type": "Point", "coordinates": [27.1619388, -25.5808373]}, "properties": {"osm_id": 227641389, "power": "substation", "name": null, "voltage": "88000", "operator": null, "source": "OpenStreetMap via Overpass API", "evidence_class": "observed_public_geometry"}}, {"type": "Feature", "id": "osm-substation-229291878", "geometry": {"type": "Point", "coordinates": [27.6180046, -26.3826498]}, "properties": {"osm_id": 229291878, "power": "substation", "name": "Kloof 3 Shaft", "voltage": "132000", "operator": null, "source": "OpenStreetMap via Overpass API", "evidence_class": "observed_public_geometry"}}, {"type": "Feature", "id": "osm-substation-229291879", "geometry": {"type": "Point", "coordinates": [27.6236222, -26.4311587]}, "properties": {"osm_id": 229291879, "power": "substation", "name": "Kloof 4", "voltage": "132000", "operator": null, "source": "OpenStreetMap via Overpass API", "evidence_class": "observed_public_geometry"}}, {"type": "Feature", "id": "osm-substation-229291880", "geometry": {"type": "Point", "coordinates": [27.4779798, -26.3700132]}, "properties": {"osm_id": 229291880, "power": "substation", "name": null, "voltage": "132000", "operator": null, "source": "OpenStreetMap via Overpass API", "evidence_class": "observed_public_geometry"}}, {"type": "Feature", "id": "osm-substation-229291882", "geometry": {"type": "Point", "coordinates": [27.4915554, -26.3476743]}, "properties": {"osm_id": 229291882, "power": "substation", "name": null, "voltage": "132000", "operator": null, "source": "OpenStreetMap via Overpass API", "evidence_class": "observed_public_geometry"}}, {"type": "Feature", "id": "osm-substation-229291884", "geometry": {"type": "Point", "coordinates": [28.012985, -26.2416902]}, "properties": {"osm_id": 229291884, "power": "substation", "name": "Robertsham Substation", "voltage": "88000", "operator": "City Power", "source": "OpenStreetMap via Overpass API", "evidence_class": "observed_public_geometry"}}, {"type": "Feature", "id": "osm-substation-229291887", "geometry": {"type": "Point", "coordinates": [27.6422678, -26.3686232]}, "properties": {"osm_id": 229291887, "power": "substation", "name": null, "voltage": "132000", "operator": null, "source": "OpenStreetMap via Overpass API", "evidence_class": "observed_public_geometry"}}, {"type": "Feature", "id": "osm-substation-229319343", "geometry": {"type": "Point", "coordinates": [28.1110053, -26.3573748]}, "properties": {"osm_id": 229319343, "power": "substation", "name": null, "voltage": "88000", "operator": null, "source": "OpenStreetMap via Overpass API", "evidence_class": "observed_public_geometry"}}, {"type": "Feature", "id": "osm-substation-229333723", "geometry": {"type": "Point", "coordinates": [28.270507, -26.4141827]}, "properties": {"osm_id": 229333723, "power": "substation", "name": null, "voltage": "88000", "operator": null, "source": "OpenStreetMap via Overpass API", "evidence_class": "observed_public_geometry"}}, {"type": "Feature", "id": "osm-substation-230246451", "geometry": {"type": "Point", "coordinates": [27.3602193, -26.4513054]}, "properties": {"osm_id": 230246451, "power": "substation", "name": null, "voltage": "132000", "operator": null, "source": "OpenStreetMap via Overpass API", "evidence_class": "observed_public_geometry"}}, {"type": "Feature", "id": "osm-substation-230496806", "geometry": {"type": "Point", "coordinates": [25.8555048, -24.683613]}, "properties": {"osm_id": 230496806, "power": "substation", "name": null, "voltage": "132000", "operator": "Botswana Power", "source": "OpenStreetMap via Overpass API", "evidence_class": "observed_public_geometry"}}, {"type": "Feature", "id": "osm-substation-230496819", "geometry": {"type": "Point", "coordinates": [25.9058947, -24.6860123]}, "properties": {"osm_id": 230496819, "power": "substation", "name": "Gaborone South Substation", "voltage": "132000", "operator": "Botswana Power Corporation", "source": "OpenStreetMap via Overpass API", "evidence_class": "observed_public_geometry"}}, {"type": "Feature", "id": "osm-substation-230551819", "geometry": {"type": "Point", "coordinates": [27.2274613, -24.9680206]}, "properties": {"osm_id": 230551819, "power": "substation", "name": "Spitskop Substation", "voltage": "400000;275000;132000;88000", "operator": "Eskom", "source": "OpenStreetMap via Overpass API", "evidence_class": "observed_public_geometry"}}, {"type": "Feature", "id": "osm-substation-230551830", "geometry": {"type": "Point", "coordinates": [25.9084697, -24.6404925]}, "properties": {"osm_id": 230551830, "power": "substation", "name": null, "voltage": "132000", "operator": null, "source": "OpenStreetMap via Overpass API", "evidence_class": "observed_public_geometry"}}, {"type": "Feature", "id": "osm-substation-230551832", "geometry": {"type": "Point", "coordinates": [25.8578842, -24.6509113]}, "properties": {"osm_id": 230551832, "power": "substation", "name": null, "voltage": "132000", "operator": null, "source": "OpenStreetMap via Overpass API", "evidence_class": "observed_public_geometry"}}, {"type": "Feature", "id": "osm-substation-230551835", "geometry": {"type": "Point", "coordinates": [25.533466, -24.6386242]}, "properties": {"osm_id": 230551835, "power": "substation", "name": "Thamaga Substation", "voltage": "220000", "operator": "Botswana Power", "source": "OpenStreetMap via Overpass API", "evidence_class": "observed_public_geometry"}}, {"type": "Feature", "id": "osm-substation-230562519", "geometry": {"type": "Point", "coordinates": [29.4937571, -25.7973425]}, "properties": {"osm_id": 230562519, "power": "substation", "name": null, "voltage": "132000", "operator": null, "source": "OpenStreetMap via Overpass API", "evidence_class": "observed_public_geometry"}}, {"type": "Feature", "id": "osm-substation-232189703", "geometry": {"type": "Point", "coordinates": [28.0657339, -26.1415747]}, "properties": {"osm_id": 232189703, "power": "substation", "name": "Cydna Substation", "voltage": "88000", "operator": "City Power", "source": "OpenStreetMap via Overpass API", "evidence_class": "observed_public_geometry"}}, {"type": "Feature", "id": "osm-substation-232392255", "geometry": {"type": "Point", "coordinates": [28.0424394, -26.1589448]}, "properties": {"osm_id": 232392255, "power": "substation", "name": null, "voltage": null, "operator": null, "source": "OpenStreetMap via Overpass API", "evidence_class": "observed_public_geometry"}}, {"type": "Feature", "id": "osm-substation-232394627", "geometry": {"type": "Point", "coordinates": [28.2260592, -26.1109074]}, "properties": {"osm_id": 232394627, "power": "substation", "name": "Kempton Park Municipal Substation", "voltage": "132000", "operator": "Kempton Park Municipality", "source": "OpenStreetMap via Overpass API", "evidence_class": "observed_public_geometry"}}, {"type": "Feature", "id": "osm-substation-235775955", "geometry": {"type": "Point", "coordinates": [29.1171931, -26.0102179]}, "properties": {"osm_id": 235775955, "power": "substation", "name": null, "voltage": "88000", "operator": null, "source": "OpenStreetMap via Overpass API", "evidence_class": "observed_public_geometry"}}, {"type": "Feature", "id": "osm-substation-235775959", "geometry": {"type": "Point", "coordinates": [29.1519319, -25.943561]}, "properties": {"osm_id": 235775959, "power": "substation", "name": null, "voltage": "88000", "operator": null, "source": "OpenStreetMap via Overpass API", "evidence_class": "observed_public_geometry"}}, {"type": "Feature", "id": "osm-substation-235901704", "geometry": {"type": "Point", "coordinates": [28.5234514, -26.2519122]}, "properties": {"osm_id": 235901704, "power": "substation", "name": null, "voltage": null, "operator": null, "source": "OpenStreetMap via Overpass API", "evidence_class": "observed_public_geometry"}}, {"type": "Feature", "id": "osm-substation-236777609", "geometry": {"type": "Point", "coordinates": [26.0025294, -26.8033836]}, "properties": {"osm_id": 236777609, "power": "substation", "name": null, "voltage": null, "operator": null, "source": "OpenStreetMap via Overpass API", "evidence_class": "observed_public_geometry"}}, {"type": "Feature", "id": "osm-substation-236798177", "geometry": {"type": "Point", "coordinates": [27.0383406, -26.3499742]}, "properties": {"osm_id": 236798177, "power": "substation", "name": null, "voltage": "132000", "operator": null, "source": "OpenStreetMap via Overpass API", "evidence_class": "observed_public_geometry"}}, {"type": "Feature", "id": "osm-substation-236798856", "geometry": {"type": "Point", "coordinates": [26.3304485, -26.3079406]}, "properties": {"osm_id": 236798856, "power": "substation", "name": null, "voltage": "132000", "operator": null, "source": "OpenStreetMap via Overpass API", "evidence_class": "observed_public_geometry"}}, {"type": "Feature", "id": "osm-substation-236798859", "geometry": {"type": "Point", "coordinates": [26.9495667, -26.3542584]}, "properties": {"osm_id": 236798859, "power": "substation", "name": null, "voltage": "132000", "operator": null, "source": "OpenStreetMap via Overpass API", "evidence_class": "observed_public_geometry"}}, {"type": "Feature", "id": "osm-substation-236798860", "geometry": {"type": "Point", "coordinates": [26.6129288, -26.3465763]}, "properties": {"osm_id": 236798860, "power": "substation", "name": null, "voltage": "132000", "operator": null, "source": "OpenStreetMap via Overpass API", "evidence_class": "observed_public_geometry"}}, {"type": "Feature", "id": "osm-substation-236798861", "geometry": {"type": "Point", "coordinates": [26.8304706, -26.3360331]}, "properties": {"osm_id": 236798861, "power": "substation", "name": null, "voltage": "132000", "operator": null, "source": "OpenStreetMap via Overpass API", "evidence_class": "observed_public_geometry"}}, {"type": "Feature", "id": "osm-substation-236798862", "geometry": {"type": "Point", "coordinates": [26.4034991, -26.3241287]}, "properties": {"osm_id": 236798862, "power": "substation", "name": null, "voltage": "132000", "operator": null, "source": "OpenStreetMap via Overpass API", "evidence_class": "observed_public_geometry"}}, {"type": "Feature", "id": "osm-substation-236798863", "geometry": {"type": "Point", "coordinates": [26.5144064, -26.33979]}, "properties": {"osm_id": 236798863, "power": "substation", "name": null, "voltage": "132000", "operator": null, "source": "OpenStreetMap via Overpass API", "evidence_class": "observed_public_geometry"}}, {"type": "Feature", "id": "osm-substation-237635279", "geometry": {"type": "Point", "coordinates": [25.3558218, -24.923479]}, "properties": {"osm_id": 237635279, "power": "substation", "name": "Mmakgodumo Substation", "voltage": "132000", "operator": null, "source": "OpenStreetMap via Overpass API", "evidence_class": "observed_public_geometry"}}, {"type": "Feature", "id": "osm-substation-237635280", "geometry": {"type": "Point", "coordinates": [25.6848248, -25.1819463]}, "properties": {"osm_id": 237635280, "power": "substation", "name": "Woodhall Substation", "voltage": "132000", "operator": "Botswana Power", "source": "OpenStreetMap via Overpass API", "evidence_class": "observed_public_geometry"}}, {"type": "Feature", "id": "osm-substation-237635281", "geometry": {"type": "Point", "coordinates": [25.6189233, -25.8256393]}, "properties": {"osm_id": 237635281, "power": "substation", "name": null, "voltage": "88000", "operator": null, "source": "OpenStreetMap via Overpass API", "evidence_class": "observed_public_geometry"}}, {"type": "Feature", "id": "osm-substation-237635282", "geometry": {"type": "Point", "coordinates": [25.6708646, -25.2204638]}, "properties": {"osm_id": 237635282, "power": "substation", "name": "Lobatse Substation", "voltage": "132000", "operator": "Botswana Power", "source": "OpenStreetMap via Overpass API", "evidence_class": "observed_public_geometry"}}, {"type": "Feature", "id": "osm-substation-237831581", "geometry": {"type": "Point", "coordinates": [25.8420731, -25.8169549]}, "properties": {"osm_id": 237831581, "power": "substation", "name": null, "voltage": "88000", "operator": null, "source": "OpenStreetMap via Overpass API", "evidence_class": "observed_public_geometry"}}, {"type": "Feature", "id": "osm-substation-238138636", "geometry": {"type": "Point", "coordinates": [26.9011413, -25.6299387]}, "properties": {"osm_id": 238138636, "power": "substation", "name": null, "voltage": "88000", "operator": null, "source": "OpenStreetMap via Overpass API", "evidence_class": "observed_public_geometry"}}, {"type": "Feature", "id": "osm-substation-238793666", "geometry": {"type": "Point", "coordinates": [28.137467, -26.1270572]}, "properties": {"osm_id": 238793666, "power": "substation", "name": "Lombardy Substation", "voltage": "132000", "operator": "Eskom", "source": "OpenStreetMap via Overpass API", "evidence_class": "observed_public_geometry"}}, {"type": "Feature", "id": "osm-substation-239859597", "geometry": {"type": "Point", "coordinates": [28.0689673, -26.2235522]}, "properties": {"osm_id": 239859597, "power": "substation", "name": null, "voltage": "88000", "operator": null, "source": "OpenStreetMap via Overpass API", "evidence_class": "observed_public_geometry"}}, {"type": "Feature", "id": "osm-substation-239865983", "geometry": {"type": "Point", "coordinates": [28.0265026, -26.2091117]}, "properties": {"osm_id": 239865983, "power": "substation", "name": null, "voltage": null, "operator": null, "source": "OpenStreetMap via Overpass API", "evidence_class": "observed_public_geometry"}}, {"type": "Feature", "id": "osm-substation-239878513", "geometry": {"type": "Point", "coordinates": [28.2717052, -26.2223999]}, "properties": {"osm_id": 239878513, "power": "substation", "name": null, "voltage": "88000", "operator": null, "source": "OpenStreetMap via Overpass API", "evidence_class": "observed_public_geometry"}}, {"type": "Feature", "id": "osm-substation-239878523", "geometry": {"type": "Point", "coordinates": [28.2604968, -26.2282376]}, "properties": {"osm_id": 239878523, "power": "substation", "name": null, "voltage": "88000", "operator": null, "source": "OpenStreetMap via Overpass API", "evidence_class": "observed_public_geometry"}}, {"type": "Feature", "id": "osm-substation-239878601", "geometry": {"type": "Point", "coordinates": [27.9311033, -26.2528231]}, "properties": {"osm_id": 239878601, "power": "substation", "name": null, "voltage": "132000", "operator": null, "source": "OpenStreetMap via Overpass API", "evidence_class": "observed_public_geometry"}}, {"type": "Feature", "id": "osm-substation-239911431", "geometry": {"type": "Point", "coordinates": [29.0319536, -26.8573949]}, "properties": {"osm_id": 239911431, "power": "substation", "name": null, "voltage": "88000", "operator": null, "source": "OpenStreetMap via Overpass API", "evidence_class": "observed_public_geometry"}}, {"type": "Feature", "id": "osm-substation-239911432", "geometry": {"type": "Point", "coordinates": [29.0765344, -26.8497848]}, "properties": {"osm_id": 239911432, "power": "substation", "name": null, "voltage": "88000", "operator": null, "source": "OpenStreetMap via Overpass API", "evidence_class": "observed_public_geometry"}}, {"type": "Feature", "id": "osm-substation-239911433", "geometry": {"type": "Point", "coordinates": [28.9179762, -26.7947566]}, "properties": {"osm_id": 239911433, "power": "substation", "name": null, "voltage": "88000", "operator": null, "source": "OpenStreetMap via Overpass API", "evidence_class": "observed_public_geometry"}}, {"type": "Feature", "id": "osm-substation-239922316", "geometry": {"type": "Point", "coordinates": [27.9836542, -26.2032144]}, "properties": {"osm_id": 239922316, "power": "substation", "name": "Langlaagte Traction Substation", "voltage": "88000", "operator": null, "source": "OpenStreetMap via Overpass API", "evidence_class": "observed_public_geometry"}}, {"type": "Feature", "id": "osm-substation-242293599", "geometry": {"type": "Point", "coordinates": [28.1185065, -26.0448014]}, "properties": {"osm_id": 242293599, "power": "substation", "name": null, "voltage": "88000", "operator": null, "source": "OpenStreetMap via Overpass API", "evidence_class": "observed_public_geometry"}}, {"type": "Feature", "id": "osm-substation-242780085", "geometry": {"type": "Point", "coordinates": [28.046831, -26.098114]}, "properties": {"osm_id": 242780085, "power": "substation", "name": "Benmore Substation", "voltage": "88000", "operator": null, "source": "OpenStreetMap via Overpass API", "evidence_class": "observed_public_geometry"}}, {"type": "Feature", "id": "osm-substation-242780086", "geometry": {"type": "Point", "coordinates": [28.0469558, -26.0976582]}, "properties": {"osm_id": 242780086, "power": "substation", "name": "Benmore Substation", "voltage": "88000", "operator": null, "source": "OpenStreetMap via Overpass API", "evidence_class": "observed_public_geometry"}}, {"type": "Feature", "id": "osm-substation-243351664", "geometry": {"type": "Point", "coordinates": [28.8912214, -26.0436557]}, "properties": {"osm_id": 243351664, "power": "substation", "name": null, "voltage": "132000", "operator": null, "source": "OpenStreetMap via Overpass API", "evidence_class": "observed_public_geometry"}}, {"type": "Feature", "id": "osm-substation-244094608", "geometry": {"type": "Point", "coordinates": [27.8310558, -26.8474049]}, "properties": {"osm_id": 244094608, "power": "substation", "name": "Sigma Substation", "voltage": "88000", "operator": "Eskom", "source": "OpenStreetMap via Overpass API", "evidence_class": "observed_public_geometry"}}, {"type": "Feature", "id": "osm-substation-244221119", "geometry": {"type": "Point", "coordinates": [29.0909906, -26.0447278]}, "properties": {"osm_id": 244221119, "power": "substation", "name": null, "voltage": "132000;88000", "operator": null, "source": "OpenStreetMap via Overpass API", "evidence_class": "observed_public_geometry"}}, {"type": "Feature", "id": "osm-substation-244221130", "geometry": {"type": "Point", "coordinates": [28.9747196, -25.9682287]}, "properties": {"osm_id": 244221130, "power": "substation", "name": null, "voltage": "132000", "operator": null, "source": "OpenStreetMap via Overpass API", "evidence_class": "observed_public_geometry"}}, {"type": "Feature", "id": "osm-substation-244492759", "geometry": {"type": "Point", "coordinates": [28.0332284, -26.509979]}, "properties": {"osm_id": 244492759, "power": "substation", "name": null, "voltage": "88000", "operator": null, "source": "OpenStreetMap via Overpass API", "evidence_class": "observed_public_geometry"}}, {"type": "Feature", "id": "osm-substation-244492760", "geometry": {"type": "Point", "coordinates": [27.9888282, -26.574095]}, "properties": {"osm_id": 244492760, "power": "substation", "name": null, "voltage": "88000", "operator": null, "source": "OpenStreetMap via Overpass API", "evidence_class": "observed_public_geometry"}}, {"type": "Feature", "id": "osm-substation-244492766", "geometry": {"type": "Point", "coordinates": [27.9905064, -26.5709314]}, "properties": {"osm_id": 244492766, "power": "substation", "name": null, "voltage": "88000", "operator": null, "source": "OpenStreetMap via Overpass API", "evidence_class": "observed_public_geometry"}}, {"type": "Feature", "id": "osm-substation-244622100", "geometry": {"type": "Point", "coordinates": [28.1705296, -25.6576494]}, "properties": {"osm_id": 244622100, "power": "substation", "name": null, "voltage": "132000", "operator": null, "source": "OpenStreetMap via Overpass API", "evidence_class": "observed_public_geometry"}}, {"type": "Feature", "id": "osm-substation-244630083", "geometry": {"type": "Point", "coordinates": [28.2500081, -25.7605611]}, "properties": {"osm_id": 244630083, "power": "substation", "name": "Lynnwood Substation", "voltage": "132000", "operator": "Tshwane Electricity", "source": "OpenStreetMap via Overpass API", "evidence_class": "observed_public_geometry"}}, {"type": "Feature", "id": "osm-substation-244989891", "geometry": {"type": "Point", "coordinates": [28.4259674, -26.4661327]}, "properties": {"osm_id": 244989891, "power": "substation", "name": null, "voltage": "132000", "operator": null, "source": "OpenStreetMap via Overpass API", "evidence_class": "observed_public_geometry"}}, {"type": "Feature", "id": "osm-substation-244993716", "geometry": {"type": "Point", "coordinates": [29.1428651, -26.5850805]}, "properties": {"osm_id": 244993716, "power": "substation", "name": null, "voltage": "132000", "operator": null, "source": "OpenStreetMap via Overpass API", "evidence_class": "observed_public_geometry"}}, {"type": "Feature", "id": "osm-substation-245001788", "geometry": {"type": "Point", "coordinates": [27.0692247, -26.7260491]}, "properties": {"osm_id": 245001788, "power": "substation", "name": null, "voltage": "88000", "operator": null, "source": "OpenStreetMap via Overpass API", "evidence_class": "observed_public_geometry"}}, {"type": "Feature", "id": "osm-substation-245001795", "geometry": {"type": "Point", "coordinates": [27.0292615, -26.7384128]}, "properties": {"osm_id": 245001795, "power": "substation", "name": null, "voltage": null, "operator": null, "source": "OpenStreetMap via Overpass API", "evidence_class": "observed_public_geometry"}}, {"type": "Feature", "id": "osm-substation-245001797", "geometry": {"type": "Point", "coordinates": [27.7879424, -26.8001494]}, "properties": {"osm_id": 245001797, "power": "substation", "name": "Sigma Shaft Substation", "voltage": "88000", "operator": "Eskom", "source": "OpenStreetMap via Overpass API", "evidence_class": "observed_public_geometry"}}, {"type": "Feature", "id": "osm-substation-245001799", "geometry": {"type": "Point", "coordinates": [26.8078858, -26.8344204]}, "properties": {"osm_id": 245001799, "power": "substation", "name": "Margaret Shaft", "voltage": null, "operator": "Eskom", "source": "OpenStreetMap via Overpass API", "evidence_class": "observed_public_geometry"}}, {"type": "Feature", "id": "osm-substation-245364037", "geometry": {"type": "Point", "coordinates": [27.9185247, -25.800782]}, "properties": {"osm_id": 245364037, "power": "substation", "name": null, "voltage": null, "operator": null, "source": "OpenStreetMap via Overpass API", "evidence_class": "observed_public_geometry"}}, {"type": "Feature", "id": "osm-substation-245364049", "geometry": {"type": "Point", "coordinates": [27.9502751, -25.7880984]}, "properties": {"osm_id": 245364049, "power": "substation", "name": null, "voltage": "88000", "operator": null, "source": "OpenStreetMap via Overpass API", "evidence_class": "observed_public_geometry"}}, {"type": "Feature", "id": "osm-substation-245477130", "geometry": {"type": "Point", "coordinates": [27.9386713, -25.8352898]}, "properties": {"osm_id": 245477130, "power": "substation", "name": null, "voltage": "88000", "operator": null, "source": "OpenStreetMap via Overpass API", "evidence_class": "observed_public_geometry"}}, {"type": "Feature", "id": "osm-substation-245477131", "geometry": {"type": "Point", "coordinates": [27.9703256, -25.775047]}, "properties": {"osm_id": 245477131, "power": "substation", "name": null, "voltage": "88000", "operator": null, "source": "OpenStreetMap via Overpass API", "evidence_class": "observed_public_geometry"}}, {"type": "Feature", "id": "osm-substation-247929985", "geometry": {"type": "Point", "coordinates": [29.1272039, -26.2598258]}, "properties": {"osm_id": 247929985, "power": "substation", "name": "Matla Colliery", "voltage": "132000", "operator": null, "source": "OpenStreetMap via Overpass API", "evidence_class": "observed_public_geometry"}}, {"type": "Feature", "id": "osm-substation-247947715", "geometry": {"type": "Point", "coordinates": [29.1631756, -26.5650853]}, "properties": {"osm_id": 247947715, "power": "substation", "name": null, "voltage": "132000", "operator": null, "source": "OpenStreetMap via Overpass API", "evidence_class": "observed_public_geometry"}}, {"type": "Feature", "id": "osm-substation-247947723", "geometry": {"type": "Point", "coordinates": [29.236622, -26.5787811]}, "properties": {"osm_id": 247947723, "power": "substation", "name": null, "voltage": "132000", "operator": null, "source": "OpenStreetMap via Overpass API", "evidence_class": "observed_public_geometry"}}, {"type": "Feature", "id": "osm-substation-247947724", "geometry": {"type": "Point", "coordinates": [29.1469347, -26.5584675]}, "properties": {"osm_id": 247947724, "power": "substation", "name": null, "voltage": "132000", "operator": null, "source": "OpenStreetMap via Overpass API", "evidence_class": "observed_public_geometry"}}, {"type": "Feature", "id": "osm-substation-247950454", "geometry": {"type": "Point", "coordinates": [29.0643471, -26.5098133]}, "properties": {"osm_id": 247950454, "power": "substation", "name": "Bracken", "voltage": "88000", "operator": null, "source": "OpenStreetMap via Overpass API", "evidence_class": "observed_public_geometry"}}, {"type": "Feature", "id": "osm-substation-247950457", "geometry": {"type": "Point", "coordinates": [29.1415731, -26.5086856]}, "properties": {"osm_id": 247950457, "power": "substation", "name": null, "voltage": "88000", "operator": null, "source": "OpenStreetMap via Overpass API", "evidence_class": "observed_public_geometry"}}, {"type": "Feature", "id": "osm-substation-247950458", "geometry": {"type": "Point", "coordinates": [29.045094, -26.5052946]}, "properties": {"osm_id": 247950458, "power": "substation", "name": null, "voltage": "132000", "operator": null, "source": "OpenStreetMap via Overpass API", "evidence_class": "observed_public_geometry"}}, {"type": "Feature", "id": "osm-substation-248388688", "geometry": {"type": "Point", "coordinates": [29.2646165, -26.0219367]}, "properties": {"osm_id": 248388688, "power": "substation", "name": null, "voltage": "132000", "operator": null, "source": "OpenStreetMap via Overpass API", "evidence_class": "observed_public_geometry"}}, {"type": "Feature", "id": "osm-substation-248388690", "geometry": {"type": "Point", "coordinates": [29.0563919, -26.0476673]}, "properties": {"osm_id": 248388690, "power": "substation", "name": null, "voltage": "88000", "operator": null, "source": "OpenStreetMap via Overpass API", "evidence_class": "observed_public_geometry"}}, {"type": "Feature", "id": "osm-substation-248388691", "geometry": {"type": "Point", "coordinates": [29.1812453, -25.9557858]}, "properties": {"osm_id": 248388691, "power": "substation", "name": null, "voltage": "132000", "operator": null, "source": "OpenStreetMap via Overpass API", "evidence_class": "observed_public_geometry"}}, {"type": "Feature", "id": "osm-substation-248388693", "geometry": {"type": "Point", "coordinates": [28.9959989, -26.1233338]}, "properties": {"osm_id": 248388693, "power": "substation", "name": null, "voltage": "88000", "operator": null, "source": "OpenStreetMap via Overpass API", "evidence_class": "observed_public_geometry"}}, {"type": "Feature", "id": "osm-substation-248388696", "geometry": {"type": "Point", "coordinates": [29.2008455, -25.8855835]}, "properties": {"osm_id": 248388696, "power": "substation", "name": null, "voltage": "132000", "operator": null, "source": "OpenStreetMap via Overpass API", "evidence_class": "observed_public_geometry"}}, {"type": "Feature", "id": "osm-substation-248388701", "geometry": {"type": "Point", "coordinates": [29.2647854, -26.0211633]}, "properties": {"osm_id": 248388701, "power": "substation", "name": null, "voltage": "132000", "operator": null, "source": "OpenStreetMap via Overpass API", "evidence_class": "observed_public_geometry"}}, {"type": "Feature", "id": "osm-substation-248388704", "geometry": {"type": "Point", "coordinates": [28.9675109, -26.0835299]}, "properties": {"osm_id": 248388704, "power": "substation", "name": null, "voltage": "88000", "operator": null, "source": "OpenStreetMap via Overpass API", "evidence_class": "observed_public_geometry"}}, {"type": "Feature", "id": "osm-substation-248388707", "geometry": {"type": "Point", "coordinates": [29.2035636, -26.0280342]}, "properties": {"osm_id": 248388707, "power": "substation", "name": null, "voltage": "132000", "operator": null, "source": "OpenStreetMap via Overpass API", "evidence_class": "observed_public_geometry"}}, {"type": "Feature", "id": "osm-substation-248388709", "geometry": {"type": "Point", "coordinates": [29.213663, -25.8891976]}, "properties": {"osm_id": 248388709, "power": "substation", "name": null, "voltage": "132000", "operator": null, "source": "OpenStreetMap via Overpass API", "evidence_class": "observed_public_geometry"}}, {"type": "Feature", "id": "osm-substation-248396977", "geometry": {"type": "Point", "coordinates": [29.1732371, -25.8574805]}, "properties": {"osm_id": 248396977, "power": "substation", "name": null, "voltage": "132000", "operator": null, "source": "OpenStreetMap via Overpass API", "evidence_class": "observed_public_geometry"}}, {"type": "Feature", "id": "osm-substation-248396983", "geometry": {"type": "Point", "coordinates": [29.27158, -25.8712711]}, "properties": {"osm_id": 248396983, "power": "substation", "name": null, "voltage": "132000", "operator": null, "source": "OpenStreetMap via Overpass API", "evidence_class": "observed_public_geometry"}}, {"type": "Feature", "id": "osm-substation-248396984", "geometry": {"type": "Point", "coordinates": [29.119127, -25.8980252]}, "properties": {"osm_id": 248396984, "power": "substation", "name": null, "voltage": "132000", "operator": null, "source": "OpenStreetMap via Overpass API", "evidence_class": "observed_public_geometry"}}, {"type": "Feature", "id": "osm-substation-248396986", "geometry": {"type": "Point", "coordinates": [29.1151688, -25.8377384]}, "properties": {"osm_id": 248396986, "power": "substation", "name": null, "voltage": "132000", "operator": null, "source": "OpenStreetMap via Overpass API", "evidence_class": "observed_public_geometry"}}, {"type": "Feature", "id": "osm-substation-248396987", "geometry": {"type": "Point", "coordinates": [29.1777416, -25.8591404]}, "properties": {"osm_id": 248396987, "power": "substation", "name": null, "voltage": "132000", "operator": null, "source": "OpenStreetMap via Overpass API", "evidence_class": "observed_public_geometry"}}, {"type": "Feature", "id": "osm-substation-248595055", "geometry": {"type": "Point", "coordinates": [29.3053447, -26.0914359]}, "properties": {"osm_id": 248595055, "power": "substation", "name": null, "voltage": "132000", "operator": null, "source": "OpenStreetMap via Overpass API", "evidence_class": "observed_public_geometry"}}, {"type": "Feature", "id": "osm-substation-248595077", "geometry": {"type": "Point", "coordinates": [29.2303497, -26.0824012]}, "properties": {"osm_id": 248595077, "power": "substation", "name": null, "voltage": "132000", "operator": null, "source": "OpenStreetMap via Overpass API", "evidence_class": "observed_public_geometry"}}, {"type": "Feature", "id": "osm-substation-248595079", "geometry": {"type": "Point", "coordinates": [29.3829389, -26.1072999]}, "properties": {"osm_id": 248595079, "power": "substation", "name": null, "voltage": "132000", "operator": null, "source": "OpenStreetMap via Overpass API", "evidence_class": "observed_public_geometry"}}, {"type": "Feature", "id": "osm-substation-248595080", "geometry": {"type": "Point", "coordinates": [29.2879599, -26.1084172]}, "properties": {"osm_id": 248595080, "power": "substation", "name": null, "voltage": "132000", "operator": null, "source": "OpenStreetMap via Overpass API", "evidence_class": "observed_public_geometry"}}, {"type": "Feature", "id": "osm-substation-248595085", "geometry": {"type": "Point", "coordinates": [29.4118951, -26.0998677]}, "properties": {"osm_id": 248595085, "power": "substation", "name": null, "voltage": "132000", "operator": null, "source": "OpenStreetMap via Overpass API", "evidence_class": "observed_public_geometry"}}, {"type": "Feature", "id": "osm-substation-248595093", "geometry": {"type": "Point", "coordinates": [29.3851964, -26.1049252]}, "properties": {"osm_id": 248595093, "power": "substation", "name": null, "voltage": "132000", "operator": null, "source": "OpenStreetMap via Overpass API", "evidence_class": "observed_public_geometry"}}, {"type": "Feature", "id": "osm-substation-248602908", "geometry": {"type": "Point", "coordinates": [29.4710777, -25.7761284]}, "properties": {"osm_id": 248602908, "power": "substation", "name": null, "voltage": "88000", "operator": null, "source": "OpenStreetMap via Overpass API", "evidence_class": "observed_public_geometry"}}, {"type": "Feature", "id": "osm-substation-248602911", "geometry": {"type": "Point", "coordinates": [28.990773, -26.0764982]}, "properties": {"osm_id": 248602911, "power": "substation", "name": null, "voltage": "88000", "operator": null, "source": "OpenStreetMap via Overpass API", "evidence_class": "observed_public_geometry"}}, {"type": "Feature", "id": "osm-substation-248602913", "geometry": {"type": "Point", "coordinates": [29.4689791, -25.7887593]}, "properties": {"osm_id": 248602913, "power": "substation", "name": null, "voltage": null, "operator": null, "source": "OpenStreetMap via Overpass API", "evidence_class": "observed_public_geometry"}}, {"type": "Feature", "id": "osm-substation-248602914", "geometry": {"type": "Point", "coordinates": [29.4342771, -25.7705402]}, "properties": {"osm_id": 248602914, "power": "substation", "name": null, "voltage": "132000", "operator": null, "source": "OpenStreetMap via Overpass API", "evidence_class": "observed_public_geometry"}}, {"type": "Feature", "id": "osm-substation-248602916", "geometry": {"type": "Point", "coordinates": [28.9993262, -26.0515304]}, "properties": {"osm_id": 248602916, "power": "substation", "name": null, "voltage": "132000", "operator": null, "source": "OpenStreetMap via Overpass API", "evidence_class": "observed_public_geometry"}}, {"type": "Feature", "id": "osm-substation-248602917", "geometry": {"type": "Point", "coordinates": [29.4329457, -25.8075544]}, "properties": {"osm_id": 248602917, "power": "substation", "name": null, "voltage": null, "operator": null, "source": "OpenStreetMap via Overpass API", "evidence_class": "observed_public_geometry"}}, {"type": "Feature", "id": "osm-substation-248604866", "geometry": {"type": "Point", "coordinates": [28.5009682, -25.8410928]}, "properties": {"osm_id": 248604866, "power": "substation", "name": null, "voltage": "88000", "operator": null, "source": "OpenStreetMap via Overpass API", "evidence_class": "observed_public_geometry"}}, {"type": "Feature", "id": "osm-substation-248604870", "geometry": {"type": "Point", "coordinates": [28.4009114, -26.1446099]}, "properties": {"osm_id": 248604870, "power": "substation", "name": null, "voltage": "132000", "operator": null, "source": "OpenStreetMap via Overpass API", "evidence_class": "observed_public_geometry"}}, {"type": "Feature", "id": "osm-substation-248895705", "geometry": {"type": "Point", "coordinates": [29.2805467, -26.6792765]}, "properties": {"osm_id": 248895705, "power": "substation", "name": "Grootfontein", "voltage": "132000", "operator": null, "source": "OpenStreetMap via Overpass API", "evidence_class": "observed_public_geometry"}}, {"type": "Feature", "id": "osm-substation-248922078", "geometry": {"type": "Point", "coordinates": [28.2528213, -26.8769822]}, "properties": {"osm_id": 248922078, "power": "substation", "name": null, "voltage": "88000", "operator": null, "source": "OpenStreetMap via Overpass API", "evidence_class": "observed_public_geometry"}}, {"type": "Feature", "id": "osm-substation-248922080", "geometry": {"type": "Point", "coordinates": [28.7673134, -26.7481757]}, "properties": {"osm_id": 248922080, "power": "substation", "name": null, "voltage": "88000", "operator": null, "source": "OpenStreetMap via Overpass API", "evidence_class": "observed_public_geometry"}}, {"type": "Feature", "id": "osm-substation-248930034", "geometry": {"type": "Point", "coordinates": [29.2933063, -26.91465]}, "properties": {"osm_id": 248930034, "power": "substation", "name": "Grootdraai", "voltage": null, "operator": null, "source": "OpenStreetMap via Overpass API", "evidence_class": "observed_public_geometry"}}, {"type": "Feature", "id": "osm-substation-248939976", "geometry": {"type": "Point", "coordinates": [29.2136074, -26.3556723]}, "properties": {"osm_id": 248939976, "power": "substation", "name": "Rietfontein", "voltage": "132000", "operator": null, "source": "OpenStreetMap via Overpass API", "evidence_class": "observed_public_geometry"}}, {"type": "Feature", "id": "osm-substation-252689385", "geometry": {"type": "Point", "coordinates": [29.1224327, -26.0451586]}, "properties": {"osm_id": 252689385, "power": "substation", "name": null, "voltage": "132000", "operator": null, "source": "OpenStreetMap via Overpass API", "evidence_class": "observed_public_geometry"}}, {"type": "Feature", "id": "osm-substation-252689387", "geometry": {"type": "Point", "coordinates": [29.1690448, -26.0683723]}, "properties": {"osm_id": 252689387, "power": "substation", "name": null, "voltage": "132000", "operator": null, "source": "OpenStreetMap via Overpass API", "evidence_class": "observed_public_geometry"}}, {"type": "Feature", "id": "osm-substation-252829760", "geometry": {"type": "Point", "coordinates": [28.7324316, -25.7549804]}, "properties": {"osm_id": 252829760, "power": "substation", "name": null, "voltage": "132000", "operator": null, "source": "OpenStreetMap via Overpass API", "evidence_class": "observed_public_geometry"}}, {"type": "Feature", "id": "osm-substation-252829762", "geometry": {"type": "Point", "coordinates": [28.2924544, -25.6674276]}, "properties": {"osm_id": 252829762, "power": "substation", "name": "Pumulani Substation", "voltage": "132000", "operator": "Tshwane Electricity", "source": "OpenStreetMap via Overpass API", "evidence_class": "observed_public_geometry"}}, {"type": "Feature", "id": "osm-substation-252829763", "geometry": {"type": "Point", "coordinates": [28.5353838, -25.5053121]}, "properties": {"osm_id": 252829763, "power": "substation", "name": null, "voltage": "132000", "operator": null, "source": "OpenStreetMap via Overpass API", "evidence_class": "observed_public_geometry"}}, {"type": "Feature", "id": "osm-substation-252829764", "geometry": {"type": "Point", "coordinates": [28.7865122, -25.8061192]}, "properties": {"osm_id": 252829764, "power": "substation", "name": null, "voltage": "88000;3000", "operator": null, "source": "OpenStreetMap via Overpass API", "evidence_class": "observed_public_geometry"}}, {"type": "Feature", "id": "osm-substation-252829766", "geometry": {"type": "Point", "coordinates": [28.7703122, -25.8127334]}, "properties": {"osm_id": 252829766, "power": "substation", "name": null, "voltage": "88000", "operator": null, "source": "OpenStreetMap via Overpass API", "evidence_class": "observed_public_geometry"}}, {"type": "Feature", "id": "osm-substation-252829767", "geometry": {"type": "Point", "coordinates": [28.7346122, -25.802712]}, "properties": {"osm_id": 252829767, "power": "substation", "name": "Bronkhorstspruit Substation", "voltage": "132000;11000", "operator": null, "source": "OpenStreetMap via Overpass API", "evidence_class": "observed_public_geometry"}}, {"type": "Feature", "id": "osm-substation-252829772", "geometry": {"type": "Point", "coordinates": [28.6330151, -25.7729876]}, "properties": {"osm_id": 252829772, "power": "substation", "name": null, "voltage": "88000", "operator": null, "source": "OpenStreetMap via Overpass API", "evidence_class": "observed_public_geometry"}}, {"type": "Feature", "id": "osm-substation-252923210", "geometry": {"type": "Point", "coordinates": [28.9221606, -25.8474768]}, "properties": {"osm_id": 252923210, "power": "substation", "name": null, "voltage": "88000;3000", "operator": null, "source": "OpenStreetMap via Overpass API", "evidence_class": "observed_public_geometry"}}, {"type": "Feature", "id": "osm-substation-252923211", "geometry": {"type": "Point", "coordinates": [29.0586969, -25.8863281]}, "properties": {"osm_id": 252923211, "power": "substation", "name": null, "voltage": "88000;3000", "operator": null, "source": "OpenStreetMap via Overpass API", "evidence_class": "observed_public_geometry"}}, {"type": "Feature", "id": "osm-substation-252927146", "geometry": {"type": "Point", "coordinates": [27.9893336, -26.1512926]}, "properties": {"osm_id": 252927146, "power": "substation", "name": "Roosevelt Park Substation", "voltage": "88000", "operator": "City Power", "source": "OpenStreetMap via Overpass API", "evidence_class": "observed_public_geometry"}}, {"type": "Feature", "id": "osm-substation-256288466", "geometry": {"type": "Point", "coordinates": [29.4673136, -24.0307711]}, "properties": {"osm_id": 256288466, "power": "substation", "name": null, "voltage": "132000", "operator": null, "source": "OpenStreetMap via Overpass API", "evidence_class": "observed_public_geometry"}}, {"type": "Feature", "id": "osm-substation-256288467", "geometry": {"type": "Point", "coordinates": [29.4522967, -23.8804331]}, "properties": {"osm_id": 256288467, "power": "substation", "name": null, "voltage": "66000", "operator": null, "source": "OpenStreetMap via Overpass API", "evidence_class": "observed_public_geometry"}}, {"type": "Feature", "id": "osm-substation-256288471", "geometry": {"type": "Point", "coordinates": [28.8265789, -24.6099024]}, "properties": {"osm_id": 256288471, "power": "substation", "name": null, "voltage": "132000", "operator": null, "source": "OpenStreetMap via Overpass API", "evidence_class": "observed_public_geometry"}}, {"type": "Feature", "id": "osm-substation-256288472", "geometry": {"type": "Point", "coordinates": [29.0156793, -24.163832]}, "properties": {"osm_id": 256288472, "power": "substation", "name": null, "voltage": null, "operator": null, "source": "OpenStreetMap via Overpass API", "evidence_class": "observed_public_geometry"}}, {"type": "Feature", "id": "osm-substation-256288473", "geometry": {"type": "Point", "coordinates": [29.4669683, -24.0295665]}, "properties": {"osm_id": 256288473, "power": "substation", "name": null, "voltage": null, "operator": null, "source": "OpenStreetMap via Overpass API", "evidence_class": "observed_public_geometry"}}, {"type": "Feature", "id": "osm-substation-256288474", "geometry": {"type": "Point", "coordinates": [28.9282022, -24.0105059]}, "properties": {"osm_id": 256288474, "power": "substation", "name": null, "voltage": "132000", "operator": null, "source": "OpenStreetMap via Overpass API", "evidence_class": "observed_public_geometry"}}, {"type": "Feature", "id": "osm-substation-256288476", "geometry": {"type": "Point", "coordinates": [29.4410289, -23.9055469]}, "properties": {"osm_id": 256288476, "power": "substation", "name": null, "voltage": "66000", "operator": null, "source": "OpenStreetMap via Overpass API", "evidence_class": "observed_public_geometry"}}, {"type": "Feature", "id": "osm-substation-256954775", "geometry": {"type": "Point", "coordinates": [28.1399519, -26.296422]}, "properties": {"osm_id": 256954775, "power": "substation", "name": null, "voltage": null, "operator": null, "source": "OpenStreetMap via Overpass API", "evidence_class": "observed_public_geometry"}}, {"type": "Feature", "id": "osm-substation-257362043", "geometry": {"type": "Point", "coordinates": [27.530152, -25.6893345]}, "properties": {"osm_id": 257362043, "power": "substation", "name": null, "voltage": "88000", "operator": null, "source": "OpenStreetMap via Overpass API", "evidence_class": "observed_public_geometry"}}, {"type": "Feature", "id": "osm-substation-257362044", "geometry": {"type": "Point", "coordinates": [27.6125788, -25.6952665]}, "properties": {"osm_id": 257362044, "power": "substation", "name": null, "voltage": "88000", "operator": null, "source": "OpenStreetMap via Overpass API", "evidence_class": "observed_public_geometry"}}, {"type": "Feature", "id": "osm-substation-257362045", "geometry": {"type": "Point", "coordinates": [27.6114857, -25.7264008]}, "properties": {"osm_id": 257362045, "power": "substation", "name": null, "voltage": "88000", "operator": null, "source": "OpenStreetMap via Overpass API", "evidence_class": "observed_public_geometry"}}, {"type": "Feature", "id": "osm-substation-257362047", "geometry": {"type": "Point", "coordinates": [27.5713061, -25.7018262]}, "properties": {"osm_id": 257362047, "power": "substation", "name": null, "voltage": null, "operator": null, "source": "OpenStreetMap via Overpass API", "evidence_class": "observed_public_geometry"}}, {"type": "Feature", "id": "osm-substation-257362049", "geometry": {"type": "Point", "coordinates": [27.8629436, -25.6518058]}, "properties": {"osm_id": 257362049, "power": "substation", "name": null, "voltage": "132000", "operator": null, "source": "OpenStreetMap via Overpass API", "evidence_class": "observed_public_geometry"}}, {"type": "Feature", "id": "osm-substation-257362063", "geometry": {"type": "Point", "coordinates": [27.8455962, -25.6525617]}, "properties": {"osm_id": 257362063, "power": "substation", "name": null, "voltage": "132000", "operator": null, "source": "OpenStreetMap via Overpass API", "evidence_class": "observed_public_geometry"}}, {"type": "Feature", "id": "osm-substation-257362073", "geometry": {"type": "Point", "coordinates": [27.5777639, -25.7137555]}, "properties": {"osm_id": 257362073, "power": "substation", "name": null, "voltage": "88000", "operator": null, "source": "OpenStreetMap via Overpass API", "evidence_class": "observed_public_geometry"}}, {"type": "Feature", "id": "osm-substation-258020262", "geometry": {"type": "Point", "coordinates": [29.4721412, -23.8763981]}, "properties": {"osm_id": 258020262, "power": "substation", "name": null, "voltage": "66000", "operator": null, "source": "OpenStreetMap via Overpass API", "evidence_class": "observed_public_geometry"}}, {"type": "Feature", "id": "osm-substation-258020263", "geometry": {"type": "Point", "coordinates": [28.4121398, -24.7175043]}, "properties": {"osm_id": 258020263, "power": "substation", "name": "Nylstroom Munic Substation", "voltage": "132000;66000", "operator": null, "source": "OpenStreetMap via Overpass API", "evidence_class": "observed_public_geometry"}}, {"type": "Feature", "id": "osm-substation-258020269", "geometry": {"type": "Point", "coordinates": [29.463974, -24.2793403]}, "properties": {"osm_id": 258020269, "power": "substation", "name": null, "voltage": "132000", "operator": null, "source": "OpenStreetMap via Overpass API", "evidence_class": "observed_public_geometry"}}, {"type": "Feature", "id": "osm-substation-258020275", "geometry": {"type": "Point", "coordinates": [28.3255702, -24.8905058]}, "properties": {"osm_id": 258020275, "power": "substation", "name": "Warmbad Substation", "voltage": "275000;132000;66000", "operator": "Eskom", "source": "OpenStreetMap via Overpass API", "evidence_class": "observed_public_geometry"}}, {"type": "Feature", "id": "osm-substation-258081837", "geometry": {"type": "Point", "coordinates": [29.4092788, -23.3698204]}, "properties": {"osm_id": 258081837, "power": "substation", "name": null, "voltage": "132000", "operator": null, "source": "OpenStreetMap via Overpass API", "evidence_class": "observed_public_geometry"}}, {"type": "Feature", "id": "osm-substation-258081846", "geometry": {"type": "Point", "coordinates": [29.2554323, -22.9891186]}, "properties": {"osm_id": 258081846, "power": "substation", "name": null, "voltage": "132000", "operator": null, "source": "OpenStreetMap via Overpass API", "evidence_class": "observed_public_geometry"}}, {"type": "Feature", "id": "osm-substation-258081847", "geometry": {"type": "Point", "coordinates": [29.4093326, -23.3690595]}, "properties": {"osm_id": 258081847, "power": "substation", "name": null, "voltage": "132000", "operator": null, "source": "OpenStreetMap via Overpass API", "evidence_class": "observed_public_geometry"}}, {"type": "Feature", "id": "osm-substation-258149145", "geometry": {"type": "Point", "coordinates": [29.3227363, -22.4563011]}, "properties": {"osm_id": 258149145, "power": "substation", "name": null, "voltage": "132000", "operator": null, "source": "OpenStreetMap via Overpass API", "evidence_class": "observed_public_geometry"}}, {"type": "Feature", "id": "osm-substation-258194934", "geometry": {"type": "Point", "coordinates": [29.1404835, -23.2673646]}, "properties": {"osm_id": 258194934, "power": "substation", "name": null, "voltage": "132000", "operator": null, "source": "OpenStreetMap via Overpass API", "evidence_class": "observed_public_geometry"}}, {"type": "Feature", "id": "osm-substation-258302973", "geometry": {"type": "Point", "coordinates": [28.3260947, -24.6148546]}, "properties": {"osm_id": 258302973, "power": "substation", "name": "Kareefontein Substation", "voltage": "66000", "operator": "Eskom", "source": "OpenStreetMap via Overpass API", "evidence_class": "observed_public_geometry"}}, {"type": "Feature", "id": "osm-substation-258302974", "geometry": {"type": "Point", "coordinates": [28.9188235, -23.981313]}, "properties": {"osm_id": 258302974, "power": "substation", "name": null, "voltage": null, "operator": null, "source": "OpenStreetMap via Overpass API", "evidence_class": "observed_public_geometry"}}, {"type": "Feature", "id": "osm-substation-258302976", "geometry": {"type": "Point", "coordinates": [28.9181471, -23.9801543]}, "properties": {"osm_id": 258302976, "power": "substation", "name": null, "voltage": "132000", "operator": null, "source": "OpenStreetMap via Overpass API", "evidence_class": "observed_public_geometry"}}, {"type": "Feature", "id": "osm-substation-258538144", "geometry": {"type": "Point", "coordinates": [29.0755776, -25.1931042]}, "properties": {"osm_id": 258538144, "power": "substation", "name": "Wolwekraal Substation", "voltage": "132000", "operator": null, "source": "OpenStreetMap via Overpass API", "evidence_class": "observed_public_geometry"}}, {"type": "Feature", "id": "osm-substation-258921536", "geometry": {"type": "Point", "coordinates": [28.0657486, -25.6072893]}, "properties": {"osm_id": 258921536, "power": "substation", "name": null, "voltage": "88000", "operator": null, "source": "OpenStreetMap via Overpass API", "evidence_class": "observed_public_geometry"}}, {"type": "Feature", "id": "osm-substation-259367748", "geometry": {"type": "Point", "coordinates": [28.1925344, -25.7625092]}, "properties": {"osm_id": 259367748, "power": "substation", "name": "Pretoria Station Traction Substation", "voltage": null, "operator": null, "source": "OpenStreetMap via Overpass API", "evidence_class": "observed_public_geometry"}}, {"type": "Feature", "id": "osm-substation-259442142", "geometry": {"type": "Point", "coordinates": [29.2358134, -26.0740659]}, "properties": {"osm_id": 259442142, "power": "substation", "name": null, "voltage": null, "operator": null, "source": "OpenStreetMap via Overpass API", "evidence_class": "observed_public_geometry"}}, {"type": "Feature", "id": "osm-substation-259442144", "geometry": {"type": "Point", "coordinates": [29.1724077, -26.2528718]}, "properties": {"osm_id": 259442144, "power": "substation", "name": null, "voltage": "132000", "operator": null, "source": "OpenStreetMap via Overpass API", "evidence_class": "observed_public_geometry"}}, {"type": "Feature", "id": "osm-substation-259442152", "geometry": {"type": "Point", "coordinates": [29.4706959, -26.0837261]}, "properties": {"osm_id": 259442152, "power": "substation", "name": null, "voltage": "132000", "operator": null, "source": "OpenStreetMap via Overpass API", "evidence_class": "observed_public_geometry"}}, {"type": "Feature", "id": "osm-substation-259442155", "geometry": {"type": "Point", "coordinates": [29.2111837, -26.090682]}, "properties": {"osm_id": 259442155, "power": "substation", "name": null, "voltage": "132000", "operator": null, "source": "OpenStreetMap via Overpass API", "evidence_class": "observed_public_geometry"}}, {"type": "Feature", "id": "osm-substation-259442157", "geometry": {"type": "Point", "coordinates": [29.2566973, -26.2531724]}, "properties": {"osm_id": 259442157, "power": "substation", "name": null, "voltage": "132000", "operator": null, "source": "OpenStreetMap via Overpass API", "evidence_class": "observed_public_geometry"}}, {"type": "Feature", "id": "osm-substation-259442159", "geometry": {"type": "Point", "coordinates": [29.4676268, -26.0913914]}, "properties": {"osm_id": 259442159, "power": "substation", "name": null, "voltage": null, "operator": null, "source": "OpenStreetMap via Overpass API", "evidence_class": "observed_public_geometry"}}, {"type": "Feature", "id": "osm-substation-259442168", "geometry": {"type": "Point", "coordinates": [29.4781957, -26.4292936]}, "properties": {"osm_id": 259442168, "power": "substation", "name": null, "voltage": "132000", "operator": null, "source": "OpenStreetMap via Overpass API", "evidence_class": "observed_public_geometry"}}, {"type": "Feature", "id": "osm-substation-259442169", "geometry": {"type": "Point", "coordinates": [29.2063925, -26.1645377]}, "properties": {"osm_id": 259442169, "power": "substation", "name": null, "voltage": "132000", "operator": null, "source": "OpenStreetMap via Overpass API", "evidence_class": "observed_public_geometry"}}, {"type": "Feature", "id": "osm-substation-259442170", "geometry": {"type": "Point", "coordinates": [29.3529298, -26.0055566]}, "properties": {"osm_id": 259442170, "power": "substation", "name": null, "voltage": "132000", "operator": null, "source": "OpenStreetMap via Overpass API", "evidence_class": "observed_public_geometry"}}, {"type": "Feature", "id": "osm-substation-259701145", "geometry": {"type": "Point", "coordinates": [29.2191123, -24.0465979]}, "properties": {"osm_id": 259701145, "power": "substation", "name": null, "voltage": "132000", "operator": null, "source": "OpenStreetMap via Overpass API", "evidence_class": "observed_public_geometry"}}, {"type": "Feature", "id": "osm-substation-259838287", "geometry": {"type": "Point", "coordinates": [28.1154618, -26.2079054]}, "properties": {"osm_id": 259838287, "power": "substation", "name": "Cleveland Substation", "voltage": "88000", "operator": "City Power", "source": "OpenStreetMap via Overpass API", "evidence_class": "observed_public_geometry"}}, {"type": "Feature", "id": "osm-substation-262596772", "geometry": {"type": "Point", "coordinates": [26.7790574, -26.88273]}, "properties": {"osm_id": 262596772, "power": "substation", "name": null, "voltage": "88000", "operator": null, "source": "OpenStreetMap via Overpass API", "evidence_class": "observed_public_geometry"}}, {"type": "Feature", "id": "osm-substation-262596774", "geometry": {"type": "Point", "coordinates": [26.7404548, -26.9387118]}, "properties": {"osm_id": 262596774, "power": "substation", "name": null, "voltage": "88000", "operator": null, "source": "OpenStreetMap via Overpass API", "evidence_class": "observed_public_geometry"}}, {"type": "Feature", "id": "osm-substation-262724531", "geometry": {"type": "Point", "coordinates": [25.9692685, -24.5728917]}, "properties": {"osm_id": 262724531, "power": "substation", "name": "Phakalane Substation", "voltage": "132000", "operator": null, "source": "OpenStreetMap via Overpass API", "evidence_class": "observed_public_geometry"}}, {"type": "Feature", "id": "osm-substation-262751379", "geometry": {"type": "Point", "coordinates": [27.052286, -22.5228039]}, "properties": {"osm_id": 262751379, "power": "substation", "name": null, "voltage": "400000", "operator": null, "source": "OpenStreetMap via Overpass API", "evidence_class": "observed_public_geometry"}}, {"type": "Feature", "id": "osm-substation-262751403", "geometry": {"type": "Point", "coordinates": [27.0364343, -22.5330085]}, "properties": {"osm_id": 262751403, "power": "substation", "name": null, "voltage": "132000", "operator": null, "source": "OpenStreetMap via Overpass API", "evidence_class": "observed_public_geometry"}}, {"type": "Feature", "id": "osm-substation-262755473", "geometry": {"type": "Point", "coordinates": [26.4720167, -18.3827895]}, "properties": {"osm_id": 262755473, "power": "substation", "name": "Hwange", "voltage": null, "operator": null, "source": "OpenStreetMap via Overpass API", "evidence_class": "observed_public_geometry"}}, {"type": "Feature", "id": "osm-substation-262773640", "geometry": {"type": "Point", "coordinates": [25.8385003, -17.9353697]}, "properties": {"osm_id": 262773640, "power": "substation", "name": null, "voltage": "88000", "operator": null, "source": "OpenStreetMap via Overpass API", "evidence_class": "observed_public_geometry"}}, {"type": "Feature", "id": "osm-substation-262773646", "geometry": {"type": "Point", "coordinates": [26.4383828, -18.4339577]}, "properties": {"osm_id": 262773646, "power": "substation", "name": null, "voltage": null, "operator": null, "source": "OpenStreetMap via Overpass API", "evidence_class": "observed_public_geometry"}}, {"type": "Feature", "id": "osm-substation-262831542", "geometry": {"type": "Point", "coordinates": [27.9903618, -26.5796637]}, "properties": {"osm_id": 262831542, "power": "substation", "name": "Amcor Substation", "voltage": "88000", "operator": null, "source": "OpenStreetMap via Overpass API", "evidence_class": "observed_public_geometry"}}, {"type": "Feature", "id": "osm-substation-262831543", "geometry": {"type": "Point", "coordinates": [27.9528123, -26.6441588]}, "properties": {"osm_id": 262831543, "power": "substation", "name": null, "voltage": null, "operator": null, "source": "OpenStreetMap via Overpass API", "evidence_class": "observed_public_geometry"}}, {"type": "Feature", "id": "osm-substation-262831544", "geometry": {"type": "Point", "coordinates": [27.9435254, -26.6623816]}, "properties": {"osm_id": 262831544, "power": "substation", "name": null, "voltage": null, "operator": null, "source": "OpenStreetMap via Overpass API", "evidence_class": "observed_public_geometry"}}, {"type": "Feature", "id": "osm-substation-262831561", "geometry": {"type": "Point", "coordinates": [28.0818244, -26.8845055]}, "properties": {"osm_id": 262831561, "power": "substation", "name": "Vaaldam Substation", "voltage": "88000", "operator": "Eskom", "source": "OpenStreetMap via Overpass API", "evidence_class": "observed_public_geometry"}}, {"type": "Feature", "id": "osm-substation-264642402", "geometry": {"type": "Point", "coordinates": [29.4172886, -25.9963875]}, "properties": {"osm_id": 264642402, "power": "substation", "name": null, "voltage": null, "operator": null, "source": "OpenStreetMap via Overpass API", "evidence_class": "observed_public_geometry"}}, {"type": "Feature", "id": "osm-substation-267328524", "geometry": {"type": "Point", "coordinates": [28.4461216, -26.2034688]}, "properties": {"osm_id": 267328524, "power": "substation", "name": null, "voltage": "132000", "operator": null, "source": "OpenStreetMap via Overpass API", "evidence_class": "observed_public_geometry"}}, {"type": "Feature", "id": "osm-substation-267328526", "geometry": {"type": "Point", "coordinates": [28.4715136, -26.4143433]}, "properties": {"osm_id": 267328526, "power": "substation", "name": null, "voltage": "88000", "operator": null, "source": "OpenStreetMap via Overpass API", "evidence_class": "observed_public_geometry"}}, {"type": "Feature", "id": "osm-substation-267328528", "geometry": {"type": "Point", "coordinates": [28.4446477, -26.4235413]}, "properties": {"osm_id": 267328528, "power": "substation", "name": null, "voltage": "88000", "operator": null, "source": "OpenStreetMap via Overpass API", "evidence_class": "observed_public_geometry"}}, {"type": "Feature", "id": "osm-substation-268154462", "geometry": {"type": "Point", "coordinates": [28.1025463, -26.4353849]}, "properties": {"osm_id": 268154462, "power": "substation", "name": null, "voltage": null, "operator": null, "source": "OpenStreetMap via Overpass API", "evidence_class": "observed_public_geometry"}}, {"type": "Feature", "id": "osm-substation-273611816", "geometry": {"type": "Point", "coordinates": [28.2473165, -26.0524059]}, "properties": {"osm_id": 273611816, "power": "substation", "name": null, "voltage": "88000", "operator": null, "source": "OpenStreetMap via Overpass API", "evidence_class": "observed_public_geometry"}}, {"type": "Feature", "id": "osm-substation-274792136", "geometry": {"type": "Point", "coordinates": [28.4459855, -26.2230992]}, "properties": {"osm_id": 274792136, "power": "substation", "name": null, "voltage": "132000", "operator": null, "source": "OpenStreetMap via Overpass API", "evidence_class": "observed_public_geometry"}}, {"type": "Feature", "id": "osm-substation-274893668", "geometry": {"type": "Point", "coordinates": [28.3895677, -26.2641361]}, "properties": {"osm_id": 274893668, "power": "substation", "name": null, "voltage": "132000", "operator": null, "source": "OpenStreetMap via Overpass API", "evidence_class": "observed_public_geometry"}}, {"type": "Feature", "id": "osm-substation-275038737", "geometry": {"type": "Point", "coordinates": [28.153097, -26.3586441]}, "properties": {"osm_id": 275038737, "power": "substation", "name": null, "voltage": "88000", "operator": null, "source": "OpenStreetMap via Overpass API", "evidence_class": "observed_public_geometry"}}, {"type": "Feature", "id": "osm-substation-275535058", "geometry": {"type": "Point", "coordinates": [28.2857034, -26.2261055]}, "properties": {"osm_id": 275535058, "power": "substation", "name": null, "voltage": null, "operator": null, "source": "OpenStreetMap via Overpass API", "evidence_class": "observed_public_geometry"}}, {"type": "Feature", "id": "osm-substation-275831283", "geometry": {"type": "Point", "coordinates": [27.5543387, -23.6464532]}, "properties": {"osm_id": 275831283, "power": "substation", "name": null, "voltage": null, "operator": null, "source": "OpenStreetMap via Overpass API", "evidence_class": "observed_public_geometry"}}, {"type": "Feature", "id": "osm-substation-275831285", "geometry": {"type": "Point", "coordinates": [27.5237456, -23.6596026]}, "properties": {"osm_id": 275831285, "power": "substation", "name": null, "voltage": null, "operator": null, "source": "OpenStreetMap via Overpass API", "evidence_class": "observed_public_geometry"}}, {"type": "Feature", "id": "osm-substation-275831286", "geometry": {"type": "Point", "coordinates": [27.5469599, -23.6531342]}, "properties": {"osm_id": 275831286, "power": "substation", "name": null, "voltage": null, "operator": null, "source": "OpenStreetMap via Overpass API", "evidence_class": "observed_public_geometry"}}, {"type": "Feature", "id": "osm-substation-276131430", "geometry": {"type": "Point", "coordinates": [27.9281904, -25.9304392]}, "properties": {"osm_id": 276131430, "power": "substation", "name": "Lanseria", "voltage": "88000", "operator": null, "source": "OpenStreetMap via Overpass API", "evidence_class": "observed_public_geometry"}}, {"type": "Feature", "id": "osm-substation-284568368", "geometry": {"type": "Point", "coordinates": [27.0814203, -26.7215176]}, "properties": {"osm_id": 284568368, "power": "substation", "name": null, "voltage": null, "operator": null, "source": "OpenStreetMap via Overpass API", "evidence_class": "observed_public_geometry"}}, {"type": "Feature", "id": "osm-substation-284576312", "geometry": {"type": "Point", "coordinates": [27.1035829, -26.701961]}, "properties": {"osm_id": 284576312, "power": "substation", "name": null, "voltage": "132000", "operator": null, "source": "OpenStreetMap via Overpass API", "evidence_class": "observed_public_geometry"}}, {"type": "Feature", "id": "osm-substation-284576318", "geometry": {"type": "Point", "coordinates": [27.084927, -26.6925853]}, "properties": {"osm_id": 284576318, "power": "substation", "name": null, "voltage": null, "operator": null, "source": "OpenStreetMap via Overpass API", "evidence_class": "observed_public_geometry"}}, {"type": "Feature", "id": "osm-substation-284576320", "geometry": {"type": "Point", "coordinates": [27.7381544, -26.1259441]}, "properties": {"osm_id": 284576320, "power": "substation", "name": null, "voltage": "88000", "operator": null, "source": "OpenStreetMap via Overpass API", "evidence_class": "observed_public_geometry"}}, {"type": "Feature", "id": "osm-substation-284576321", "geometry": {"type": "Point", "coordinates": [27.5070161, -26.3134996]}, "properties": {"osm_id": 284576321, "power": "substation", "name": null, "voltage": null, "operator": null, "source": "OpenStreetMap via Overpass API", "evidence_class": "observed_public_geometry"}}, {"type": "Feature", "id": "osm-substation-284576322", "geometry": {"type": "Point", "coordinates": [27.2815669, -26.3806414]}, "properties": {"osm_id": 284576322, "power": "substation", "name": "Welverdiend Substation", "voltage": "132000", "operator": null, "source": "OpenStreetMap via Overpass API", "evidence_class": "observed_public_geometry"}}, {"type": "Feature", "id": "osm-substation-284576324", "geometry": {"type": "Point", "coordinates": [27.0702245, -26.706791]}, "properties": {"osm_id": 284576324, "power": "substation", "name": null, "voltage": null, "operator": null, "source": "OpenStreetMap via Overpass API", "evidence_class": "observed_public_geometry"}}, {"type": "Feature", "id": "osm-substation-294042952", "geometry": {"type": "Point", "coordinates": [25.7524817, -24.984979]}, "properties": {"osm_id": 294042952, "power": "substation", "name": null, "voltage": null, "operator": null, "source": "OpenStreetMap via Overpass API", "evidence_class": "observed_public_geometry"}}, {"type": "Feature", "id": "osm-substation-304721534", "geometry": {"type": "Point", "coordinates": [29.2843042, -26.4617602]}, "properties": {"osm_id": 304721534, "power": "substation", "name": "Thubelisha", "voltage": "132000", "operator": null, "source": "OpenStreetMap via Overpass API", "evidence_class": "observed_public_geometry"}}, {"type": "Feature", "id": "osm-substation-307377326", "geometry": {"type": "Point", "coordinates": [28.2597362, -26.304209]}, "properties": {"osm_id": 307377326, "power": "substation", "name": "Finaalspan Substation", "voltage": "88000", "operator": null, "source": "OpenStreetMap via Overpass API", "evidence_class": "observed_public_geometry"}}, {"type": "Feature", "id": "osm-substation-312981424", "geometry": {"type": "Point", "coordinates": [29.1236866, -26.5069395]}, "properties": {"osm_id": 312981424, "power": "substation", "name": null, "voltage": "88000", "operator": null, "source": "OpenStreetMap via Overpass API", "evidence_class": "observed_public_geometry"}}, {"type": "Feature", "id": "osm-substation-313378343", "geometry": {"type": "Point", "coordinates": [20.9953526, -21.9478138]}, "properties": {"osm_id": 313378343, "power": "substation", "name": null, "voltage": null, "operator": null, "source": "OpenStreetMap via Overpass API", "evidence_class": "observed_public_geometry"}}, {"type": "Feature", "id": "osm-substation-318086998", "geometry": {"type": "Point", "coordinates": [27.8793265, -26.1977944]}, "properties": {"osm_id": 318086998, "power": "substation", "name": "Meadow Substation", "voltage": "132000", "operator": "Eskom", "source": "OpenStreetMap via Overpass API", "evidence_class": "observed_public_geometry"}}, {"type": "Feature", "id": "osm-substation-329244725", "geometry": {"type": "Point", "coordinates": [21.6182031, -21.6987374]}, "properties": {"osm_id": 329244725, "power": "substation", "name": "Ghanzi Substation", "voltage": "132000", "operator": null, "source": "OpenStreetMap via Overpass API", "evidence_class": "observed_public_geometry"}}, {"type": "Feature", "id": "osm-substation-333626130", "geometry": {"type": "Point", "coordinates": [21.8376581, -18.3907733]}, "properties": {"osm_id": 333626130, "power": "substation", "name": null, "voltage": null, "operator": null, "source": "OpenStreetMap via Overpass API", "evidence_class": "observed_public_geometry"}}, {"type": "Feature", "id": "osm-substation-336273207", "geometry": {"type": "Point", "coordinates": [28.0373785, -26.1487532]}, "properties": {"osm_id": 336273207, "power": "substation", "name": null, "voltage": null, "operator": null, "source": "OpenStreetMap via Overpass API", "evidence_class": "observed_public_geometry"}}, {"type": "Feature", "id": "osm-substation-342333218", "geometry": {"type": "Point", "coordinates": [29.4451057, -25.8062138]}, "properties": {"osm_id": 342333218, "power": "substation", "name": null, "voltage": null, "operator": null, "source": "OpenStreetMap via Overpass API", "evidence_class": "observed_public_geometry"}}, {"type": "Feature", "id": "osm-substation-359805008", "geometry": {"type": "Point", "coordinates": [28.010988, -25.965222]}, "properties": {"osm_id": 359805008, "power": "substation", "name": "Lulamisa Substation", "voltage": "400000;88000", "operator": "Eskom", "source": "OpenStreetMap via Overpass API", "evidence_class": "observed_public_geometry"}}, {"type": "Feature", "id": "osm-substation-363460978", "geometry": {"type": "Point", "coordinates": [27.2690623, -24.973076]}, "properties": {"osm_id": 363460978, "power": "substation", "name": null, "voltage": "88000", "operator": null, "source": "OpenStreetMap via Overpass API", "evidence_class": "observed_public_geometry"}}, {"type": "Feature", "id": "osm-substation-363465255", "geometry": {"type": "Point", "coordinates": [27.3889515, -24.7635224]}, "properties": {"osm_id": 363465255, "power": "substation", "name": null, "voltage": "132000", "operator": null, "source": "OpenStreetMap via Overpass API", "evidence_class": "observed_public_geometry"}}, {"type": "Feature", "id": "osm-substation-363465265", "geometry": {"type": "Point", "coordinates": [27.2869408, -24.8604413]}, "properties": {"osm_id": 363465265, "power": "substation", "name": null, "voltage": "132000", "operator": null, "source": "OpenStreetMap via Overpass API", "evidence_class": "observed_public_geometry"}}, {"type": "Feature", "id": "osm-substation-363468041", "geometry": {"type": "Point", "coordinates": [27.3638442, -24.8340313]}, "properties": {"osm_id": 363468041, "power": "substation", "name": null, "voltage": "132000", "operator": null, "source": "OpenStreetMap via Overpass API", "evidence_class": "observed_public_geometry"}}, {"type": "Feature", "id": "osm-substation-364706812", "geometry": {"type": "Point", "coordinates": [28.3381892, -26.2471939]}, "properties": {"osm_id": 364706812, "power": "substation", "name": null, "voltage": null, "operator": null, "source": "OpenStreetMap via Overpass API", "evidence_class": "observed_public_geometry"}}, {"type": "Feature", "id": "osm-substation-366892672", "geometry": {"type": "Point", "coordinates": [28.1822265, -24.8601386]}, "properties": {"osm_id": 366892672, "power": "substation", "name": "Zwartkloof", "voltage": "66000", "operator": null, "source": "OpenStreetMap via Overpass API", "evidence_class": "observed_public_geometry"}}, {"type": "Feature", "id": "osm-substation-366892673", "geometry": {"type": "Point", "coordinates": [28.0818678, -25.370381]}, "properties": {"osm_id": 366892673, "power": "substation", "name": "Motle Sub Power Station", "voltage": null, "operator": null, "source": "OpenStreetMap via Overpass API", "evidence_class": "observed_public_geometry"}}, {"type": "Feature", "id": "osm-substation-366895259", "geometry": {"type": "Point", "coordinates": [29.1220033, -21.0083836]}, "properties": {"osm_id": 366895259, "power": "substation", "name": null, "voltage": "132000", "operator": "ZESA", "source": "OpenStreetMap via Overpass API", "evidence_class": "observed_public_geometry"}}, {"type": "Feature", "id": "osm-substation-366976111", "geometry": {"type": "Point", "coordinates": [27.1302886, -24.402175]}, "properties": {"osm_id": 366976111, "power": "substation", "name": null, "voltage": "132000", "operator": null, "source": "OpenStreetMap via Overpass API", "evidence_class": "observed_public_geometry"}}, {"type": "Feature", "id": "osm-substation-371287063", "geometry": {"type": "Point", "coordinates": [28.5291996, -20.1239663]}, "properties": {"osm_id": 371287063, "power": "substation", "name": null, "voltage": null, "operator": null, "source": "OpenStreetMap via Overpass API", "evidence_class": "observed_public_geometry"}}, {"type": "Feature", "id": "osm-substation-379023163", "geometry": {"type": "Point", "coordinates": [28.5176256, -26.7961021]}, "properties": {"osm_id": 379023163, "power": "substation", "name": null, "voltage": "88000", "operator": null, "source": "OpenStreetMap via Overpass API", "evidence_class": "observed_public_geometry"}}, {"type": "Feature", "id": "osm-substation-379024024", "geometry": {"type": "Point", "coordinates": [28.6572468, -26.6539412]}, "properties": {"osm_id": 379024024, "power": "substation", "name": null, "voltage": "88000", "operator": null, "source": "OpenStreetMap via Overpass API", "evidence_class": "observed_public_geometry"}}, {"type": "Feature", "id": "osm-substation-391637784", "geometry": {"type": "Point", "coordinates": [28.2038284, -25.6679656]}, "properties": {"osm_id": 391637784, "power": "substation", "name": "Wonderboom Primary Substation", "voltage": "132000;11000", "operator": "City of Tshwane", "source": "OpenStreetMap via Overpass API", "evidence_class": "observed_public_geometry"}}, {"type": "Feature", "id": "osm-substation-393266940", "geometry": {"type": "Point", "coordinates": [27.9905402, -26.5642834]}, "properties": {"osm_id": 393266940, "power": "substation", "name": null, "voltage": null, "operator": null, "source": "OpenStreetMap via Overpass API", "evidence_class": "observed_public_geometry"}}, {"type": "Feature", "id": "osm-substation-393492355", "geometry": {"type": "Point", "coordinates": [28.4817955, -20.1585093]}, "properties": {"osm_id": 393492355, "power": "substation", "name": "Pumula South Power station", "voltage": "88000;11000", "operator": null, "source": "OpenStreetMap via Overpass API", "evidence_class": "observed_public_geometry"}}, {"type": "Feature", "id": "osm-substation-395459424", "geometry": {"type": "Point", "coordinates": [28.009691, -26.0645068]}, "properties": {"osm_id": 395459424, "power": "substation", "name": "Khanyisa Substation", "voltage": null, "operator": "City Power", "source": "OpenStreetMap via Overpass API", "evidence_class": "observed_public_geometry"}}, {"type": "Feature", "id": "osm-substation-396384234", "geometry": {"type": "Point", "coordinates": [28.1983447, -25.92904]}, "properties": {"osm_id": 396384234, "power": "substation", "name": "Midstream Substation", "voltage": "88000", "operator": null, "source": "OpenStreetMap via Overpass API", "evidence_class": "observed_public_geometry"}}, {"type": "Feature", "id": "osm-substation-414624523", "geometry": {"type": "Point", "coordinates": [27.9883274, -26.2722185]}, "properties": {"osm_id": 414624523, "power": "substation", "name": "Mondeor Substation", "voltage": "88000", "operator": "City Power", "source": "OpenStreetMap via Overpass API", "evidence_class": "observed_public_geometry"}}, {"type": "Feature", "id": "osm-substation-415358048", "geometry": {"type": "Point", "coordinates": [28.2676455, -26.2592203]}, "properties": {"osm_id": 415358048, "power": "substation", "name": "Far East Vertical Substation", "voltage": "88000", "operator": null, "source": "OpenStreetMap via Overpass API", "evidence_class": "observed_public_geometry"}}, {"type": "Feature", "id": "osm-substation-416606489", "geometry": {"type": "Point", "coordinates": [29.3880653, -24.0589573]}, "properties": {"osm_id": 416606489, "power": "substation", "name": "Eerstegoud", "voltage": null, "operator": null, "source": "OpenStreetMap via Overpass API", "evidence_class": "observed_public_geometry"}}, {"type": "Feature", "id": "osm-substation-422642537", "geometry": {"type": "Point", "coordinates": [27.9365715, -26.0037273]}, "properties": {"osm_id": 422642537, "power": "substation", "name": null, "voltage": "88000", "operator": null, "source": "OpenStreetMap via Overpass API", "evidence_class": "observed_public_geometry"}}, {"type": "Feature", "id": "osm-substation-423503612", "geometry": {"type": "Point", "coordinates": [25.9369483, -24.6569821]}, "properties": {"osm_id": 423503612, "power": "substation", "name": null, "voltage": "132000", "operator": null, "source": "OpenStreetMap via Overpass API", "evidence_class": "observed_public_geometry"}}, {"type": "Feature", "id": "osm-substation-424892135", "geometry": {"type": "Point", "coordinates": [28.1822929, -26.1701969]}, "properties": {"osm_id": 424892135, "power": "substation", "name": null, "voltage": null, "operator": null, "source": "OpenStreetMap via Overpass API", "evidence_class": "observed_public_geometry"}}, {"type": "Feature", "id": "osm-substation-424927369", "geometry": {"type": "Point", "coordinates": [27.0378714, -20.4777427]}, "properties": {"osm_id": 424927369, "power": "substation", "name": null, "voltage": null, "operator": null, "source": "OpenStreetMap via Overpass API", "evidence_class": "observed_public_geometry"}}, {"type": "Feature", "id": "osm-substation-426540555", "geometry": {"type": "Point", "coordinates": [27.7149551, -26.1679715]}, "properties": {"osm_id": 426540555, "power": "substation", "name": "Randfontein Industrial", "voltage": "88000", "operator": null, "source": "OpenStreetMap via Overpass API", "evidence_class": "observed_public_geometry"}}, {"type": "Feature", "id": "osm-substation-429376441", "geometry": {"type": "Point", "coordinates": [29.2162084, -26.4950446]}, "properties": {"osm_id": 429376441, "power": "substation", "name": "Secunda Main Substation", "voltage": "132000", "operator": null, "source": "OpenStreetMap via Overpass API", "evidence_class": "observed_public_geometry"}}, {"type": "Feature", "id": "osm-substation-429961228", "geometry": {"type": "Point", "coordinates": [27.898877, -26.6771483]}, "properties": {"osm_id": 429961228, "power": "substation", "name": null, "voltage": "88000", "operator": null, "source": "OpenStreetMap via Overpass API", "evidence_class": "observed_public_geometry"}}, {"type": "Feature", "id": "osm-substation-435060376", "geometry": {"type": "Point", "coordinates": [28.1479867, -26.1088829]}, "properties": {"osm_id": 435060376, "power": "substation", "name": null, "voltage": null, "operator": null, "source": "OpenStreetMap via Overpass API", "evidence_class": "observed_public_geometry"}}, {"type": "Feature", "id": "osm-substation-435446327", "geometry": {"type": "Point", "coordinates": [28.2223835, -25.7510061]}, "properties": {"osm_id": 435446327, "power": "substation", "name": null, "voltage": null, "operator": null, "source": "OpenStreetMap via Overpass API", "evidence_class": "observed_public_geometry"}}, {"type": "Feature", "id": "osm-substation-435546528", "geometry": {"type": "Point", "coordinates": [28.3895277, -25.7418077]}, "properties": {"osm_id": 435546528, "power": "substation", "name": "Hatherley Substation", "voltage": "132000", "operator": "City of Tshwane", "source": "OpenStreetMap via Overpass API", "evidence_class": "observed_public_geometry"}}, {"type": "Feature", "id": "osm-substation-436265925", "geometry": {"type": "Point", "coordinates": [28.5810521, -20.1653664]}, "properties": {"osm_id": 436265925, "power": "substation", "name": null, "voltage": "88000", "operator": null, "source": "OpenStreetMap via Overpass API", "evidence_class": "observed_public_geometry"}}, {"type": "Feature", "id": "osm-substation-437720769", "geometry": {"type": "Point", "coordinates": [29.4987121, -23.8987472]}, "properties": {"osm_id": 437720769, "power": "substation", "name": null, "voltage": "66000", "operator": null, "source": "OpenStreetMap via Overpass API", "evidence_class": "observed_public_geometry"}}, {"type": "Feature", "id": "osm-substation-447684912", "geometry": {"type": "Point", "coordinates": [23.9210522, -24.4984958]}, "properties": {"osm_id": 447684912, "power": "substation", "name": null, "voltage": "132000", "operator": null, "source": "OpenStreetMap via Overpass API", "evidence_class": "observed_public_geometry"}}, {"type": "Feature", "id": "osm-substation-451510884", "geometry": {"type": "Point", "coordinates": [26.751506, -26.912341]}, "properties": {"osm_id": 451510884, "power": "substation", "name": null, "voltage": "88000", "operator": null, "source": "OpenStreetMap via Overpass API", "evidence_class": "observed_public_geometry"}}, {"type": "Feature", "id": "osm-substation-451510886", "geometry": {"type": "Point", "coordinates": [26.7107037, -26.9162751]}, "properties": {"osm_id": 451510886, "power": "substation", "name": null, "voltage": "88000", "operator": null, "source": "OpenStreetMap via Overpass API", "evidence_class": "observed_public_geometry"}}, {"type": "Feature", "id": "osm-substation-451698225", "geometry": {"type": "Point", "coordinates": [27.7557249, -26.1330515]}, "properties": {"osm_id": 451698225, "power": "substation", "name": null, "voltage": "132000", "operator": null, "source": "OpenStreetMap via Overpass API", "evidence_class": "observed_public_geometry"}}, {"type": "Feature", "id": "osm-substation-451698226", "geometry": {"type": "Point", "coordinates": [27.805261, -26.1158511]}, "properties": {"osm_id": 451698226, "power": "substation", "name": null, "voltage": "132000", "operator": null, "source": "OpenStreetMap via Overpass API", "evidence_class": "observed_public_geometry"}}, {"type": "Feature", "id": "osm-substation-451721263", "geometry": {"type": "Point", "coordinates": [27.5053537, -26.3872923]}, "properties": {"osm_id": 451721263, "power": "substation", "name": null, "voltage": "132000", "operator": null, "source": "OpenStreetMap via Overpass API", "evidence_class": "observed_public_geometry"}}, {"type": "Feature", "id": "osm-substation-452017421", "geometry": {"type": "Point", "coordinates": [28.4124601, -26.3037081]}, "properties": {"osm_id": 452017421, "power": "substation", "name": null, "voltage": "132000", "operator": null, "source": "OpenStreetMap via Overpass API", "evidence_class": "observed_public_geometry"}}, {"type": "Feature", "id": "osm-substation-454366452", "geometry": {"type": "Point", "coordinates": [26.4913263, -18.3674897]}, "properties": {"osm_id": 454366452, "power": "substation", "name": null, "voltage": null, "operator": null, "source": "OpenStreetMap via Overpass API", "evidence_class": "observed_public_geometry"}}, {"type": "Feature", "id": "osm-substation-454478746", "geometry": {"type": "Point", "coordinates": [28.1719618, -25.7275372]}, "properties": {"osm_id": 454478746, "power": "substation", "name": "Capital Park Substation", "voltage": "132000", "operator": "Tshwane Electricity", "source": "OpenStreetMap via Overpass API", "evidence_class": "observed_public_geometry"}}, {"type": "Feature", "id": "osm-substation-454627525", "geometry": {"type": "Point", "coordinates": [28.5470816, -26.9396532]}, "properties": {"osm_id": 454627525, "power": "substation", "name": null, "voltage": "88000", "operator": null, "source": "OpenStreetMap via Overpass API", "evidence_class": "observed_public_geometry"}}, {"type": "Feature", "id": "osm-substation-454833800", "geometry": {"type": "Point", "coordinates": [27.1017905, -25.4901638]}, "properties": {"osm_id": 454833800, "power": "substation", "name": null, "voltage": "88000", "operator": null, "source": "OpenStreetMap via Overpass API", "evidence_class": "observed_public_geometry"}}, {"type": "Feature", "id": "osm-substation-455048836", "geometry": {"type": "Point", "coordinates": [29.0644753, -26.4547594]}, "properties": {"osm_id": 455048836, "power": "substation", "name": "Winkelhaak", "voltage": "88000", "operator": null, "source": "OpenStreetMap via Overpass API", "evidence_class": "observed_public_geometry"}}, {"type": "Feature", "id": "osm-substation-455048844", "geometry": {"type": "Point", "coordinates": [29.0872137, -26.4717885]}, "properties": {"osm_id": 455048844, "power": "substation", "name": "Kinross Mines", "voltage": "88000", "operator": null, "source": "OpenStreetMap via Overpass API", "evidence_class": "observed_public_geometry"}}, {"type": "Feature", "id": "osm-substation-455048847", "geometry": {"type": "Point", "coordinates": [28.4765019, -26.1666547]}, "properties": {"osm_id": 455048847, "power": "substation", "name": null, "voltage": "88000", "operator": null, "source": "OpenStreetMap via Overpass API", "evidence_class": "observed_public_geometry"}}, {"type": "Feature", "id": "osm-substation-455062153", "geometry": {"type": "Point", "coordinates": [28.0595729, -26.2370177]}, "properties": {"osm_id": 455062153, "power": "substation", "name": "Wemmer Substation", "voltage": "88000", "operator": "City Power", "source": "OpenStreetMap via Overpass API", "evidence_class": "observed_public_geometry"}}, {"type": "Feature", "id": "osm-substation-455070266", "geometry": {"type": "Point", "coordinates": [28.2146569, -26.3747033]}, "properties": {"osm_id": 455070266, "power": "substation", "name": "Vosloorus South Substation", "voltage": "88000", "operator": null, "source": "OpenStreetMap via Overpass API", "evidence_class": "observed_public_geometry"}}, {"type": "Feature", "id": "osm-substation-455303881", "geometry": {"type": "Point", "coordinates": [27.8634572, -26.6806991]}, "properties": {"osm_id": 455303881, "power": "substation", "name": null, "voltage": "88000", "operator": null, "source": "OpenStreetMap via Overpass API", "evidence_class": "observed_public_geometry"}}, {"type": "Feature", "id": "osm-substation-455303884", "geometry": {"type": "Point", "coordinates": [27.9280114, -26.6926356]}, "properties": {"osm_id": 455303884, "power": "substation", "name": null, "voltage": null, "operator": null, "source": "OpenStreetMap via Overpass API", "evidence_class": "observed_public_geometry"}}, {"type": "Feature", "id": "osm-substation-455303885", "geometry": {"type": "Point", "coordinates": [27.8360623, -26.6531162]}, "properties": {"osm_id": 455303885, "power": "substation", "name": null, "voltage": "132000", "operator": null, "source": "OpenStreetMap via Overpass API", "evidence_class": "observed_public_geometry"}}, {"type": "Feature", "id": "osm-substation-455303886", "geometry": {"type": "Point", "coordinates": [27.9925473, -26.649143]}, "properties": {"osm_id": 455303886, "power": "substation", "name": null, "voltage": "88000", "operator": null, "source": "OpenStreetMap via Overpass API", "evidence_class": "observed_public_geometry"}}, {"type": "Feature", "id": "osm-substation-455303888", "geometry": {"type": "Point", "coordinates": [27.9337457, -26.6869974]}, "properties": {"osm_id": 455303888, "power": "substation", "name": null, "voltage": "88000", "operator": null, "source": "OpenStreetMap via Overpass API", "evidence_class": "observed_public_geometry"}}, {"type": "Feature", "id": "osm-substation-455303892", "geometry": {"type": "Point", "coordinates": [27.9251843, -26.6915138]}, "properties": {"osm_id": 455303892, "power": "substation", "name": null, "voltage": "88000", "operator": null, "source": "OpenStreetMap via Overpass API", "evidence_class": "observed_public_geometry"}}, {"type": "Feature", "id": "osm-substation-455498147", "geometry": {"type": "Point", "coordinates": [28.2456861, -25.89486]}, "properties": {"osm_id": 455498147, "power": "substation", "name": "Thuso Substation", "voltage": "400000;275000;132000", "operator": "Eskom", "source": "OpenStreetMap via Overpass API", "evidence_class": "observed_public_geometry"}}, {"type": "Feature", "id": "osm-substation-455512868", "geometry": {"type": "Point", "coordinates": [28.2206725, -26.1365705]}, "properties": {"osm_id": 455512868, "power": "substation", "name": "Airport Super Substation", "voltage": "132000", "operator": "Kempton Park Municipality", "source": "OpenStreetMap via Overpass API", "evidence_class": "observed_public_geometry"}}, {"type": "Feature", "id": "osm-substation-455533212", "geometry": {"type": "Point", "coordinates": [28.1840392, -26.1241765]}, "properties": {"osm_id": 455533212, "power": "substation", "name": null, "voltage": null, "operator": null, "source": "OpenStreetMap via Overpass API", "evidence_class": "observed_public_geometry"}}, {"type": "Feature", "id": "osm-substation-455544782", "geometry": {"type": "Point", "coordinates": [27.9740734, -26.0254179]}, "properties": {"osm_id": 455544782, "power": "substation", "name": null, "voltage": "88000", "operator": null, "source": "OpenStreetMap via Overpass API", "evidence_class": "observed_public_geometry"}}, {"type": "Feature", "id": "osm-substation-455544784", "geometry": {"type": "Point", "coordinates": [28.0120023, -26.0917783]}, "properties": {"osm_id": 455544784, "power": "substation", "name": "Bordeaux Substation", "voltage": "88000", "operator": "City Power", "source": "OpenStreetMap via Overpass API", "evidence_class": "observed_public_geometry"}}, {"type": "Feature", "id": "osm-substation-455544785", "geometry": {"type": "Point", "coordinates": [28.0180748, -26.0941279]}, "properties": {"osm_id": 455544785, "power": "substation", "name": "Hurlingham Substation", "voltage": "88000", "operator": "City Power", "source": "OpenStreetMap via Overpass API", "evidence_class": "observed_public_geometry"}}, {"type": "Feature", "id": "osm-substation-455544786", "geometry": {"type": "Point", "coordinates": [28.0800504, -26.0650612]}, "properties": {"osm_id": 455544786, "power": "substation", "name": "Manor Substation", "voltage": "88000", "operator": null, "source": "OpenStreetMap via Overpass API", "evidence_class": "observed_public_geometry"}}, {"type": "Feature", "id": "osm-substation-455544787", "geometry": {"type": "Point", "coordinates": [27.9712856, -26.0615519]}, "properties": {"osm_id": 455544787, "power": "substation", "name": "Olivedale Substation", "voltage": "88000", "operator": "City Power", "source": "OpenStreetMap via Overpass API", "evidence_class": "observed_public_geometry"}}, {"type": "Feature", "id": "osm-substation-455544788", "geometry": {"type": "Point", "coordinates": [27.9791151, -26.0913025]}, "properties": {"osm_id": 455544788, "power": "substation", "name": "Randburg Substation", "voltage": "88000", "operator": "City Power", "source": "OpenStreetMap via Overpass API", "evidence_class": "observed_public_geometry"}}, {"type": "Feature", "id": "osm-substation-455547891", "geometry": {"type": "Point", "coordinates": [27.9606581, -26.1122265]}, "properties": {"osm_id": 455547891, "power": "substation", "name": null, "voltage": null, "operator": null, "source": "OpenStreetMap via Overpass API", "evidence_class": "observed_public_geometry"}}, {"type": "Feature", "id": "osm-substation-455547894", "geometry": {"type": "Point", "coordinates": [27.9545209, -26.1183762]}, "properties": {"osm_id": 455547894, "power": "substation", "name": "Beyers Substation", "voltage": "88000", "operator": "City Power", "source": "OpenStreetMap via Overpass API", "evidence_class": "observed_public_geometry"}}, {"type": "Feature", "id": "osm-substation-455547895", "geometry": {"type": "Point", "coordinates": [27.9719216, -26.1251958]}, "properties": {"osm_id": 455547895, "power": "substation", "name": "Windsor Substation", "voltage": "88000", "operator": "City Power", "source": "OpenStreetMap via Overpass API", "evidence_class": "observed_public_geometry"}}, {"type": "Feature", "id": "osm-substation-455559056", "geometry": {"type": "Point", "coordinates": [28.1879775, -25.9983648]}, "properties": {"osm_id": 455559056, "power": "substation", "name": null, "voltage": "88000", "operator": null, "source": "OpenStreetMap via Overpass API", "evidence_class": "observed_public_geometry"}}, {"type": "Feature", "id": "osm-substation-455559058", "geometry": {"type": "Point", "coordinates": [28.2217915, -25.9480827]}, "properties": {"osm_id": 455559058, "power": "substation", "name": null, "voltage": "88000", "operator": null, "source": "OpenStreetMap via Overpass API", "evidence_class": "observed_public_geometry"}}, {"type": "Feature", "id": "osm-substation-455581643", "geometry": {"type": "Point", "coordinates": [27.9499902, -26.212073]}, "properties": {"osm_id": 455581643, "power": "substation", "name": "New Canada Traction Substation", "voltage": "88000", "operator": null, "source": "OpenStreetMap via Overpass API", "evidence_class": "observed_public_geometry"}}, {"type": "Feature", "id": "osm-substation-455581647", "geometry": {"type": "Point", "coordinates": [27.9243959, -26.2533264]}, "properties": {"osm_id": 455581647, "power": "substation", "name": null, "voltage": "88000", "operator": "City Power", "source": "OpenStreetMap via Overpass API", "evidence_class": "observed_public_geometry"}}, {"type": "Feature", "id": "osm-substation-455668386", "geometry": {"type": "Point", "coordinates": [28.0828134, -25.9660585]}, "properties": {"osm_id": 455668386, "power": "substation", "name": "Crowthorne Substation", "voltage": "88000;11000", "operator": "City Power", "source": "OpenStreetMap via Overpass API", "evidence_class": "observed_public_geometry"}}, {"type": "Feature", "id": "osm-substation-455668388", "geometry": {"type": "Point", "coordinates": [28.0165897, -26.0947102]}, "properties": {"osm_id": 455668388, "power": "substation", "name": "Delta Substation", "voltage": "275000;88000", "operator": "City Power", "source": "OpenStreetMap via Overpass API", "evidence_class": "observed_public_geometry"}}, {"type": "Feature", "id": "osm-substation-455668389", "geometry": {"type": "Point", "coordinates": [27.9760091, -26.3095652]}, "properties": {"osm_id": 455668389, "power": "substation", "name": "Eikenhof Substation", "voltage": "88000", "operator": "Eskom", "source": "OpenStreetMap via Overpass API", "evidence_class": "observed_public_geometry"}}, {"type": "Feature", "id": "osm-substation-455668390", "geometry": {"type": "Point", "coordinates": [27.9852127, -26.1867356]}, "properties": {"osm_id": 455668390, "power": "substation", "name": "Hursthill Substation", "voltage": "88000", "operator": "City Power", "source": "OpenStreetMap via Overpass API", "evidence_class": "observed_public_geometry"}}, {"type": "Feature", "id": "osm-substation-455668391", "geometry": {"type": "Point", "coordinates": [28.1261332, -25.952294]}, "properties": {"osm_id": 455668391, "power": "substation", "name": "Noordwyk Substation", "voltage": "88000", "operator": "City Power", "source": "OpenStreetMap via Overpass API", "evidence_class": "observed_public_geometry"}}, {"type": "Feature", "id": "osm-substation-455668392", "geometry": {"type": "Point", "coordinates": [28.0118014, -26.1382529]}, "properties": {"osm_id": 455668392, "power": "substation", "name": "Parkhurst Substation", "voltage": "88000", "operator": "City Power", "source": "OpenStreetMap via Overpass API", "evidence_class": "observed_public_geometry"}}, {"type": "Feature", "id": "osm-substation-455680757", "geometry": {"type": "Point", "coordinates": [27.9711232, -26.1988163]}, "properties": {"osm_id": 455680757, "power": "substation", "name": "Industria Substation", "voltage": "88000", "operator": "City Power", "source": "OpenStreetMap via Overpass API", "evidence_class": "observed_public_geometry"}}, {"type": "Feature", "id": "osm-substation-455693600", "geometry": {"type": "Point", "coordinates": [28.0514094, -26.5597527]}, "properties": {"osm_id": 455693600, "power": "substation", "name": "Henley Rural Substation", "voltage": "88000;11000", "operator": "Eskom", "source": "OpenStreetMap via Overpass API", "evidence_class": "observed_public_geometry"}}, {"type": "Feature", "id": "osm-substation-455693601", "geometry": {"type": "Point", "coordinates": [28.0048506, -26.5675729]}, "properties": {"osm_id": 455693601, "power": "substation", "name": null, "voltage": "88000", "operator": null, "source": "OpenStreetMap via Overpass API", "evidence_class": "observed_public_geometry"}}, {"type": "Feature", "id": "osm-substation-455696417", "geometry": {"type": "Point", "coordinates": [28.193295, -26.3998538]}, "properties": {"osm_id": 455696417, "power": "substation", "name": null, "voltage": "88000", "operator": null, "source": "OpenStreetMap via Overpass API", "evidence_class": "observed_public_geometry"}}, {"type": "Feature", "id": "osm-substation-455696418", "geometry": {"type": "Point", "coordinates": [28.2236623, -26.3902929]}, "properties": {"osm_id": 455696418, "power": "substation", "name": null, "voltage": "88000", "operator": null, "source": "OpenStreetMap via Overpass API", "evidence_class": "observed_public_geometry"}}, {"type": "Feature", "id": "osm-substation-455747142", "geometry": {"type": "Point", "coordinates": [28.0901276, -25.6368143]}, "properties": {"osm_id": 455747142, "power": "substation", "name": "Rosslyn Traction Substation", "voltage": "88000", "operator": null, "source": "OpenStreetMap via Overpass API", "evidence_class": "observed_public_geometry"}}, {"type": "Feature", "id": "osm-substation-455891444", "geometry": {"type": "Point", "coordinates": [28.826429, -26.216882]}, "properties": {"osm_id": 455891444, "power": "substation", "name": null, "voltage": "132000", "operator": null, "source": "OpenStreetMap via Overpass API", "evidence_class": "observed_public_geometry"}}, {"type": "Feature", "id": "osm-substation-455891445", "geometry": {"type": "Point", "coordinates": [28.6837441, -26.1701951]}, "properties": {"osm_id": 455891445, "power": "substation", "name": "Delmas DS", "voltage": "132000", "operator": "National Transmission Company South Africa SOC Ltd", "source": "OpenStreetMap via Overpass API", "evidence_class": "observed_public_geometry"}}, {"type": "Feature", "id": "osm-substation-455895567", "geometry": {"type": "Point", "coordinates": [28.3996606, -26.2905783]}, "properties": {"osm_id": 455895567, "power": "substation", "name": null, "voltage": "132000", "operator": null, "source": "OpenStreetMap via Overpass API", "evidence_class": "observed_public_geometry"}}, {"type": "Feature", "id": "osm-substation-455895568", "geometry": {"type": "Point", "coordinates": [28.392663, -26.3750574]}, "properties": {"osm_id": 455895568, "power": "substation", "name": null, "voltage": "132000", "operator": null, "source": "OpenStreetMap via Overpass API", "evidence_class": "observed_public_geometry"}}, {"type": "Feature", "id": "osm-substation-455897624", "geometry": {"type": "Point", "coordinates": [28.1457927, -26.1701012]}, "properties": {"osm_id": 455897624, "power": "substation", "name": "Bedfordview Substation", "voltage": "132000", "operator": null, "source": "OpenStreetMap via Overpass API", "evidence_class": "observed_public_geometry"}}, {"type": "Feature", "id": "osm-substation-455940055", "geometry": {"type": "Point", "coordinates": [28.0888991, -26.185722]}, "properties": {"osm_id": 455940055, "power": "substation", "name": "Observatory Substation", "voltage": null, "operator": "City Power", "source": "OpenStreetMap via Overpass API", "evidence_class": "observed_public_geometry"}}, {"type": "Feature", "id": "osm-substation-456764996", "geometry": {"type": "Point", "coordinates": [28.2179828, -26.22589]}, "properties": {"osm_id": 456764996, "power": "substation", "name": "Central Vertical Substation", "voltage": "88000", "operator": null, "source": "OpenStreetMap via Overpass API", "evidence_class": "observed_public_geometry"}}, {"type": "Feature", "id": "osm-substation-456764998", "geometry": {"type": "Point", "coordinates": [28.2159353, -26.2084055]}, "properties": {"osm_id": 456764998, "power": "substation", "name": null, "voltage": "88000", "operator": null, "source": "OpenStreetMap via Overpass API", "evidence_class": "observed_public_geometry"}}, {"type": "Feature", "id": "osm-substation-456765004", "geometry": {"type": "Point", "coordinates": [28.1388898, -26.2078237]}, "properties": {"osm_id": 456765004, "power": "substation", "name": "Geldenhuys Traction Substation", "voltage": "88000", "operator": null, "source": "OpenStreetMap via Overpass API", "evidence_class": "observed_public_geometry"}}, {"type": "Feature", "id": "osm-substation-456765005", "geometry": {"type": "Point", "coordinates": [28.1622365, -26.2359242]}, "properties": {"osm_id": 456765005, "power": "substation", "name": "Russel Road Switching Station", "voltage": "33000;6600", "operator": null, "source": "OpenStreetMap via Overpass API", "evidence_class": "observed_public_geometry"}}, {"type": "Feature", "id": "osm-substation-456765006", "geometry": {"type": "Point", "coordinates": [28.4741116, -26.3872977]}, "properties": {"osm_id": 456765006, "power": "substation", "name": "Vosterkroon Substation", "voltage": "88000", "operator": null, "source": "OpenStreetMap via Overpass API", "evidence_class": "observed_public_geometry"}}, {"type": "Feature", "id": "osm-substation-456765007", "geometry": {"type": "Point", "coordinates": [28.1375727, -26.2026988]}, "properties": {"osm_id": 456765007, "power": "substation", "name": "Wychwood Substation", "voltage": "33000;6600", "operator": null, "source": "OpenStreetMap via Overpass API", "evidence_class": "observed_public_geometry"}}, {"type": "Feature", "id": "osm-substation-456814924", "geometry": {"type": "Point", "coordinates": [27.8326683, -26.12797]}, "properties": {"osm_id": 456814924, "power": "substation", "name": "Witpoortjie Traction Substation", "voltage": "88000", "operator": null, "source": "OpenStreetMap via Overpass API", "evidence_class": "observed_public_geometry"}}, {"type": "Feature", "id": "osm-substation-456814925", "geometry": {"type": "Point", "coordinates": [27.7773181, -26.1093766]}, "properties": {"osm_id": 456814925, "power": "substation", "name": "Krugersdorp Traction Substation", "voltage": null, "operator": null, "source": "OpenStreetMap via Overpass API", "evidence_class": "observed_public_geometry"}}, {"type": "Feature", "id": "osm-substation-456814928", "geometry": {"type": "Point", "coordinates": [28.3088666, -26.2128668]}, "properties": {"osm_id": 456814928, "power": "substation", "name": "Benoni Bulk Substation", "voltage": "132000;88000", "operator": "City of Ekurhuleni", "source": "OpenStreetMap via Overpass API", "evidence_class": "observed_public_geometry"}}, {"type": "Feature", "id": "osm-substation-456814932", "geometry": {"type": "Point", "coordinates": [28.0269203, -26.2069576]}, "properties": {"osm_id": 456814932, "power": "substation", "name": "John Ware Substation", "voltage": "88000", "operator": "City Power", "source": "OpenStreetMap via Overpass API", "evidence_class": "observed_public_geometry"}}, {"type": "Feature", "id": "osm-substation-456814933", "geometry": {"type": "Point", "coordinates": [28.0030259, -26.1963548]}, "properties": {"osm_id": 456814933, "power": "substation", "name": "Mayfair Substation", "voltage": "88000", "operator": "City Power", "source": "OpenStreetMap via Overpass API", "evidence_class": "observed_public_geometry"}}, {"type": "Feature", "id": "osm-substation-456858825", "geometry": {"type": "Point", "coordinates": [28.1754622, -26.2597281]}, "properties": {"osm_id": 456858825, "power": "substation", "name": "Atom Road Substation", "voltage": "33000;6600", "operator": null, "source": "OpenStreetMap via Overpass API", "evidence_class": "observed_public_geometry"}}, {"type": "Feature", "id": "osm-substation-456947802", "geometry": {"type": "Point", "coordinates": [28.2397235, -26.8761166]}, "properties": {"osm_id": 456947802, "power": "substation", "name": null, "voltage": null, "operator": null, "source": "OpenStreetMap via Overpass API", "evidence_class": "observed_public_geometry"}}, {"type": "Feature", "id": "osm-substation-456947808", "geometry": {"type": "Point", "coordinates": [29.2020043, -26.936678]}, "properties": {"osm_id": 456947808, "power": "substation", "name": null, "voltage": "88000", "operator": null, "source": "OpenStreetMap via Overpass API", "evidence_class": "observed_public_geometry"}}, {"type": "Feature", "id": "osm-substation-457092979", "geometry": {"type": "Point", "coordinates": [26.8965226, -26.8123569]}, "properties": {"osm_id": 457092979, "power": "substation", "name": null, "voltage": null, "operator": null, "source": "OpenStreetMap via Overpass API", "evidence_class": "observed_public_geometry"}}, {"type": "Feature", "id": "osm-substation-457378281", "geometry": {"type": "Point", "coordinates": [27.407671, -26.3627885]}, "properties": {"osm_id": 457378281, "power": "substation", "name": "Carletonville Substation", "voltage": "44000", "operator": null, "source": "OpenStreetMap via Overpass API", "evidence_class": "observed_public_geometry"}}, {"type": "Feature", "id": "osm-substation-457390694", "geometry": {"type": "Point", "coordinates": [27.4721573, -26.3656111]}, "properties": {"osm_id": 457390694, "power": "substation", "name": null, "voltage": null, "operator": null, "source": "OpenStreetMap via Overpass API", "evidence_class": "observed_public_geometry"}}, {"type": "Feature", "id": "osm-substation-457390697", "geometry": {"type": "Point", "coordinates": [27.4713155, -26.363841]}, "properties": {"osm_id": 457390697, "power": "substation", "name": null, "voltage": "44000", "operator": null, "source": "OpenStreetMap via Overpass API", "evidence_class": "observed_public_geometry"}}, {"type": "Feature", "id": "osm-substation-457393370", "geometry": {"type": "Point", "coordinates": [26.8053124, -26.9021195]}, "properties": {"osm_id": 457393370, "power": "substation", "name": null, "voltage": "88000", "operator": null, "source": "OpenStreetMap via Overpass API", "evidence_class": "observed_public_geometry"}}, {"type": "Feature", "id": "osm-substation-457669810", "geometry": {"type": "Point", "coordinates": [27.8673348, -26.4107288]}, "properties": {"osm_id": 457669810, "power": "substation", "name": "Lunar Substation", "voltage": "88000", "operator": "City Power", "source": "OpenStreetMap via Overpass API", "evidence_class": "observed_public_geometry"}}, {"type": "Feature", "id": "osm-substation-457669815", "geometry": {"type": "Point", "coordinates": [27.8411204, -26.3861102]}, "properties": {"osm_id": 457669815, "power": "substation", "name": "Lawley Traction Substation", "voltage": "88000", "operator": null, "source": "OpenStreetMap via Overpass API", "evidence_class": "observed_public_geometry"}}, {"type": "Feature", "id": "osm-substation-457669818", "geometry": {"type": "Point", "coordinates": [27.8535978, -26.4102163]}, "properties": {"osm_id": 457669818, "power": "substation", "name": "Ennerdale Substation", "voltage": "88000", "operator": null, "source": "OpenStreetMap via Overpass API", "evidence_class": "observed_public_geometry"}}, {"type": "Feature", "id": "osm-substation-457669819", "geometry": {"type": "Point", "coordinates": [27.8548505, -26.3893577]}, "properties": {"osm_id": 457669819, "power": "substation", "name": "Lenasia South Substation", "voltage": "88000", "operator": "City Power", "source": "OpenStreetMap via Overpass API", "evidence_class": "observed_public_geometry"}}, {"type": "Feature", "id": "osm-substation-457697023", "geometry": {"type": "Point", "coordinates": [27.9374117, -26.5726315]}, "properties": {"osm_id": 457697023, "power": "substation", "name": null, "voltage": "88000", "operator": null, "source": "OpenStreetMap via Overpass API", "evidence_class": "observed_public_geometry"}}, {"type": "Feature", "id": "osm-substation-457697027", "geometry": {"type": "Point", "coordinates": [27.9028635, -26.5226801]}, "properties": {"osm_id": 457697027, "power": "substation", "name": null, "voltage": "88000", "operator": null, "source": "OpenStreetMap via Overpass API", "evidence_class": "observed_public_geometry"}}, {"type": "Feature", "id": "osm-substation-457697032", "geometry": {"type": "Point", "coordinates": [27.9918624, -26.5902936]}, "properties": {"osm_id": 457697032, "power": "substation", "name": null, "voltage": "88000", "operator": null, "source": "OpenStreetMap via Overpass API", "evidence_class": "observed_public_geometry"}}, {"type": "Feature", "id": "osm-substation-457697034", "geometry": {"type": "Point", "coordinates": [27.8730227, -26.4786258]}, "properties": {"osm_id": 457697034, "power": "substation", "name": "Stretford Traction Substation", "voltage": "88000", "operator": null, "source": "OpenStreetMap via Overpass API", "evidence_class": "observed_public_geometry"}}, {"type": "Feature", "id": "osm-substation-457717783", "geometry": {"type": "Point", "coordinates": [28.9555981, -26.0591999]}, "properties": {"osm_id": 457717783, "power": "substation", "name": null, "voltage": "88000", "operator": null, "source": "OpenStreetMap via Overpass API", "evidence_class": "observed_public_geometry"}}, {"type": "Feature", "id": "osm-substation-457720228", "geometry": {"type": "Point", "coordinates": [28.5781064, -26.6643459]}, "properties": {"osm_id": 457720228, "power": "substation", "name": null, "voltage": "88000", "operator": null, "source": "OpenStreetMap via Overpass API", "evidence_class": "observed_public_geometry"}}, {"type": "Feature", "id": "osm-substation-457723152", "geometry": {"type": "Point", "coordinates": [28.5596179, -26.7326619]}, "properties": {"osm_id": 457723152, "power": "substation", "name": null, "voltage": "88000", "operator": null, "source": "OpenStreetMap via Overpass API", "evidence_class": "observed_public_geometry"}}, {"type": "Feature", "id": "osm-substation-457727974", "geometry": {"type": "Point", "coordinates": [27.8596098, -26.6584095]}, "properties": {"osm_id": 457727974, "power": "substation", "name": null, "voltage": "88000", "operator": null, "source": "OpenStreetMap via Overpass API", "evidence_class": "observed_public_geometry"}}, {"type": "Feature", "id": "osm-substation-458281905", "geometry": {"type": "Point", "coordinates": [29.4617272, -26.079111]}, "properties": {"osm_id": 458281905, "power": "substation", "name": null, "voltage": "132000", "operator": null, "source": "OpenStreetMap via Overpass API", "evidence_class": "observed_public_geometry"}}, {"type": "Feature", "id": "osm-substation-458960468", "geometry": {"type": "Point", "coordinates": [28.3488673, -26.4118393]}, "properties": {"osm_id": 458960468, "power": "substation", "name": null, "voltage": "88000", "operator": null, "source": "OpenStreetMap via Overpass API", "evidence_class": "observed_public_geometry"}}, {"type": "Feature", "id": "osm-substation-458969750", "geometry": {"type": "Point", "coordinates": [28.6871964, -25.6989011]}, "properties": {"osm_id": 458969750, "power": "substation", "name": null, "voltage": "132000", "operator": null, "source": "OpenStreetMap via Overpass API", "evidence_class": "observed_public_geometry"}}, {"type": "Feature", "id": "osm-substation-458969751", "geometry": {"type": "Point", "coordinates": [28.4740841, -26.3151169]}, "properties": {"osm_id": 458969751, "power": "substation", "name": null, "voltage": "132000", "operator": null, "source": "OpenStreetMap via Overpass API", "evidence_class": "observed_public_geometry"}}, {"type": "Feature", "id": "osm-substation-458969752", "geometry": {"type": "Point", "coordinates": [28.4938566, -26.2958142]}, "properties": {"osm_id": 458969752, "power": "substation", "name": "Daggafontein", "voltage": "132000", "operator": null, "source": "OpenStreetMap via Overpass API", "evidence_class": "observed_public_geometry"}}, {"type": "Feature", "id": "osm-substation-458969755", "geometry": {"type": "Point", "coordinates": [28.4187162, -26.2547404]}, "properties": {"osm_id": 458969755, "power": "substation", "name": null, "voltage": "132000", "operator": null, "source": "OpenStreetMap via Overpass API", "evidence_class": "observed_public_geometry"}}, {"type": "Feature", "id": "osm-substation-459779910", "geometry": {"type": "Point", "coordinates": [27.4636584, -26.9188147]}, "properties": {"osm_id": 459779910, "power": "substation", "name": "Parys Town Substation", "voltage": "132000;11000", "operator": "Eskom", "source": "OpenStreetMap via Overpass API", "evidence_class": "observed_public_geometry"}}, {"type": "Feature", "id": "osm-substation-459815167", "geometry": {"type": "Point", "coordinates": [27.7253625, -26.1240756]}, "properties": {"osm_id": 459815167, "power": "substation", "name": "Egoli Reduction", "voltage": null, "operator": null, "source": "OpenStreetMap via Overpass API", "evidence_class": "observed_public_geometry"}}, {"type": "Feature", "id": "osm-substation-459815169", "geometry": {"type": "Point", "coordinates": [27.5160832, -25.7133128]}, "properties": {"osm_id": 459815169, "power": "substation", "name": null, "voltage": "88000", "operator": null, "source": "OpenStreetMap via Overpass API", "evidence_class": "observed_public_geometry"}}, {"type": "Feature", "id": "osm-substation-459815170", "geometry": {"type": "Point", "coordinates": [27.5571222, -25.7209311]}, "properties": {"osm_id": 459815170, "power": "substation", "name": null, "voltage": "88000", "operator": null, "source": "OpenStreetMap via Overpass API", "evidence_class": "observed_public_geometry"}}, {"type": "Feature", "id": "osm-substation-460323917", "geometry": {"type": "Point", "coordinates": [28.5213389, -20.1716257]}, "properties": {"osm_id": 460323917, "power": "substation", "name": null, "voltage": "88000", "operator": null, "source": "OpenStreetMap via Overpass API", "evidence_class": "observed_public_geometry"}}, {"type": "Feature", "id": "osm-substation-460323976", "geometry": {"type": "Point", "coordinates": [28.5367588, -20.1888526]}, "properties": {"osm_id": 460323976, "power": "substation", "name": null, "voltage": "88000", "operator": null, "source": "OpenStreetMap via Overpass API", "evidence_class": "observed_public_geometry"}}, {"type": "Feature", "id": "osm-substation-460813752", "geometry": {"type": "Point", "coordinates": [27.1473313, -24.9753038]}, "properties": {"osm_id": 460813752, "power": "substation", "name": null, "voltage": "88000", "operator": null, "source": "OpenStreetMap via Overpass API", "evidence_class": "observed_public_geometry"}}, {"type": "Feature", "id": "osm-substation-460813762", "geometry": {"type": "Point", "coordinates": [27.2700926, -25.2580782]}, "properties": {"osm_id": 460813762, "power": "substation", "name": null, "voltage": "88000", "operator": null, "source": "OpenStreetMap via Overpass API", "evidence_class": "observed_public_geometry"}}, {"type": "Feature", "id": "osm-substation-472095795", "geometry": {"type": "Point", "coordinates": [28.0436515, -26.1885429]}, "properties": {"osm_id": 472095795, "power": "substation", "name": "Fort Substation", "voltage": null, "operator": "City Power", "source": "OpenStreetMap via Overpass API", "evidence_class": "observed_public_geometry"}}, {"type": "Feature", "id": "osm-substation-472318840", "geometry": {"type": "Point", "coordinates": [28.2999106, -25.6136837]}, "properties": {"osm_id": 472318840, "power": "substation", "name": "Kameeldrif Substation", "voltage": "132000", "operator": null, "source": "OpenStreetMap via Overpass API", "evidence_class": "observed_public_geometry"}}, {"type": "Feature", "id": "osm-substation-472406738", "geometry": {"type": "Point", "coordinates": [28.417275, -25.7320915]}, "properties": {"osm_id": 472406738, "power": "substation", "name": null, "voltage": "88000", "operator": null, "source": "OpenStreetMap via Overpass API", "evidence_class": "observed_public_geometry"}}, {"type": "Feature", "id": "osm-substation-472416183", "geometry": {"type": "Point", "coordinates": [27.9889924, -26.3456791]}, "properties": {"osm_id": 472416183, "power": "substation", "name": "Tedderfield", "voltage": "88000", "operator": null, "source": "OpenStreetMap via Overpass API", "evidence_class": "observed_public_geometry"}}, {"type": "Feature", "id": "osm-substation-477895460", "geometry": {"type": "Point", "coordinates": [27.3355521, -25.6356492]}, "properties": {"osm_id": 477895460, "power": "substation", "name": null, "voltage": "88000", "operator": null, "source": "OpenStreetMap via Overpass API", "evidence_class": "observed_public_geometry"}}, {"type": "Feature", "id": "osm-substation-477895466", "geometry": {"type": "Point", "coordinates": [27.3087207, -25.6175615]}, "properties": {"osm_id": 477895466, "power": "substation", "name": "Paardekraal", "voltage": null, "operator": null, "source": "OpenStreetMap via Overpass API", "evidence_class": "observed_public_geometry"}}, {"type": "Feature", "id": "osm-substation-477899836", "geometry": {"type": "Point", "coordinates": [27.2583635, -25.6237138]}, "properties": {"osm_id": 477899836, "power": "substation", "name": null, "voltage": "88000", "operator": null, "source": "OpenStreetMap via Overpass API", "evidence_class": "observed_public_geometry"}}, {"type": "Feature", "id": "osm-substation-481390066", "geometry": {"type": "Point", "coordinates": [28.3696015, -26.355798]}, "properties": {"osm_id": 481390066, "power": "substation", "name": null, "voltage": "132000", "operator": null, "source": "OpenStreetMap via Overpass API", "evidence_class": "observed_public_geometry"}}, {"type": "Feature", "id": "osm-substation-481396627", "geometry": {"type": "Point", "coordinates": [28.3381619, -26.3452909]}, "properties": {"osm_id": 481396627, "power": "substation", "name": null, "voltage": "88000", "operator": null, "source": "OpenStreetMap via Overpass API", "evidence_class": "observed_public_geometry"}}, {"type": "Feature", "id": "osm-substation-481406142", "geometry": {"type": "Point", "coordinates": [28.3025797, -26.3227015]}, "properties": {"osm_id": 481406142, "power": "substation", "name": "SAR Rooikraal Substation", "voltage": "88000", "operator": null, "source": "OpenStreetMap via Overpass API", "evidence_class": "observed_public_geometry"}}, {"type": "Feature", "id": "osm-substation-485703562", "geometry": {"type": "Point", "coordinates": [27.2160514, -25.5536429]}, "properties": {"osm_id": 485703562, "power": "substation", "name": null, "voltage": "88000", "operator": null, "source": "OpenStreetMap via Overpass API", "evidence_class": "observed_public_geometry"}}, {"type": "Feature", "id": "osm-substation-487021426", "geometry": {"type": "Point", "coordinates": [27.2541742, -25.5623121]}, "properties": {"osm_id": 487021426, "power": "substation", "name": null, "voltage": null, "operator": null, "source": "OpenStreetMap via Overpass API", "evidence_class": "observed_public_geometry"}}, {"type": "Feature", "id": "osm-substation-487420651", "geometry": {"type": "Point", "coordinates": [27.2325003, -25.5416584]}, "properties": {"osm_id": 487420651, "power": "substation", "name": null, "voltage": null, "operator": null, "source": "OpenStreetMap via Overpass API", "evidence_class": "observed_public_geometry"}}, {"type": "Feature", "id": "osm-substation-487488865", "geometry": {"type": "Point", "coordinates": [27.249524, -25.5342647]}, "properties": {"osm_id": 487488865, "power": "substation", "name": null, "voltage": null, "operator": null, "source": "OpenStreetMap via Overpass API", "evidence_class": "observed_public_geometry"}}, {"type": "Feature", "id": "osm-substation-488639093", "geometry": {"type": "Point", "coordinates": [28.9439182, -20.3338721]}, "properties": {"osm_id": 488639093, "power": "substation", "name": null, "voltage": null, "operator": null, "source": "OpenStreetMap via Overpass API", "evidence_class": "observed_public_geometry"}}, {"type": "Feature", "id": "osm-substation-490652090", "geometry": {"type": "Point", "coordinates": [29.0064175, -20.9358499]}, "properties": {"osm_id": 490652090, "power": "substation", "name": "Gwanda Substation", "voltage": "88000", "operator": null, "source": "OpenStreetMap via Overpass API", "evidence_class": "observed_public_geometry"}}, {"type": "Feature", "id": "osm-substation-491910837", "geometry": {"type": "Point", "coordinates": [27.301716, -25.5537413]}, "properties": {"osm_id": 491910837, "power": "substation", "name": null, "voltage": null, "operator": null, "source": "OpenStreetMap via Overpass API", "evidence_class": "observed_public_geometry"}}, {"type": "Feature", "id": "osm-substation-499886729", "geometry": {"type": "Point", "coordinates": [29.2124965, -26.4285326]}, "properties": {"osm_id": 499886729, "power": "substation", "name": null, "voltage": "132000", "operator": null, "source": "OpenStreetMap via Overpass API", "evidence_class": "observed_public_geometry"}}, {"type": "Feature", "id": "osm-substation-499912230", "geometry": {"type": "Point", "coordinates": [29.2049313, -26.4083472]}, "properties": {"osm_id": 499912230, "power": "substation", "name": null, "voltage": "132000", "operator": null, "source": "OpenStreetMap via Overpass API", "evidence_class": "observed_public_geometry"}}, {"type": "Feature", "id": "osm-substation-499916239", "geometry": {"type": "Point", "coordinates": [29.2100383, -26.4110482]}, "properties": {"osm_id": 499916239, "power": "substation", "name": "Swakfontein", "voltage": "132000", "operator": null, "source": "OpenStreetMap via Overpass API", "evidence_class": "observed_public_geometry"}}, {"type": "Feature", "id": "osm-substation-499918988", "geometry": {"type": "Point", "coordinates": [29.2293708, -26.3841279]}, "properties": {"osm_id": 499918988, "power": "substation", "name": null, "voltage": "132000", "operator": null, "source": "OpenStreetMap via Overpass API", "evidence_class": "observed_public_geometry"}}, {"type": "Feature", "id": "osm-substation-503190678", "geometry": {"type": "Point", "coordinates": [28.5397453, -20.1548367]}, "properties": {"osm_id": 503190678, "power": "substation", "name": null, "voltage": "88000", "operator": null, "source": "OpenStreetMap via Overpass API", "evidence_class": "observed_public_geometry"}}, {"type": "Feature", "id": "osm-substation-503194106", "geometry": {"type": "Point", "coordinates": [28.5238538, -20.2062972]}, "properties": {"osm_id": 503194106, "power": "substation", "name": null, "voltage": "88000", "operator": null, "source": "OpenStreetMap via Overpass API", "evidence_class": "observed_public_geometry"}}, {"type": "Feature", "id": "osm-substation-503239034", "geometry": {"type": "Point", "coordinates": [28.55126, -20.1950755]}, "properties": {"osm_id": 503239034, "power": "substation", "name": null, "voltage": "88000", "operator": null, "source": "OpenStreetMap via Overpass API", "evidence_class": "observed_public_geometry"}}, {"type": "Feature", "id": "osm-substation-507063192", "geometry": {"type": "Point", "coordinates": [25.4119737, -26.1402183]}, "properties": {"osm_id": 507063192, "power": "substation", "name": null, "voltage": "88000", "operator": null, "source": "OpenStreetMap via Overpass API", "evidence_class": "observed_public_geometry"}}, {"type": "Feature", "id": "osm-substation-507063193", "geometry": {"type": "Point", "coordinates": [25.2494364, -26.1842002]}, "properties": {"osm_id": 507063193, "power": "substation", "name": null, "voltage": "88000", "operator": null, "source": "OpenStreetMap via Overpass API", "evidence_class": "observed_public_geometry"}}, {"type": "Feature", "id": "osm-substation-507063196", "geometry": {"type": "Point", "coordinates": [24.5714807, -26.2597189]}, "properties": {"osm_id": 507063196, "power": "substation", "name": null, "voltage": "88000", "operator": null, "source": "OpenStreetMap via Overpass API", "evidence_class": "observed_public_geometry"}}, {"type": "Feature", "id": "osm-substation-529277762", "geometry": {"type": "Point", "coordinates": [28.0429464, -26.5221273]}, "properties": {"osm_id": 529277762, "power": "substation", "name": null, "voltage": "88000", "operator": null, "source": "OpenStreetMap via Overpass API", "evidence_class": "observed_public_geometry"}}, {"type": "Feature", "id": "osm-substation-530398523", "geometry": {"type": "Point", "coordinates": [28.0442789, -26.6400106]}, "properties": {"osm_id": 530398523, "power": "substation", "name": null, "voltage": null, "operator": null, "source": "OpenStreetMap via Overpass API", "evidence_class": "observed_public_geometry"}}, {"type": "Feature", "id": "osm-substation-530398526", "geometry": {"type": "Point", "coordinates": [28.1251334, -26.5866142]}, "properties": {"osm_id": 530398526, "power": "substation", "name": null, "voltage": null, "operator": null, "source": "OpenStreetMap via Overpass API", "evidence_class": "observed_public_geometry"}}, {"type": "Feature", "id": "osm-substation-530398535", "geometry": {"type": "Point", "coordinates": [28.0553618, -26.5089108]}, "properties": {"osm_id": 530398535, "power": "substation", "name": null, "voltage": "88000", "operator": null, "source": "OpenStreetMap via Overpass API", "evidence_class": "observed_public_geometry"}}, {"type": "Feature", "id": "osm-substation-530403557", "geometry": {"type": "Point", "coordinates": [28.0051073, -26.6773163]}, "properties": {"osm_id": 530403557, "power": "substation", "name": null, "voltage": "88000", "operator": null, "source": "OpenStreetMap via Overpass API", "evidence_class": "observed_public_geometry"}}, {"type": "Feature", "id": "osm-substation-530412511", "geometry": {"type": "Point", "coordinates": [27.3218683, -23.6875407]}, "properties": {"osm_id": 530412511, "power": "substation", "name": null, "voltage": "132000", "operator": null, "source": "OpenStreetMap via Overpass API", "evidence_class": "observed_public_geometry"}}, {"type": "Feature", "id": "osm-substation-530412525", "geometry": {"type": "Point", "coordinates": [27.5084292, -26.2655345]}, "properties": {"osm_id": 530412525, "power": "substation", "name": null, "voltage": null, "operator": null, "source": "OpenStreetMap via Overpass API", "evidence_class": "observed_public_geometry"}}, {"type": "Feature", "id": "osm-substation-530621285", "geometry": {"type": "Point", "coordinates": [28.0826205, -26.4094888]}, "properties": {"osm_id": 530621285, "power": "substation", "name": null, "voltage": "88000", "operator": null, "source": "OpenStreetMap via Overpass API", "evidence_class": "observed_public_geometry"}}, {"type": "Feature", "id": "osm-substation-530633888", "geometry": {"type": "Point", "coordinates": [27.5890061, -26.6301647]}, "properties": {"osm_id": 530633888, "power": "substation", "name": null, "voltage": null, "operator": null, "source": "OpenStreetMap via Overpass API", "evidence_class": "observed_public_geometry"}}, {"type": "Feature", "id": "osm-substation-531761802", "geometry": {"type": "Point", "coordinates": [28.6167234, -20.1794466]}, "properties": {"osm_id": 531761802, "power": "substation", "name": null, "voltage": null, "operator": null, "source": "OpenStreetMap via Overpass API", "evidence_class": "observed_public_geometry"}}, {"type": "Feature", "id": "osm-substation-535534578", "geometry": {"type": "Point", "coordinates": [27.8845067, -26.354279]}, "properties": {"osm_id": 535534578, "power": "substation", "name": null, "voltage": null, "operator": null, "source": "OpenStreetMap via Overpass API", "evidence_class": "observed_public_geometry"}}, {"type": "Feature", "id": "osm-substation-538539373", "geometry": {"type": "Point", "coordinates": [28.1833967, -25.6763842]}, "properties": {"osm_id": 538539373, "power": "substation", "name": "Pretoria North Substation", "voltage": "132000;11000", "operator": "City of Tshwane", "source": "OpenStreetMap via Overpass API", "evidence_class": "observed_public_geometry"}}, {"type": "Feature", "id": "osm-substation-542268601", "geometry": {"type": "Point", "coordinates": [27.8901902, -26.1364284]}, "properties": {"osm_id": 542268601, "power": "substation", "name": "Kloofendal Substation", "voltage": "88000", "operator": "City Power", "source": "OpenStreetMap via Overpass API", "evidence_class": "observed_public_geometry"}}, {"type": "Feature", "id": "osm-substation-543940512", "geometry": {"type": "Point", "coordinates": [28.0027671, -25.8979779]}, "properties": {"osm_id": 543940512, "power": "substation", "name": "Laezonia Substation", "voltage": "88000", "operator": null, "source": "OpenStreetMap via Overpass API", "evidence_class": "observed_public_geometry"}}, {"type": "Feature", "id": "osm-substation-544631147", "geometry": {"type": "Point", "coordinates": [28.3844708, -26.1279193]}, "properties": {"osm_id": 544631147, "power": "substation", "name": null, "voltage": "132000", "operator": "Ekhurhuleni", "source": "OpenStreetMap via Overpass API", "evidence_class": "observed_public_geometry"}}, {"type": "Feature", "id": "osm-substation-547500001", "geometry": {"type": "Point", "coordinates": [25.8207826, -25.8134244]}, "properties": {"osm_id": 547500001, "power": "substation", "name": null, "voltage": "88000", "operator": null, "source": "OpenStreetMap via Overpass API", "evidence_class": "observed_public_geometry"}}, {"type": "Feature", "id": "osm-substation-549419086", "geometry": {"type": "Point", "coordinates": [29.1561873, -26.2930542]}, "properties": {"osm_id": 549419086, "power": "substation", "name": null, "voltage": "132000", "operator": null, "source": "OpenStreetMap via Overpass API", "evidence_class": "observed_public_geometry"}}, {"type": "Feature", "id": "osm-substation-549419087", "geometry": {"type": "Point", "coordinates": [29.1407686, -26.3196647]}, "properties": {"osm_id": 549419087, "power": "substation", "name": null, "voltage": "132000", "operator": null, "source": "OpenStreetMap via Overpass API", "evidence_class": "observed_public_geometry"}}, {"type": "Feature", "id": "osm-substation-549419088", "geometry": {"type": "Point", "coordinates": [28.7192401, -26.1717457]}, "properties": {"osm_id": 549419088, "power": "substation", "name": "Leeupan", "voltage": "132000", "operator": null, "source": "OpenStreetMap via Overpass API", "evidence_class": "observed_public_geometry"}}, {"type": "Feature", "id": "osm-substation-549419092", "geometry": {"type": "Point", "coordinates": [28.3159572, -26.5321258]}, "properties": {"osm_id": 549419092, "power": "substation", "name": "Floracadia", "voltage": null, "operator": null, "source": "OpenStreetMap via Overpass API", "evidence_class": "observed_public_geometry"}}, {"type": "Feature", "id": "osm-substation-549433471", "geometry": {"type": "Point", "coordinates": [27.7180215, -23.9795268]}, "properties": {"osm_id": 549433471, "power": "substation", "name": "Toulon Sustation", "voltage": "33000", "operator": null, "source": "OpenStreetMap via Overpass API", "evidence_class": "observed_public_geometry"}}, {"type": "Feature", "id": "osm-substation-549619199", "geometry": {"type": "Point", "coordinates": [26.0265228, -26.2012267]}, "properties": {"osm_id": 549619199, "power": "substation", "name": null, "voltage": "88000", "operator": null, "source": "OpenStreetMap via Overpass API", "evidence_class": "observed_public_geometry"}}, {"type": "Feature", "id": "osm-substation-549619201", "geometry": {"type": "Point", "coordinates": [25.8554642, -26.1432882]}, "properties": {"osm_id": 549619201, "power": "substation", "name": null, "voltage": "132000", "operator": null, "source": "OpenStreetMap via Overpass API", "evidence_class": "observed_public_geometry"}}, {"type": "Feature", "id": "osm-substation-549619202", "geometry": {"type": "Point", "coordinates": [25.99748, -26.1824679]}, "properties": {"osm_id": 549619202, "power": "substation", "name": null, "voltage": "88000", "operator": null, "source": "OpenStreetMap via Overpass API", "evidence_class": "observed_public_geometry"}}, {"type": "Feature", "id": "osm-substation-552592238", "geometry": {"type": "Point", "coordinates": [28.058457, -26.0668056]}, "properties": {"osm_id": 552592238, "power": "substation", "name": "Eskom Morningside CNC", "voltage": null, "operator": "Eskom", "source": "OpenStreetMap via Overpass API", "evidence_class": "observed_public_geometry"}}, {"type": "Feature", "id": "osm-substation-556344332", "geometry": {"type": "Point", "coordinates": [28.6680525, -26.1567936]}, "properties": {"osm_id": 556344332, "power": "substation", "name": null, "voltage": "44000", "operator": "National Transmission Company South Africa SOC Ltd", "source": "OpenStreetMap via Overpass API", "evidence_class": "observed_public_geometry"}}, {"type": "Feature", "id": "osm-substation-556344333", "geometry": {"type": "Point", "coordinates": [28.542649, -26.0019933]}, "properties": {"osm_id": 556344333, "power": "substation", "name": null, "voltage": "88000", "operator": null, "source": "OpenStreetMap via Overpass API", "evidence_class": "observed_public_geometry"}}, {"type": "Feature", "id": "osm-substation-556344335", "geometry": {"type": "Point", "coordinates": [28.5426144, -26.0394547]}, "properties": {"osm_id": 556344335, "power": "substation", "name": null, "voltage": "88000", "operator": null, "source": "OpenStreetMap via Overpass API", "evidence_class": "observed_public_geometry"}}, {"type": "Feature", "id": "osm-substation-559111771", "geometry": {"type": "Point", "coordinates": [21.3588551, -18.0074349]}, "properties": {"osm_id": 559111771, "power": "substation", "name": null, "voltage": "66000", "operator": null, "source": "OpenStreetMap via Overpass API", "evidence_class": "observed_public_geometry"}}, {"type": "Feature", "id": "osm-substation-559111777", "geometry": {"type": "Point", "coordinates": [20.5042112, -17.993251]}, "properties": {"osm_id": 559111777, "power": "substation", "name": null, "voltage": null, "operator": null, "source": "OpenStreetMap via Overpass API", "evidence_class": "observed_public_geometry"}}, {"type": "Feature", "id": "osm-substation-561294796", "geometry": {"type": "Point", "coordinates": [20.5463222, -17.9863752]}, "properties": {"osm_id": 561294796, "power": "substation", "name": null, "voltage": null, "operator": null, "source": "OpenStreetMap via Overpass API", "evidence_class": "observed_public_geometry"}}, {"type": "Feature", "id": "osm-substation-562896018", "geometry": {"type": "Point", "coordinates": [25.2836461, -17.7691818]}, "properties": {"osm_id": 562896018, "power": "substation", "name": "Kazungula Substation", "voltage": "220000;66000", "operator": "ZESCO", "source": "OpenStreetMap via Overpass API", "evidence_class": "observed_public_geometry"}}, {"type": "Feature", "id": "osm-substation-575674219", "geometry": {"type": "Point", "coordinates": [25.8616694, -17.7973237]}, "properties": {"osm_id": 575674219, "power": "substation", "name": "Livingstone North Substation", "voltage": "66000", "operator": "ZESCO", "source": "OpenStreetMap via Overpass API", "evidence_class": "observed_public_geometry"}}, {"type": "Feature", "id": "osm-substation-578222905", "geometry": {"type": "Point", "coordinates": [26.4647174, -20.5542034]}, "properties": {"osm_id": 578222905, "power": "substation", "name": "Dukwi Substation", "voltage": "132000", "operator": null, "source": "OpenStreetMap via Overpass API", "evidence_class": "observed_public_geometry"}}, {"type": "Feature", "id": "osm-substation-580243900", "geometry": {"type": "Point", "coordinates": [28.2072787, -25.8283007]}, "properties": {"osm_id": 580243900, "power": "substation", "name": "Verwoerdburg Traction Substation", "voltage": "88000", "operator": null, "source": "OpenStreetMap via Overpass API", "evidence_class": "observed_public_geometry"}}, {"type": "Feature", "id": "osm-substation-586806821", "geometry": {"type": "Point", "coordinates": [29.1375506, -23.4927013]}, "properties": {"osm_id": 586806821, "power": "substation", "name": null, "voltage": "132000", "operator": null, "source": "OpenStreetMap via Overpass API", "evidence_class": "observed_public_geometry"}}, {"type": "Feature", "id": "osm-substation-590881999", "geometry": {"type": "Point", "coordinates": [28.1666698, -26.1913387]}, "properties": {"osm_id": 590881999, "power": "substation", "name": null, "voltage": null, "operator": null, "source": "OpenStreetMap via Overpass API", "evidence_class": "observed_public_geometry"}}, {"type": "Feature", "id": "osm-substation-621518577", "geometry": {"type": "Point", "coordinates": [27.8536202, -26.821754]}, "properties": {"osm_id": 621518577, "power": "substation", "name": null, "voltage": null, "operator": null, "source": "OpenStreetMap via Overpass API", "evidence_class": "observed_public_geometry"}}, {"type": "Feature", "id": "osm-substation-621518578", "geometry": {"type": "Point", "coordinates": [27.8597201, -26.8245091]}, "properties": {"osm_id": 621518578, "power": "substation", "name": "Sasol Industries Substation", "voltage": "88000", "operator": "Eskom", "source": "OpenStreetMap via Overpass API", "evidence_class": "observed_public_geometry"}}, {"type": "Feature", "id": "osm-substation-621875207", "geometry": {"type": "Point", "coordinates": [25.554376, -24.3986788]}, "properties": {"osm_id": 621875207, "power": "substation", "name": null, "voltage": "132000", "operator": null, "source": "OpenStreetMap via Overpass API", "evidence_class": "observed_public_geometry"}}, {"type": "Feature", "id": "osm-substation-627448170", "geometry": {"type": "Point", "coordinates": [28.4424582, -26.2492876]}, "properties": {"osm_id": 627448170, "power": "substation", "name": null, "voltage": "132000", "operator": null, "source": "OpenStreetMap via Overpass API", "evidence_class": "observed_public_geometry"}}, {"type": "Feature", "id": "osm-substation-627997122", "geometry": {"type": "Point", "coordinates": [29.1295698, -26.2765905]}, "properties": {"osm_id": 627997122, "power": "substation", "name": null, "voltage": "132000", "operator": null, "source": "OpenStreetMap via Overpass API", "evidence_class": "observed_public_geometry"}}, {"type": "Feature", "id": "osm-substation-637304286", "geometry": {"type": "Point", "coordinates": [27.1849656, -25.5373937]}, "properties": {"osm_id": 637304286, "power": "substation", "name": null, "voltage": "88000", "operator": null, "source": "OpenStreetMap via Overpass API", "evidence_class": "observed_public_geometry"}}, {"type": "Feature", "id": "osm-substation-639028510", "geometry": {"type": "Point", "coordinates": [28.4631192, -26.3615697]}, "properties": {"osm_id": 639028510, "power": "substation", "name": null, "voltage": "88000", "operator": null, "source": "OpenStreetMap via Overpass API", "evidence_class": "observed_public_geometry"}}, {"type": "Feature", "id": "osm-substation-641020889", "geometry": {"type": "Point", "coordinates": [25.5938852, -25.9080949]}, "properties": {"osm_id": 641020889, "power": "substation", "name": null, "voltage": "88000", "operator": null, "source": "OpenStreetMap via Overpass API", "evidence_class": "observed_public_geometry"}}, {"type": "Feature", "id": "osm-substation-642251151", "geometry": {"type": "Point", "coordinates": [29.224357, -19.6893734]}, "properties": {"osm_id": 642251151, "power": "substation", "name": null, "voltage": "132000", "operator": null, "source": "OpenStreetMap via Overpass API", "evidence_class": "observed_public_geometry"}}, {"type": "Feature", "id": "osm-substation-642359831", "geometry": {"type": "Point", "coordinates": [28.9796271, -24.337174]}, "properties": {"osm_id": 642359831, "power": "substation", "name": null, "voltage": "132000", "operator": null, "source": "OpenStreetMap via Overpass API", "evidence_class": "observed_public_geometry"}}, {"type": "Feature", "id": "osm-substation-648538160", "geometry": {"type": "Point", "coordinates": [29.289642, -26.791123]}, "properties": {"osm_id": 648538160, "power": "substation", "name": null, "voltage": null, "operator": null, "source": "OpenStreetMap via Overpass API", "evidence_class": "observed_public_geometry"}}, {"type": "Feature", "id": "osm-substation-649840022", "geometry": {"type": "Point", "coordinates": [28.4823695, -20.1282812]}, "properties": {"osm_id": 649840022, "power": "substation", "name": null, "voltage": "88000", "operator": null, "source": "OpenStreetMap via Overpass API", "evidence_class": "observed_public_geometry"}}, {"type": "Feature", "id": "osm-substation-649936336", "geometry": {"type": "Point", "coordinates": [24.7135654, -24.5343454]}, "properties": {"osm_id": 649936336, "power": "substation", "name": "Jwaneng Substation", "voltage": "132000", "operator": null, "source": "OpenStreetMap via Overpass API", "evidence_class": "observed_public_geometry"}}, {"type": "Feature", "id": "osm-substation-649959034", "geometry": {"type": "Point", "coordinates": [25.3499906, -24.969712]}, "properties": {"osm_id": 649959034, "power": "substation", "name": "Kanye Substation", "voltage": "132000", "operator": null, "source": "OpenStreetMap via Overpass API", "evidence_class": "observed_public_geometry"}}, {"type": "Feature", "id": "osm-substation-651128591", "geometry": {"type": "Point", "coordinates": [28.2621143, -26.1519569]}, "properties": {"osm_id": 651128591, "power": "substation", "name": null, "voltage": null, "operator": null, "source": "OpenStreetMap via Overpass API", "evidence_class": "observed_public_geometry"}}, {"type": "Feature", "id": "osm-substation-654859985", "geometry": {"type": "Point", "coordinates": [28.5690549, -20.1825468]}, "properties": {"osm_id": 654859985, "power": "substation", "name": null, "voltage": "88000", "operator": null, "source": "OpenStreetMap via Overpass API", "evidence_class": "observed_public_geometry"}}, {"type": "Feature", "id": "osm-substation-662052409", "geometry": {"type": "Point", "coordinates": [27.7925007, -25.7478296]}, "properties": {"osm_id": 662052409, "power": "substation", "name": null, "voltage": "88000", "operator": null, "source": "OpenStreetMap via Overpass API", "evidence_class": "observed_public_geometry"}}, {"type": "Feature", "id": "osm-substation-663315720", "geometry": {"type": "Point", "coordinates": [29.2560741, -22.9889962]}, "properties": {"osm_id": 663315720, "power": "substation", "name": null, "voltage": null, "operator": null, "source": "OpenStreetMap via Overpass API", "evidence_class": "observed_public_geometry"}}, {"type": "Feature", "id": "osm-substation-663315721", "geometry": {"type": "Point", "coordinates": [27.991713, -23.073432]}, "properties": {"osm_id": 663315721, "power": "substation", "name": null, "voltage": "132000", "operator": null, "source": "OpenStreetMap via Overpass API", "evidence_class": "observed_public_geometry"}}, {"type": "Feature", "id": "osm-substation-663315722", "geometry": {"type": "Point", "coordinates": [29.3598494, -24.0422906]}, "properties": {"osm_id": 663315722, "power": "substation", "name": null, "voltage": null, "operator": null, "source": "OpenStreetMap via Overpass API", "evidence_class": "observed_public_geometry"}}, {"type": "Feature", "id": "osm-substation-675617913", "geometry": {"type": "Point", "coordinates": [28.7942439, -19.6868285]}, "properties": {"osm_id": 675617913, "power": "substation", "name": "Turk Substation", "voltage": "88000", "operator": null, "source": "OpenStreetMap via Overpass API", "evidence_class": "observed_public_geometry"}}, {"type": "Feature", "id": "osm-substation-675617914", "geometry": {"type": "Point", "coordinates": [28.7601538, -19.7967262]}, "properties": {"osm_id": 675617914, "power": "substation", "name": null, "voltage": null, "operator": null, "source": "OpenStreetMap via Overpass API", "evidence_class": "observed_public_geometry"}}, {"type": "Feature", "id": "osm-substation-675617915", "geometry": {"type": "Point", "coordinates": [28.6652303, -19.9944824]}, "properties": {"osm_id": 675617915, "power": "substation", "name": null, "voltage": null, "operator": null, "source": "OpenStreetMap via Overpass API", "evidence_class": "observed_public_geometry"}}, {"type": "Feature", "id": "osm-substation-680414772", "geometry": {"type": "Point", "coordinates": [28.739073, -20.1665749]}, "properties": {"osm_id": 680414772, "power": "substation", "name": null, "voltage": "88000", "operator": null, "source": "OpenStreetMap via Overpass API", "evidence_class": "observed_public_geometry"}}, {"type": "Feature", "id": "osm-substation-680414774", "geometry": {"type": "Point", "coordinates": [28.7399899, -20.1668592]}, "properties": {"osm_id": 680414774, "power": "substation", "name": null, "voltage": "88000", "operator": null, "source": "OpenStreetMap via Overpass API", "evidence_class": "observed_public_geometry"}}, {"type": "Feature", "id": "osm-substation-680414780", "geometry": {"type": "Point", "coordinates": [28.9019046, -20.3995681]}, "properties": {"osm_id": 680414780, "power": "substation", "name": null, "voltage": "88000", "operator": null, "source": "OpenStreetMap via Overpass API", "evidence_class": "observed_public_geometry"}}, {"type": "Feature", "id": "osm-substation-680446699", "geometry": {"type": "Point", "coordinates": [28.1646904, -25.8907877]}, "properties": {"osm_id": 680446699, "power": "substation", "name": "Piet Geers", "voltage": "132000", "operator": "City of Tshwane", "source": "OpenStreetMap via Overpass API", "evidence_class": "observed_public_geometry"}}, {"type": "Feature", "id": "osm-substation-684228704", "geometry": {"type": "Point", "coordinates": [25.4841372, -21.5023133]}, "properties": {"osm_id": 684228704, "power": "substation", "name": null, "voltage": null, "operator": null, "source": "OpenStreetMap via Overpass API", "evidence_class": "observed_public_geometry"}}, {"type": "Feature", "id": "osm-substation-685288968", "geometry": {"type": "Point", "coordinates": [27.3421933, -24.8277387]}, "properties": {"osm_id": 685288968, "power": "substation", "name": null, "voltage": null, "operator": null, "source": "OpenStreetMap via Overpass API", "evidence_class": "observed_public_geometry"}}, {"type": "Feature", "id": "osm-substation-685288970", "geometry": {"type": "Point", "coordinates": [28.6863173, -20.1215311]}, "properties": {"osm_id": 685288970, "power": "substation", "name": "Cement", "voltage": "132000", "operator": null, "source": "OpenStreetMap via Overpass API", "evidence_class": "observed_public_geometry"}}, {"type": "Feature", "id": "osm-substation-685290494", "geometry": {"type": "Point", "coordinates": [27.3359932, -24.8065797]}, "properties": {"osm_id": 685290494, "power": "substation", "name": null, "voltage": null, "operator": null, "source": "OpenStreetMap via Overpass API", "evidence_class": "observed_public_geometry"}}, {"type": "Feature", "id": "osm-substation-685294883", "geometry": {"type": "Point", "coordinates": [28.976537, -23.9020402]}, "properties": {"osm_id": 685294883, "power": "substation", "name": "Borutho Substation", "voltage": "400000;132000", "operator": null, "source": "OpenStreetMap via Overpass API", "evidence_class": "observed_public_geometry"}}, {"type": "Feature", "id": "osm-substation-693869805", "geometry": {"type": "Point", "coordinates": [27.086927, -25.4063824]}, "properties": {"osm_id": 693869805, "power": "substation", "name": "Ngwedi Substation", "voltage": "400000;132000", "operator": "Eskom", "source": "OpenStreetMap via Overpass API", "evidence_class": "observed_public_geometry"}}, {"type": "Feature", "id": "osm-substation-693872640", "geometry": {"type": "Point", "coordinates": [27.1048138, -25.3985955]}, "properties": {"osm_id": 693872640, "power": "substation", "name": null, "voltage": null, "operator": null, "source": "OpenStreetMap via Overpass API", "evidence_class": "observed_public_geometry"}}, {"type": "Feature", "id": "osm-substation-695624295", "geometry": {"type": "Point", "coordinates": [29.3823342, -23.9666925]}, "properties": {"osm_id": 695624295, "power": "substation", "name": null, "voltage": null, "operator": null, "source": "OpenStreetMap via Overpass API", "evidence_class": "observed_public_geometry"}}, {"type": "Feature", "id": "osm-substation-697145516", "geometry": {"type": "Point", "coordinates": [28.2125069, -25.6130434]}, "properties": {"osm_id": 697145516, "power": "substation", "name": null, "voltage": "132000", "operator": null, "source": "OpenStreetMap via Overpass API", "evidence_class": "observed_public_geometry"}}, {"type": "Feature", "id": "osm-substation-699481881", "geometry": {"type": "Point", "coordinates": [23.4354046, -20.0210073]}, "properties": {"osm_id": 699481881, "power": "substation", "name": "Maun Substation", "voltage": "132000", "operator": null, "source": "OpenStreetMap via Overpass API", "evidence_class": "observed_public_geometry"}}, {"type": "Feature", "id": "osm-substation-699550525", "geometry": {"type": "Point", "coordinates": [26.5984356, -20.5217816]}, "properties": {"osm_id": 699550525, "power": "substation", "name": null, "voltage": "132000", "operator": null, "source": "OpenStreetMap via Overpass API", "evidence_class": "observed_public_geometry"}}, {"type": "Feature", "id": "osm-substation-699961455", "geometry": {"type": "Point", "coordinates": [22.4204221, -26.0450912]}, "properties": {"osm_id": 699961455, "power": "substation", "name": "Tsabong Substation", "voltage": "132000", "operator": null, "source": "OpenStreetMap via Overpass API", "evidence_class": "observed_public_geometry"}}, {"type": "Feature", "id": "osm-substation-700182604", "geometry": {"type": "Point", "coordinates": [23.2284691, -26.290391]}, "properties": {"osm_id": 700182604, "power": "substation", "name": null, "voltage": "132000", "operator": null, "source": "OpenStreetMap via Overpass API", "evidence_class": "observed_public_geometry"}}, {"type": "Feature", "id": "osm-substation-700497085", "geometry": {"type": "Point", "coordinates": [25.7480619, -24.6083085]}, "properties": {"osm_id": 700497085, "power": "substation", "name": "Rakola Substation", "voltage": "220000;132000", "operator": null, "source": "OpenStreetMap via Overpass API", "evidence_class": "observed_public_geometry"}}, {"type": "Feature", "id": "osm-substation-700497090", "geometry": {"type": "Point", "coordinates": [26.2329505, -24.1534739]}, "properties": {"osm_id": 700497090, "power": "substation", "name": null, "voltage": "220000", "operator": null, "source": "OpenStreetMap via Overpass API", "evidence_class": "observed_public_geometry"}}, {"type": "Feature", "id": "osm-substation-700497091", "geometry": {"type": "Point", "coordinates": [26.2278615, -24.1564858]}, "properties": {"osm_id": 700497091, "power": "substation", "name": null, "voltage": null, "operator": null, "source": "OpenStreetMap via Overpass API", "evidence_class": "observed_public_geometry"}}, {"type": "Feature", "id": "osm-substation-700497092", "geometry": {"type": "Point", "coordinates": [26.2274208, -24.1562809]}, "properties": {"osm_id": 700497092, "power": "substation", "name": null, "voltage": null, "operator": null, "source": "OpenStreetMap via Overpass API", "evidence_class": "observed_public_geometry"}}, {"type": "Feature", "id": "osm-substation-700912751", "geometry": {"type": "Point", "coordinates": [27.4045228, -26.4241494]}, "properties": {"osm_id": 700912751, "power": "substation", "name": null, "voltage": "132000", "operator": null, "source": "OpenStreetMap via Overpass API", "evidence_class": "observed_public_geometry"}}, {"type": "Feature", "id": "osm-substation-700912754", "geometry": {"type": "Point", "coordinates": [27.3074403, -26.4664551]}, "properties": {"osm_id": 700912754, "power": "substation", "name": null, "voltage": "132000", "operator": null, "source": "OpenStreetMap via Overpass API", "evidence_class": "observed_public_geometry"}}, {"type": "Feature", "id": "osm-substation-700919738", "geometry": {"type": "Point", "coordinates": [27.504196, -26.4187126]}, "properties": {"osm_id": 700919738, "power": "substation", "name": null, "voltage": "132000", "operator": null, "source": "OpenStreetMap via Overpass API", "evidence_class": "observed_public_geometry"}}, {"type": "Feature", "id": "osm-substation-704628438", "geometry": {"type": "Point", "coordinates": [28.1261782, -26.303114]}, "properties": {"osm_id": 704628438, "power": "substation", "name": null, "voltage": null, "operator": null, "source": "OpenStreetMap via Overpass API", "evidence_class": "observed_public_geometry"}}, {"type": "Feature", "id": "osm-substation-704710256", "geometry": {"type": "Point", "coordinates": [28.2157268, -26.1364659]}, "properties": {"osm_id": 704710256, "power": "substation", "name": "Isando East", "voltage": null, "operator": null, "source": "OpenStreetMap via Overpass API", "evidence_class": "observed_public_geometry"}}, {"type": "Feature", "id": "osm-substation-704710269", "geometry": {"type": "Point", "coordinates": [28.2046717, -26.1508166]}, "properties": {"osm_id": 704710269, "power": "substation", "name": null, "voltage": null, "operator": null, "source": "OpenStreetMap via Overpass API", "evidence_class": "observed_public_geometry"}}, {"type": "Feature", "id": "osm-substation-704710275", "geometry": {"type": "Point", "coordinates": [28.1899551, -26.1614441]}, "properties": {"osm_id": 704710275, "power": "substation", "name": null, "voltage": null, "operator": null, "source": "OpenStreetMap via Overpass API", "evidence_class": "observed_public_geometry"}}, {"type": "Feature", "id": "osm-substation-717611817", "geometry": {"type": "Point", "coordinates": [28.5270471, -25.207442]}, "properties": {"osm_id": 717611817, "power": "substation", "name": "Rust De Winter Substation", "voltage": "132000;22000", "operator": "Eskom", "source": "OpenStreetMap via Overpass API", "evidence_class": "observed_public_geometry"}}, {"type": "Feature", "id": "osm-substation-717896354", "geometry": {"type": "Point", "coordinates": [28.0794886, -25.4967963]}, "properties": {"osm_id": 717896354, "power": "substation", "name": null, "voltage": null, "operator": null, "source": "OpenStreetMap via Overpass API", "evidence_class": "observed_public_geometry"}}, {"type": "Feature", "id": "osm-substation-732783905", "geometry": {"type": "Point", "coordinates": [29.1449235, -26.8953895]}, "properties": {"osm_id": 732783905, "power": "substation", "name": null, "voltage": null, "operator": null, "source": "OpenStreetMap via Overpass API", "evidence_class": "observed_public_geometry"}}, {"type": "Feature", "id": "osm-substation-734595937", "geometry": {"type": "Point", "coordinates": [28.1707425, -25.6576457]}, "properties": {"osm_id": 734595937, "power": "substation", "name": null, "voltage": null, "operator": null, "source": "OpenStreetMap via Overpass API", "evidence_class": "observed_public_geometry"}}, {"type": "Feature", "id": "osm-substation-738984158", "geometry": {"type": "Point", "coordinates": [29.3138561, -22.4424559]}, "properties": {"osm_id": 738984158, "power": "substation", "name": null, "voltage": null, "operator": null, "source": "OpenStreetMap via Overpass API", "evidence_class": "observed_public_geometry"}}, {"type": "Feature", "id": "osm-substation-738984159", "geometry": {"type": "Point", "coordinates": [29.3222271, -22.4557743]}, "properties": {"osm_id": 738984159, "power": "substation", "name": null, "voltage": null, "operator": null, "source": "OpenStreetMap via Overpass API", "evidence_class": "observed_public_geometry"}}, {"type": "Feature", "id": "osm-substation-739107078", "geometry": {"type": "Point", "coordinates": [27.5471925, -24.9804437]}, "properties": {"osm_id": 739107078, "power": "substation", "name": null, "voltage": "132000", "operator": null, "source": "OpenStreetMap via Overpass API", "evidence_class": "observed_public_geometry"}}, {"type": "Feature", "id": "osm-substation-742408314", "geometry": {"type": "Point", "coordinates": [28.1611141, -24.0639132]}, "properties": {"osm_id": 742408314, "power": "substation", "name": null, "voltage": "66000", "operator": null, "source": "OpenStreetMap via Overpass API", "evidence_class": "observed_public_geometry"}}, {"type": "Feature", "id": "osm-substation-744582293", "geometry": {"type": "Point", "coordinates": [27.8179738, -26.0912056]}, "properties": {"osm_id": 744582293, "power": "substation", "name": null, "voltage": null, "operator": null, "source": "OpenStreetMap via Overpass API", "evidence_class": "observed_public_geometry"}}, {"type": "Feature", "id": "osm-substation-746515929", "geometry": {"type": "Point", "coordinates": [28.5020408, -25.6787957]}, "properties": {"osm_id": 746515929, "power": "substation", "name": "Cullinan Diamonds Substation", "voltage": "88000", "operator": null, "source": "OpenStreetMap via Overpass API", "evidence_class": "observed_public_geometry"}}, {"type": "Feature", "id": "osm-substation-747169032", "geometry": {"type": "Point", "coordinates": [28.7354381, -25.6897065]}, "properties": {"osm_id": 747169032, "power": "substation", "name": null, "voltage": "132000", "operator": null, "source": "OpenStreetMap via Overpass API", "evidence_class": "observed_public_geometry"}}, {"type": "Feature", "id": "osm-substation-747949710", "geometry": {"type": "Point", "coordinates": [28.8172051, -26.0643089]}, "properties": {"osm_id": 747949710, "power": "substation", "name": null, "voltage": "88000", "operator": null, "source": "OpenStreetMap via Overpass API", "evidence_class": "observed_public_geometry"}}, {"type": "Feature", "id": "osm-substation-749307444", "geometry": {"type": "Point", "coordinates": [28.836624, -26.2622668]}, "properties": {"osm_id": 749307444, "power": "substation", "name": "Delmas Coal", "voltage": "132000", "operator": null, "source": "OpenStreetMap via Overpass API", "evidence_class": "observed_public_geometry"}}, {"type": "Feature", "id": "osm-substation-751130140", "geometry": {"type": "Point", "coordinates": [27.3101335, -26.3227667]}, "properties": {"osm_id": 751130140, "power": "substation", "name": null, "voltage": "132000", "operator": null, "source": "OpenStreetMap via Overpass API", "evidence_class": "observed_public_geometry"}}, {"type": "Feature", "id": "osm-substation-751130143", "geometry": {"type": "Point", "coordinates": [27.2841426, -26.3881063]}, "properties": {"osm_id": 751130143, "power": "substation", "name": null, "voltage": "132000", "operator": null, "source": "OpenStreetMap via Overpass API", "evidence_class": "observed_public_geometry"}}, {"type": "Feature", "id": "osm-substation-753540478", "geometry": {"type": "Point", "coordinates": [28.3572883, -25.7228553]}, "properties": {"osm_id": 753540478, "power": "substation", "name": "Eerstefabrieke Traction Substation", "voltage": "88000", "operator": null, "source": "OpenStreetMap via Overpass API", "evidence_class": "observed_public_geometry"}}, {"type": "Feature", "id": "osm-substation-753540492", "geometry": {"type": "Point", "coordinates": [28.3961165, -25.7121656]}, "properties": {"osm_id": 753540492, "power": "substation", "name": null, "voltage": "132000", "operator": null, "source": "OpenStreetMap via Overpass API", "evidence_class": "observed_public_geometry"}}, {"type": "Feature", "id": "osm-substation-753581277", "geometry": {"type": "Point", "coordinates": [29.1704818, -25.8641224]}, "properties": {"osm_id": 753581277, "power": "substation", "name": null, "voltage": "132000", "operator": null, "source": "OpenStreetMap via Overpass API", "evidence_class": "observed_public_geometry"}}, {"type": "Feature", "id": "osm-substation-757876241", "geometry": {"type": "Point", "coordinates": [28.1366557, -25.7676803]}, "properties": {"osm_id": 757876241, "power": "substation", "name": null, "voltage": "88000", "operator": null, "source": "OpenStreetMap via Overpass API", "evidence_class": "observed_public_geometry"}}, {"type": "Feature", "id": "osm-substation-757933846", "geometry": {"type": "Point", "coordinates": [27.6928633, -23.6976342]}, "properties": {"osm_id": 757933846, "power": "substation", "name": null, "voltage": "132000", "operator": null, "source": "OpenStreetMap via Overpass API", "evidence_class": "observed_public_geometry"}}, {"type": "Feature", "id": "osm-substation-758585714", "geometry": {"type": "Point", "coordinates": [29.4534178, -25.9804427]}, "properties": {"osm_id": 758585714, "power": "substation", "name": null, "voltage": null, "operator": null, "source": "OpenStreetMap via Overpass API", "evidence_class": "observed_public_geometry"}}, {"type": "Feature", "id": "osm-substation-759608426", "geometry": {"type": "Point", "coordinates": [27.9043358, -26.164012]}, "properties": {"osm_id": 759608426, "power": "substation", "name": "Nursery Substation", "voltage": null, "operator": null, "source": "OpenStreetMap via Overpass API", "evidence_class": "observed_public_geometry"}}, {"type": "Feature", "id": "osm-substation-760033356", "geometry": {"type": "Point", "coordinates": [29.2173015, -25.8925717]}, "properties": {"osm_id": 760033356, "power": "substation", "name": null, "voltage": "132000", "operator": null, "source": "OpenStreetMap via Overpass API", "evidence_class": "observed_public_geometry"}}, {"type": "Feature", "id": "osm-substation-760741484", "geometry": {"type": "Point", "coordinates": [26.8664844, -18.6275211]}, "properties": {"osm_id": 760741484, "power": "substation", "name": null, "voltage": null, "operator": null, "source": "OpenStreetMap via Overpass API", "evidence_class": "observed_public_geometry"}}, {"type": "Feature", "id": "osm-substation-761313927", "geometry": {"type": "Point", "coordinates": [27.9483799, -26.2188345]}, "properties": {"osm_id": 761313927, "power": "substation", "name": null, "voltage": "88000", "operator": null, "source": "OpenStreetMap via Overpass API", "evidence_class": "observed_public_geometry"}}, {"type": "Feature", "id": "osm-substation-761354613", "geometry": {"type": "Point", "coordinates": [28.2321375, -25.9398535]}, "properties": {"osm_id": 761354613, "power": "substation", "name": null, "voltage": null, "operator": null, "source": "OpenStreetMap via Overpass API", "evidence_class": "observed_public_geometry"}}, {"type": "Feature", "id": "osm-substation-761354627", "geometry": {"type": "Point", "coordinates": [28.2279578, -25.9719502]}, "properties": {"osm_id": 761354627, "power": "substation", "name": null, "voltage": "88000", "operator": null, "source": "OpenStreetMap via Overpass API", "evidence_class": "observed_public_geometry"}}, {"type": "Feature", "id": "osm-substation-761354628", "geometry": {"type": "Point", "coordinates": [28.2276681, -25.9714257]}, "properties": {"osm_id": 761354628, "power": "substation", "name": null, "voltage": "88000", "operator": null, "source": "OpenStreetMap via Overpass API", "evidence_class": "observed_public_geometry"}}, {"type": "Feature", "id": "osm-substation-762469802", "geometry": {"type": "Point", "coordinates": [28.0815555, -26.1463236]}, "properties": {"osm_id": 762469802, "power": "substation", "name": null, "voltage": null, "operator": null, "source": "OpenStreetMap via Overpass API", "evidence_class": "observed_public_geometry"}}, {"type": "Feature", "id": "osm-substation-762469803", "geometry": {"type": "Point", "coordinates": [28.0815656, -26.1462699]}, "properties": {"osm_id": 762469803, "power": "substation", "name": null, "voltage": null, "operator": null, "source": "OpenStreetMap via Overpass API", "evidence_class": "observed_public_geometry"}}, {"type": "Feature", "id": "osm-substation-762682208", "geometry": {"type": "Point", "coordinates": [29.3650376, -26.6809979]}, "properties": {"osm_id": 762682208, "power": "substation", "name": null, "voltage": null, "operator": null, "source": "OpenStreetMap via Overpass API", "evidence_class": "observed_public_geometry"}}, {"type": "Feature", "id": "osm-substation-763112775", "geometry": {"type": "Point", "coordinates": [28.1626075, -26.2412346]}, "properties": {"osm_id": 763112775, "power": "substation", "name": null, "voltage": null, "operator": null, "source": "OpenStreetMap via Overpass API", "evidence_class": "observed_public_geometry"}}, {"type": "Feature", "id": "osm-substation-772338851", "geometry": {"type": "Point", "coordinates": [28.1678984, -25.7263024]}, "properties": {"osm_id": 772338851, "power": "substation", "name": "Hercules Traction Substation", "voltage": null, "operator": null, "source": "OpenStreetMap via Overpass API", "evidence_class": "observed_public_geometry"}}, {"type": "Feature", "id": "osm-substation-778793925", "geometry": {"type": "Point", "coordinates": [26.4094357, -24.8413775]}, "properties": {"osm_id": 778793925, "power": "substation", "name": null, "voltage": "132000", "operator": null, "source": "OpenStreetMap via Overpass API", "evidence_class": "observed_public_geometry"}}, {"type": "Feature", "id": "osm-substation-781112004", "geometry": {"type": "Point", "coordinates": [26.085489, -25.5731674]}, "properties": {"osm_id": 781112004, "power": "substation", "name": null, "voltage": "88000", "operator": null, "source": "OpenStreetMap via Overpass API", "evidence_class": "observed_public_geometry"}}, {"type": "Feature", "id": "osm-substation-781642099", "geometry": {"type": "Point", "coordinates": [28.1162949, -26.2224679]}, "properties": {"osm_id": 781642099, "power": "substation", "name": null, "voltage": "88000", "operator": "City Power", "source": "OpenStreetMap via Overpass API", "evidence_class": "observed_public_geometry"}}, {"type": "Feature", "id": "osm-substation-786352922", "geometry": {"type": "Point", "coordinates": [28.4488169, -22.7487964]}, "properties": {"osm_id": 786352922, "power": "substation", "name": null, "voltage": "132000", "operator": null, "source": "OpenStreetMap via Overpass API", "evidence_class": "observed_public_geometry"}}, {"type": "Feature", "id": "osm-substation-788013789", "geometry": {"type": "Point", "coordinates": [27.9357709, -26.175309]}, "properties": {"osm_id": 788013789, "power": "substation", "name": "Rhodes Avenue Substation", "voltage": null, "operator": null, "source": "OpenStreetMap via Overpass API", "evidence_class": "observed_public_geometry"}}, {"type": "Feature", "id": "osm-substation-788258793", "geometry": {"type": "Point", "coordinates": [27.9372378, -26.1714787]}, "properties": {"osm_id": 788258793, "power": "substation", "name": null, "voltage": null, "operator": null, "source": "OpenStreetMap via Overpass API", "evidence_class": "observed_public_geometry"}}, {"type": "Feature", "id": "osm-substation-797177752", "geometry": {"type": "Point", "coordinates": [29.155297, -25.9432037]}, "properties": {"osm_id": 797177752, "power": "substation", "name": null, "voltage": null, "operator": null, "source": "OpenStreetMap via Overpass API", "evidence_class": "observed_public_geometry"}}, {"type": "Feature", "id": "osm-substation-799244466", "geometry": {"type": "Point", "coordinates": [28.4666178, -26.210823]}, "properties": {"osm_id": 799244466, "power": "substation", "name": null, "voltage": "132000", "operator": null, "source": "OpenStreetMap via Overpass API", "evidence_class": "observed_public_geometry"}}, {"type": "Feature", "id": "osm-substation-799244467", "geometry": {"type": "Point", "coordinates": [28.4290905, -26.1305892]}, "properties": {"osm_id": 799244467, "power": "substation", "name": null, "voltage": "88000", "operator": null, "source": "OpenStreetMap via Overpass API", "evidence_class": "observed_public_geometry"}}, {"type": "Feature", "id": "osm-substation-799265707", "geometry": {"type": "Point", "coordinates": [28.4433812, -26.2085424]}, "properties": {"osm_id": 799265707, "power": "substation", "name": null, "voltage": "132000", "operator": null, "source": "OpenStreetMap via Overpass API", "evidence_class": "observed_public_geometry"}}, {"type": "Feature", "id": "osm-substation-799536357", "geometry": {"type": "Point", "coordinates": [28.7512318, -26.1208896]}, "properties": {"osm_id": 799536357, "power": "substation", "name": null, "voltage": "132000", "operator": null, "source": "OpenStreetMap via Overpass API", "evidence_class": "observed_public_geometry"}}, {"type": "Feature", "id": "osm-substation-799536358", "geometry": {"type": "Point", "coordinates": [28.7523615, -26.1190054]}, "properties": {"osm_id": 799536358, "power": "substation", "name": null, "voltage": "132000", "operator": null, "source": "OpenStreetMap via Overpass API", "evidence_class": "observed_public_geometry"}}, {"type": "Feature", "id": "osm-substation-799536422", "geometry": {"type": "Point", "coordinates": [28.5929624, -26.174503]}, "properties": {"osm_id": 799536422, "power": "substation", "name": null, "voltage": null, "operator": null, "source": "OpenStreetMap via Overpass API", "evidence_class": "observed_public_geometry"}}, {"type": "Feature", "id": "osm-substation-799536425", "geometry": {"type": "Point", "coordinates": [28.685926, -26.1516729]}, "properties": {"osm_id": 799536425, "power": "substation", "name": null, "voltage": null, "operator": "National Transmission Company South Africa SOC Ltd", "source": "OpenStreetMap via Overpass API", "evidence_class": "observed_public_geometry"}}, {"type": "Feature", "id": "osm-substation-799540272", "geometry": {"type": "Point", "coordinates": [28.4889989, -26.2081204]}, "properties": {"osm_id": 799540272, "power": "substation", "name": null, "voltage": "132000", "operator": null, "source": "OpenStreetMap via Overpass API", "evidence_class": "observed_public_geometry"}}, {"type": "Feature", "id": "osm-substation-799540273", "geometry": {"type": "Point", "coordinates": [28.4888293, -26.2075544]}, "properties": {"osm_id": 799540273, "power": "substation", "name": null, "voltage": "132000", "operator": null, "source": "OpenStreetMap via Overpass API", "evidence_class": "observed_public_geometry"}}, {"type": "Feature", "id": "osm-substation-799554890", "geometry": {"type": "Point", "coordinates": [28.2544832, -26.3420333]}, "properties": {"osm_id": 799554890, "power": "substation", "name": "SAR Mapleton Substation", "voltage": "88000", "operator": null, "source": "OpenStreetMap via Overpass API", "evidence_class": "observed_public_geometry"}}, {"type": "Feature", "id": "osm-substation-799554908", "geometry": {"type": "Point", "coordinates": [28.2829328, -26.3584983]}, "properties": {"osm_id": 799554908, "power": "substation", "name": null, "voltage": "88000", "operator": null, "source": "OpenStreetMap via Overpass API", "evidence_class": "observed_public_geometry"}}, {"type": "Feature", "id": "osm-substation-801539555", "geometry": {"type": "Point", "coordinates": [28.417521, -26.2273583]}, "properties": {"osm_id": 801539555, "power": "substation", "name": null, "voltage": null, "operator": null, "source": "OpenStreetMap via Overpass API", "evidence_class": "observed_public_geometry"}}, {"type": "Feature", "id": "osm-substation-801539652", "geometry": {"type": "Point", "coordinates": [28.92891, -26.380132]}, "properties": {"osm_id": 801539652, "power": "substation", "name": "Leandra", "voltage": "132000", "operator": null, "source": "OpenStreetMap via Overpass API", "evidence_class": "observed_public_geometry"}}, {"type": "Feature", "id": "osm-substation-801558210", "geometry": {"type": "Point", "coordinates": [28.3706897, -26.2588032]}, "properties": {"osm_id": 801558210, "power": "substation", "name": null, "voltage": null, "operator": null, "source": "OpenStreetMap via Overpass API", "evidence_class": "observed_public_geometry"}}, {"type": "Feature", "id": "osm-substation-801568158", "geometry": {"type": "Point", "coordinates": [28.3769214, -26.2797826]}, "properties": {"osm_id": 801568158, "power": "substation", "name": null, "voltage": "132000", "operator": null, "source": "OpenStreetMap via Overpass API", "evidence_class": "observed_public_geometry"}}, {"type": "Feature", "id": "osm-substation-801568160", "geometry": {"type": "Point", "coordinates": [28.3807891, -26.2864852]}, "properties": {"osm_id": 801568160, "power": "substation", "name": null, "voltage": "132000", "operator": null, "source": "OpenStreetMap via Overpass API", "evidence_class": "observed_public_geometry"}}, {"type": "Feature", "id": "osm-substation-801568168", "geometry": {"type": "Point", "coordinates": [28.372128, -26.2545564]}, "properties": {"osm_id": 801568168, "power": "substation", "name": null, "voltage": null, "operator": null, "source": "OpenStreetMap via Overpass API", "evidence_class": "observed_public_geometry"}}, {"type": "Feature", "id": "osm-substation-801706863", "geometry": {"type": "Point", "coordinates": [28.4489459, -26.326297]}, "properties": {"osm_id": 801706863, "power": "substation", "name": null, "voltage": "132000", "operator": null, "source": "OpenStreetMap via Overpass API", "evidence_class": "observed_public_geometry"}}, {"type": "Feature", "id": "osm-substation-801708573", "geometry": {"type": "Point", "coordinates": [28.5103248, -26.4310752]}, "properties": {"osm_id": 801708573, "power": "substation", "name": null, "voltage": "88000", "operator": null, "source": "OpenStreetMap via Overpass API", "evidence_class": "observed_public_geometry"}}, {"type": "Feature", "id": "osm-substation-801896858", "geometry": {"type": "Point", "coordinates": [28.2816987, -26.3399472]}, "properties": {"osm_id": 801896858, "power": "substation", "name": "Rooikraal Substation", "voltage": "88000", "operator": null, "source": "OpenStreetMap via Overpass API", "evidence_class": "observed_public_geometry"}}, {"type": "Feature", "id": "osm-substation-801896874", "geometry": {"type": "Point", "coordinates": [28.1827104, -26.2878369]}, "properties": {"osm_id": 801896874, "power": "substation", "name": null, "voltage": null, "operator": null, "source": "OpenStreetMap via Overpass API", "evidence_class": "observed_public_geometry"}}, {"type": "Feature", "id": "osm-substation-801896882", "geometry": {"type": "Point", "coordinates": [28.3371486, -26.29153]}, "properties": {"osm_id": 801896882, "power": "substation", "name": null, "voltage": null, "operator": null, "source": "OpenStreetMap via Overpass API", "evidence_class": "observed_public_geometry"}}, {"type": "Feature", "id": "osm-substation-802008362", "geometry": {"type": "Point", "coordinates": [28.0756396, -26.4566301]}, "properties": {"osm_id": 802008362, "power": "substation", "name": "Skansdam Traction Substation", "voltage": null, "operator": null, "source": "OpenStreetMap via Overpass API", "evidence_class": "observed_public_geometry"}}, {"type": "Feature", "id": "osm-substation-802008375", "geometry": {"type": "Point", "coordinates": [28.1301408, -26.4732465]}, "properties": {"osm_id": 802008375, "power": "substation", "name": null, "voltage": "88000", "operator": null, "source": "OpenStreetMap via Overpass API", "evidence_class": "observed_public_geometry"}}, {"type": "Feature", "id": "osm-substation-802147056", "geometry": {"type": "Point", "coordinates": [28.2525186, -26.3570704]}, "properties": {"osm_id": 802147056, "power": "substation", "name": "Mapleton Substation", "voltage": "88000", "operator": null, "source": "OpenStreetMap via Overpass API", "evidence_class": "observed_public_geometry"}}, {"type": "Feature", "id": "osm-substation-802147150", "geometry": {"type": "Point", "coordinates": [28.1286499, -26.3474535]}, "properties": {"osm_id": 802147150, "power": "substation", "name": null, "voltage": "88000", "operator": null, "source": "OpenStreetMap via Overpass API", "evidence_class": "observed_public_geometry"}}, {"type": "Feature", "id": "osm-substation-802149255", "geometry": {"type": "Point", "coordinates": [28.0846073, -26.4374985]}, "properties": {"osm_id": 802149255, "power": "substation", "name": null, "voltage": "88000", "operator": null, "source": "OpenStreetMap via Overpass API", "evidence_class": "observed_public_geometry"}}, {"type": "Feature", "id": "osm-substation-802233605", "geometry": {"type": "Point", "coordinates": [27.8515904, -26.5970015]}, "properties": {"osm_id": 802233605, "power": "substation", "name": "Houtkop Traction Substation", "voltage": "88000", "operator": null, "source": "OpenStreetMap via Overpass API", "evidence_class": "observed_public_geometry"}}, {"type": "Feature", "id": "osm-substation-803858643", "geometry": {"type": "Point", "coordinates": [28.1121915, -26.0148018]}, "properties": {"osm_id": 803858643, "power": "substation", "name": null, "voltage": "88000", "operator": null, "source": "OpenStreetMap via Overpass API", "evidence_class": "observed_public_geometry"}}, {"type": "Feature", "id": "osm-substation-803872387", "geometry": {"type": "Point", "coordinates": [27.9206975, -26.6863024]}, "properties": {"osm_id": 803872387, "power": "substation", "name": null, "voltage": null, "operator": null, "source": "OpenStreetMap via Overpass API", "evidence_class": "observed_public_geometry"}}, {"type": "Feature", "id": "osm-substation-803874432", "geometry": {"type": "Point", "coordinates": [27.9105421, -26.6834165]}, "properties": {"osm_id": 803874432, "power": "substation", "name": null, "voltage": null, "operator": null, "source": "OpenStreetMap via Overpass API", "evidence_class": "observed_public_geometry"}}, {"type": "Feature", "id": "osm-substation-803885028", "geometry": {"type": "Point", "coordinates": [28.1873893, -26.2306531]}, "properties": {"osm_id": 803885028, "power": "substation", "name": null, "voltage": null, "operator": null, "source": "OpenStreetMap via Overpass API", "evidence_class": "observed_public_geometry"}}, {"type": "Feature", "id": "osm-substation-804537687", "geometry": {"type": "Point", "coordinates": [29.0913972, -25.8782753]}, "properties": {"osm_id": 804537687, "power": "substation", "name": null, "voltage": "132000", "operator": null, "source": "OpenStreetMap via Overpass API", "evidence_class": "observed_public_geometry"}}, {"type": "Feature", "id": "osm-substation-804558031", "geometry": {"type": "Point", "coordinates": [28.4896574, -26.2518432]}, "properties": {"osm_id": 804558031, "power": "substation", "name": null, "voltage": "132000", "operator": null, "source": "OpenStreetMap via Overpass API", "evidence_class": "observed_public_geometry"}}, {"type": "Feature", "id": "osm-substation-804564730", "geometry": {"type": "Point", "coordinates": [27.6651418, -26.309577]}, "properties": {"osm_id": 804564730, "power": "substation", "name": null, "voltage": "132000", "operator": null, "source": "OpenStreetMap via Overpass API", "evidence_class": "observed_public_geometry"}}, {"type": "Feature", "id": "osm-substation-804564732", "geometry": {"type": "Point", "coordinates": [27.6474716, -26.3124599]}, "properties": {"osm_id": 804564732, "power": "substation", "name": null, "voltage": "132000", "operator": null, "source": "OpenStreetMap via Overpass API", "evidence_class": "observed_public_geometry"}}, {"type": "Feature", "id": "osm-substation-804564733", "geometry": {"type": "Point", "coordinates": [28.1065228, -25.6145974]}, "properties": {"osm_id": 804564733, "power": "substation", "name": null, "voltage": null, "operator": null, "source": "OpenStreetMap via Overpass API", "evidence_class": "observed_public_geometry"}}, {"type": "Feature", "id": "osm-substation-804564739", "geometry": {"type": "Point", "coordinates": [28.0918002, -25.4919217]}, "properties": {"osm_id": 804564739, "power": "substation", "name": null, "voltage": null, "operator": null, "source": "OpenStreetMap via Overpass API", "evidence_class": "observed_public_geometry"}}, {"type": "Feature", "id": "osm-substation-804564740", "geometry": {"type": "Point", "coordinates": [28.092855, -25.4909508]}, "properties": {"osm_id": 804564740, "power": "substation", "name": null, "voltage": null, "operator": null, "source": "OpenStreetMap via Overpass API", "evidence_class": "observed_public_geometry"}}, {"type": "Feature", "id": "osm-substation-804564741", "geometry": {"type": "Point", "coordinates": [28.0924134, -25.4912498]}, "properties": {"osm_id": 804564741, "power": "substation", "name": null, "voltage": null, "operator": null, "source": "OpenStreetMap via Overpass API", "evidence_class": "observed_public_geometry"}}, {"type": "Feature", "id": "osm-substation-804564758", "geometry": {"type": "Point", "coordinates": [28.0098953, -25.6197084]}, "properties": {"osm_id": 804564758, "power": "substation", "name": "Medusa Substation", "voltage": "88000", "operator": null, "source": "OpenStreetMap via Overpass API", "evidence_class": "observed_public_geometry"}}, {"type": "Feature", "id": "osm-substation-804634883", "geometry": {"type": "Point", "coordinates": [27.087899, -25.3712808]}, "properties": {"osm_id": 804634883, "power": "substation", "name": null, "voltage": "132000", "operator": null, "source": "OpenStreetMap via Overpass API", "evidence_class": "observed_public_geometry"}}, {"type": "Feature", "id": "osm-substation-804634884", "geometry": {"type": "Point", "coordinates": [27.0789968, -25.3842047]}, "properties": {"osm_id": 804634884, "power": "substation", "name": null, "voltage": "132000", "operator": null, "source": "OpenStreetMap via Overpass API", "evidence_class": "observed_public_geometry"}}, {"type": "Feature", "id": "osm-substation-804634886", "geometry": {"type": "Point", "coordinates": [27.2234805, -25.5166315]}, "properties": {"osm_id": 804634886, "power": "substation", "name": null, "voltage": null, "operator": null, "source": "OpenStreetMap via Overpass API", "evidence_class": "observed_public_geometry"}}, {"type": "Feature", "id": "osm-substation-804634890", "geometry": {"type": "Point", "coordinates": [27.1810985, -25.5431995]}, "properties": {"osm_id": 804634890, "power": "substation", "name": null, "voltage": "88000", "operator": null, "source": "OpenStreetMap via Overpass API", "evidence_class": "observed_public_geometry"}}, {"type": "Feature", "id": "osm-substation-804634902", "geometry": {"type": "Point", "coordinates": [27.0816863, -25.4169609]}, "properties": {"osm_id": 804634902, "power": "substation", "name": null, "voltage": "132000", "operator": null, "source": "OpenStreetMap via Overpass API", "evidence_class": "observed_public_geometry"}}, {"type": "Feature", "id": "osm-substation-804634912", "geometry": {"type": "Point", "coordinates": [27.2194969, -25.6187485]}, "properties": {"osm_id": 804634912, "power": "substation", "name": null, "voltage": "88000", "operator": null, "source": "OpenStreetMap via Overpass API", "evidence_class": "observed_public_geometry"}}, {"type": "Feature", "id": "osm-substation-804634927", "geometry": {"type": "Point", "coordinates": [27.4933055, -25.7452646]}, "properties": {"osm_id": 804634927, "power": "substation", "name": null, "voltage": "88000", "operator": null, "source": "OpenStreetMap via Overpass API", "evidence_class": "observed_public_geometry"}}, {"type": "Feature", "id": "osm-substation-804714559", "geometry": {"type": "Point", "coordinates": [28.2025292, -25.2691037]}, "properties": {"osm_id": 804714559, "power": "substation", "name": null, "voltage": null, "operator": null, "source": "OpenStreetMap via Overpass API", "evidence_class": "observed_public_geometry"}}, {"type": "Feature", "id": "osm-substation-804717923", "geometry": {"type": "Point", "coordinates": [27.4847728, -25.3095543]}, "properties": {"osm_id": 804717923, "power": "substation", "name": null, "voltage": null, "operator": null, "source": "OpenStreetMap via Overpass API", "evidence_class": "observed_public_geometry"}}, {"type": "Feature", "id": "osm-substation-804720453", "geometry": {"type": "Point", "coordinates": [26.9903853, -25.1083985]}, "properties": {"osm_id": 804720453, "power": "substation", "name": null, "voltage": "132000", "operator": null, "source": "OpenStreetMap via Overpass API", "evidence_class": "observed_public_geometry"}}, {"type": "Feature", "id": "osm-substation-805954276", "geometry": {"type": "Point", "coordinates": [26.0505572, -24.5609447]}, "properties": {"osm_id": 805954276, "power": "substation", "name": null, "voltage": null, "operator": null, "source": "OpenStreetMap via Overpass API", "evidence_class": "observed_public_geometry"}}, {"type": "Feature", "id": "osm-substation-810570370", "geometry": {"type": "Point", "coordinates": [28.8256091, -26.7682882]}, "properties": {"osm_id": 810570370, "power": "substation", "name": null, "voltage": null, "operator": null, "source": "OpenStreetMap via Overpass API", "evidence_class": "observed_public_geometry"}}, {"type": "Feature", "id": "osm-substation-810571617", "geometry": {"type": "Point", "coordinates": [28.7359492, -26.7432618]}, "properties": {"osm_id": 810571617, "power": "substation", "name": null, "voltage": null, "operator": null, "source": "OpenStreetMap via Overpass API", "evidence_class": "observed_public_geometry"}}, {"type": "Feature", "id": "osm-substation-810571619", "geometry": {"type": "Point", "coordinates": [28.6612648, -26.6923012]}, "properties": {"osm_id": 810571619, "power": "substation", "name": null, "voltage": "88000", "operator": null, "source": "OpenStreetMap via Overpass API", "evidence_class": "observed_public_geometry"}}, {"type": "Feature", "id": "osm-substation-810620144", "geometry": {"type": "Point", "coordinates": [28.4765697, -26.5885261]}, "properties": {"osm_id": 810620144, "power": "substation", "name": null, "voltage": "88000", "operator": null, "source": "OpenStreetMap via Overpass API", "evidence_class": "observed_public_geometry"}}, {"type": "Feature", "id": "osm-substation-810620161", "geometry": {"type": "Point", "coordinates": [28.4913489, -26.5893428]}, "properties": {"osm_id": 810620161, "power": "substation", "name": null, "voltage": "88000", "operator": null, "source": "OpenStreetMap via Overpass API", "evidence_class": "observed_public_geometry"}}, {"type": "Feature", "id": "osm-substation-810730727", "geometry": {"type": "Point", "coordinates": [28.178093, -26.3226393]}, "properties": {"osm_id": 810730727, "power": "substation", "name": "Spruitview Substation", "voltage": null, "operator": "Eskom", "source": "OpenStreetMap via Overpass API", "evidence_class": "observed_public_geometry"}}, {"type": "Feature", "id": "osm-substation-813303759", "geometry": {"type": "Point", "coordinates": [28.2715616, -25.7235959]}, "properties": {"osm_id": 813303759, "power": "substation", "name": null, "voltage": null, "operator": null, "source": "OpenStreetMap via Overpass API", "evidence_class": "observed_public_geometry"}}, {"type": "Feature", "id": "osm-substation-814625437", "geometry": {"type": "Point", "coordinates": [28.3181231, -25.9285873]}, "properties": {"osm_id": 814625437, "power": "substation", "name": null, "voltage": null, "operator": null, "source": "OpenStreetMap via Overpass API", "evidence_class": "observed_public_geometry"}}, {"type": "Feature", "id": "osm-substation-814638021", "geometry": {"type": "Point", "coordinates": [26.1810221, -26.1373429]}, "properties": {"osm_id": 814638021, "power": "substation", "name": null, "voltage": "88000", "operator": null, "source": "OpenStreetMap via Overpass API", "evidence_class": "observed_public_geometry"}}, {"type": "Feature", "id": "osm-substation-814638023", "geometry": {"type": "Point", "coordinates": [26.1822197, -26.1323364]}, "properties": {"osm_id": 814638023, "power": "substation", "name": null, "voltage": "88000", "operator": null, "source": "OpenStreetMap via Overpass API", "evidence_class": "observed_public_geometry"}}, {"type": "Feature", "id": "osm-substation-814638024", "geometry": {"type": "Point", "coordinates": [26.1722198, -26.1407991]}, "properties": {"osm_id": 814638024, "power": "substation", "name": null, "voltage": "88000", "operator": null, "source": "OpenStreetMap via Overpass API", "evidence_class": "observed_public_geometry"}}, {"type": "Feature", "id": "osm-substation-815097183", "geometry": {"type": "Point", "coordinates": [27.8576328, -26.7972446]}, "properties": {"osm_id": 815097183, "power": "substation", "name": null, "voltage": "88000", "operator": null, "source": "OpenStreetMap via Overpass API", "evidence_class": "observed_public_geometry"}}, {"type": "Feature", "id": "osm-substation-816094510", "geometry": {"type": "Point", "coordinates": [28.4762674, -26.2541016]}, "properties": {"osm_id": 816094510, "power": "substation", "name": null, "voltage": null, "operator": null, "source": "OpenStreetMap via Overpass API", "evidence_class": "observed_public_geometry"}}, {"type": "Feature", "id": "osm-substation-816094511", "geometry": {"type": "Point", "coordinates": [28.4779885, -26.2581391]}, "properties": {"osm_id": 816094511, "power": "substation", "name": null, "voltage": null, "operator": null, "source": "OpenStreetMap via Overpass API", "evidence_class": "observed_public_geometry"}}, {"type": "Feature", "id": "osm-substation-816218501", "geometry": {"type": "Point", "coordinates": [28.4784409, -26.2491852]}, "properties": {"osm_id": 816218501, "power": "substation", "name": null, "voltage": null, "operator": null, "source": "OpenStreetMap via Overpass API", "evidence_class": "observed_public_geometry"}}, {"type": "Feature", "id": "osm-substation-821523073", "geometry": {"type": "Point", "coordinates": [28.0272271, -25.5288396]}, "properties": {"osm_id": 821523073, "power": "substation", "name": "Nooitgedaght Substation", "voltage": null, "operator": null, "source": "OpenStreetMap via Overpass API", "evidence_class": "observed_public_geometry"}}, {"type": "Feature", "id": "osm-substation-823566517", "geometry": {"type": "Point", "coordinates": [27.6629588, -26.2067806]}, "properties": {"osm_id": 823566517, "power": "substation", "name": null, "voltage": "88000", "operator": null, "source": "OpenStreetMap via Overpass API", "evidence_class": "observed_public_geometry"}}, {"type": "Feature", "id": "osm-substation-824163208", "geometry": {"type": "Point", "coordinates": [27.682677, -26.2231763]}, "properties": {"osm_id": 824163208, "power": "substation", "name": null, "voltage": "88000", "operator": null, "source": "OpenStreetMap via Overpass API", "evidence_class": "observed_public_geometry"}}, {"type": "Feature", "id": "osm-substation-824869496", "geometry": {"type": "Point", "coordinates": [27.1871453, -25.7699285]}, "properties": {"osm_id": 824869496, "power": "substation", "name": null, "voltage": "132000", "operator": null, "source": "OpenStreetMap via Overpass API", "evidence_class": "observed_public_geometry"}}, {"type": "Feature", "id": "osm-substation-829417115", "geometry": {"type": "Point", "coordinates": [28.303336, -26.2086328]}, "properties": {"osm_id": 829417115, "power": "substation", "name": null, "voltage": null, "operator": null, "source": "OpenStreetMap via Overpass API", "evidence_class": "observed_public_geometry"}}, {"type": "Feature", "id": "osm-substation-832906043", "geometry": {"type": "Point", "coordinates": [28.2080331, -26.1574073]}, "properties": {"osm_id": 832906043, "power": "substation", "name": null, "voltage": null, "operator": null, "source": "OpenStreetMap via Overpass API", "evidence_class": "observed_public_geometry"}}, {"type": "Feature", "id": "osm-substation-833003360", "geometry": {"type": "Point", "coordinates": [28.186784, -26.1076696]}, "properties": {"osm_id": 833003360, "power": "substation", "name": null, "voltage": null, "operator": null, "source": "OpenStreetMap via Overpass API", "evidence_class": "observed_public_geometry"}}, {"type": "Feature", "id": "osm-substation-833316858", "geometry": {"type": "Point", "coordinates": [28.2343351, -26.0130978]}, "properties": {"osm_id": 833316858, "power": "substation", "name": "Tembisa Traction Substation", "voltage": "88000", "operator": null, "source": "OpenStreetMap via Overpass API", "evidence_class": "observed_public_geometry"}}, {"type": "Feature", "id": "osm-substation-842146738", "geometry": {"type": "Point", "coordinates": [28.3373787, -26.2084511]}, "properties": {"osm_id": 842146738, "power": "substation", "name": null, "voltage": null, "operator": null, "source": "OpenStreetMap via Overpass API", "evidence_class": "observed_public_geometry"}}, {"type": "Feature", "id": "osm-substation-842146739", "geometry": {"type": "Point", "coordinates": [28.3344986, -26.211111]}, "properties": {"osm_id": 842146739, "power": "substation", "name": null, "voltage": null, "operator": null, "source": "OpenStreetMap via Overpass API", "evidence_class": "observed_public_geometry"}}, {"type": "Feature", "id": "osm-substation-842146740", "geometry": {"type": "Point", "coordinates": [28.3318541, -26.2131833]}, "properties": {"osm_id": 842146740, "power": "substation", "name": null, "voltage": null, "operator": null, "source": "OpenStreetMap via Overpass API", "evidence_class": "observed_public_geometry"}}, {"type": "Feature", "id": "osm-substation-842180878", "geometry": {"type": "Point", "coordinates": [28.4572721, -26.3168634]}, "properties": {"osm_id": 842180878, "power": "substation", "name": null, "voltage": "132000", "operator": null, "source": "OpenStreetMap via Overpass API", "evidence_class": "observed_public_geometry"}}, {"type": "Feature", "id": "osm-substation-842180880", "geometry": {"type": "Point", "coordinates": [28.4747763, -26.3149735]}, "properties": {"osm_id": 842180880, "power": "substation", "name": null, "voltage": null, "operator": null, "source": "OpenStreetMap via Overpass API", "evidence_class": "observed_public_geometry"}}, {"type": "Feature", "id": "osm-substation-842180881", "geometry": {"type": "Point", "coordinates": [28.0022085, -26.6938589]}, "properties": {"osm_id": 842180881, "power": "substation", "name": null, "voltage": null, "operator": null, "source": "OpenStreetMap via Overpass API", "evidence_class": "observed_public_geometry"}}, {"type": "Feature", "id": "osm-substation-842180893", "geometry": {"type": "Point", "coordinates": [28.5100854, -26.2390759]}, "properties": {"osm_id": 842180893, "power": "substation", "name": null, "voltage": "132000", "operator": null, "source": "OpenStreetMap via Overpass API", "evidence_class": "observed_public_geometry"}}, {"type": "Feature", "id": "osm-substation-842487263", "geometry": {"type": "Point", "coordinates": [25.962439, -25.7091866]}, "properties": {"osm_id": 842487263, "power": "substation", "name": null, "voltage": "88000", "operator": null, "source": "OpenStreetMap via Overpass API", "evidence_class": "observed_public_geometry"}}, {"type": "Feature", "id": "osm-substation-842487265", "geometry": {"type": "Point", "coordinates": [26.0843681, -25.7114549]}, "properties": {"osm_id": 842487265, "power": "substation", "name": "Ottohoops Holdings (Witkop)", "voltage": "88000", "operator": null, "source": "OpenStreetMap via Overpass API", "evidence_class": "observed_public_geometry"}}, {"type": "Feature", "id": "osm-substation-842505817", "geometry": {"type": "Point", "coordinates": [28.0753726, -25.5596022]}, "properties": {"osm_id": 842505817, "power": "substation", "name": null, "voltage": null, "operator": null, "source": "OpenStreetMap via Overpass API", "evidence_class": "observed_public_geometry"}}, {"type": "Feature", "id": "osm-substation-842505824", "geometry": {"type": "Point", "coordinates": [28.0001633, -25.6195112]}, "properties": {"osm_id": 842505824, "power": "substation", "name": null, "voltage": null, "operator": null, "source": "OpenStreetMap via Overpass API", "evidence_class": "observed_public_geometry"}}, {"type": "Feature", "id": "osm-substation-856444432", "geometry": {"type": "Point", "coordinates": [26.9936295, -22.5305515]}, "properties": {"osm_id": 856444432, "power": "substation", "name": null, "voltage": null, "operator": null, "source": "OpenStreetMap via Overpass API", "evidence_class": "observed_public_geometry"}}, {"type": "Feature", "id": "osm-substation-866115731", "geometry": {"type": "Point", "coordinates": [28.2303689, -25.7541639]}, "properties": {"osm_id": 866115731, "power": "substation", "name": "Substation", "voltage": null, "operator": null, "source": "OpenStreetMap via Overpass API", "evidence_class": "observed_public_geometry"}}, {"type": "Feature", "id": "osm-substation-871851664", "geometry": {"type": "Point", "coordinates": [28.2034277, -26.1425306]}, "properties": {"osm_id": 871851664, "power": "substation", "name": null, "voltage": null, "operator": null, "source": "OpenStreetMap via Overpass API", "evidence_class": "observed_public_geometry"}}, {"type": "Feature", "id": "osm-substation-872825251", "geometry": {"type": "Point", "coordinates": [28.0011294, -25.7188283]}, "properties": {"osm_id": 872825251, "power": "substation", "name": null, "voltage": null, "operator": null, "source": "OpenStreetMap via Overpass API", "evidence_class": "observed_public_geometry"}}, {"type": "Feature", "id": "osm-substation-873293090", "geometry": {"type": "Point", "coordinates": [27.8940159, -26.235855]}, "properties": {"osm_id": 873293090, "power": "substation", "name": "Dube Substation", "voltage": "88000", "operator": null, "source": "OpenStreetMap via Overpass API", "evidence_class": "observed_public_geometry"}}, {"type": "Feature", "id": "osm-substation-875560130", "geometry": {"type": "Point", "coordinates": [27.8988197, -26.2599728]}, "properties": {"osm_id": 875560130, "power": "substation", "name": "Nancefield Traction Substation", "voltage": "88000", "operator": null, "source": "OpenStreetMap via Overpass API", "evidence_class": "observed_public_geometry"}}, {"type": "Feature", "id": "osm-substation-876587113", "geometry": {"type": "Point", "coordinates": [28.0592752, -25.7502844]}, "properties": {"osm_id": 876587113, "power": "substation", "name": null, "voltage": null, "operator": null, "source": "OpenStreetMap via Overpass API", "evidence_class": "observed_public_geometry"}}, {"type": "Feature", "id": "osm-substation-877931845", "geometry": {"type": "Point", "coordinates": [25.3094722, -24.2438097]}, "properties": {"osm_id": 877931845, "power": "substation", "name": null, "voltage": null, "operator": null, "source": "OpenStreetMap via Overpass API", "evidence_class": "observed_public_geometry"}}, {"type": "Feature", "id": "osm-substation-878692925", "geometry": {"type": "Point", "coordinates": [27.8616929, -26.5601902]}, "properties": {"osm_id": 878692925, "power": "substation", "name": null, "voltage": null, "operator": null, "source": "OpenStreetMap via Overpass API", "evidence_class": "observed_public_geometry"}}, {"type": "Feature", "id": "osm-substation-878692930", "geometry": {"type": "Point", "coordinates": [27.8277211, -26.5455325]}, "properties": {"osm_id": 878692930, "power": "substation", "name": null, "voltage": null, "operator": null, "source": "OpenStreetMap via Overpass API", "evidence_class": "observed_public_geometry"}}, {"type": "Feature", "id": "osm-substation-878692940", "geometry": {"type": "Point", "coordinates": [27.6416961, -26.5656442]}, "properties": {"osm_id": 878692940, "power": "substation", "name": null, "voltage": null, "operator": null, "source": "OpenStreetMap via Overpass API", "evidence_class": "observed_public_geometry"}}, {"type": "Feature", "id": "osm-substation-878692942", "geometry": {"type": "Point", "coordinates": [27.7491709, -26.5909253]}, "properties": {"osm_id": 878692942, "power": "substation", "name": null, "voltage": null, "operator": null, "source": "OpenStreetMap via Overpass API", "evidence_class": "observed_public_geometry"}}, {"type": "Feature", "id": "osm-substation-878692944", "geometry": {"type": "Point", "coordinates": [27.5317863, -26.5399369]}, "properties": {"osm_id": 878692944, "power": "substation", "name": null, "voltage": null, "operator": null, "source": "OpenStreetMap via Overpass API", "evidence_class": "observed_public_geometry"}}, {"type": "Feature", "id": "osm-substation-878692945", "geometry": {"type": "Point", "coordinates": [27.4443506, -26.5830745]}, "properties": {"osm_id": 878692945, "power": "substation", "name": null, "voltage": "88000", "operator": null, "source": "OpenStreetMap via Overpass API", "evidence_class": "observed_public_geometry"}}, {"type": "Feature", "id": "osm-substation-878759261", "geometry": {"type": "Point", "coordinates": [27.8257744, -26.2600633]}, "properties": {"osm_id": 878759261, "power": "substation", "name": "Naledi Traction Substation", "voltage": "88000", "operator": null, "source": "OpenStreetMap via Overpass API", "evidence_class": "observed_public_geometry"}}, {"type": "Feature", "id": "osm-substation-878759264", "geometry": {"type": "Point", "coordinates": [27.8620369, -26.2525291]}, "properties": {"osm_id": 878759264, "power": "substation", "name": null, "voltage": "88000", "operator": null, "source": "OpenStreetMap via Overpass API", "evidence_class": "observed_public_geometry"}}, {"type": "Feature", "id": "osm-substation-881159822", "geometry": {"type": "Point", "coordinates": [28.2457668, -25.9873389]}, "properties": {"osm_id": 881159822, "power": "substation", "name": null, "voltage": "88000", "operator": null, "source": "OpenStreetMap via Overpass API", "evidence_class": "observed_public_geometry"}}, {"type": "Feature", "id": "osm-substation-881159825", "geometry": {"type": "Point", "coordinates": [28.1623117, -25.9831659]}, "properties": {"osm_id": 881159825, "power": "substation", "name": null, "voltage": null, "operator": null, "source": "OpenStreetMap via Overpass API", "evidence_class": "observed_public_geometry"}}, {"type": "Feature", "id": "osm-substation-881774482", "geometry": {"type": "Point", "coordinates": [28.0378473, -26.2241958]}, "properties": {"osm_id": 881774482, "power": "substation", "name": "Booysens Traction Substation", "voltage": null, "operator": null, "source": "OpenStreetMap via Overpass API", "evidence_class": "observed_public_geometry"}}, {"type": "Feature", "id": "osm-substation-925401475", "geometry": {"type": "Point", "coordinates": [29.3255064, -26.0994653]}, "properties": {"osm_id": 925401475, "power": "substation", "name": null, "voltage": "132000", "operator": null, "source": "OpenStreetMap via Overpass API", "evidence_class": "observed_public_geometry"}}, {"type": "Feature", "id": "osm-substation-925401482", "geometry": {"type": "Point", "coordinates": [29.2950694, -26.0961793]}, "properties": {"osm_id": 925401482, "power": "substation", "name": null, "voltage": "132000", "operator": null, "source": "OpenStreetMap via Overpass API", "evidence_class": "observed_public_geometry"}}, {"type": "Feature", "id": "osm-substation-925641654", "geometry": {"type": "Point", "coordinates": [29.4017289, -25.9364172]}, "properties": {"osm_id": 925641654, "power": "substation", "name": null, "voltage": null, "operator": null, "source": "OpenStreetMap via Overpass API", "evidence_class": "observed_public_geometry"}}, {"type": "Feature", "id": "osm-substation-925900563", "geometry": {"type": "Point", "coordinates": [29.1382564, -26.0891078]}, "properties": {"osm_id": 925900563, "power": "substation", "name": null, "voltage": "88000", "operator": null, "source": "OpenStreetMap via Overpass API", "evidence_class": "observed_public_geometry"}}, {"type": "Feature", "id": "osm-substation-925900596", "geometry": {"type": "Point", "coordinates": [29.1935974, -25.93889]}, "properties": {"osm_id": 925900596, "power": "substation", "name": null, "voltage": null, "operator": null, "source": "OpenStreetMap via Overpass API", "evidence_class": "observed_public_geometry"}}, {"type": "Feature", "id": "osm-substation-926014635", "geometry": {"type": "Point", "coordinates": [28.6888073, -26.1243325]}, "properties": {"osm_id": 926014635, "power": "substation", "name": null, "voltage": null, "operator": null, "source": "OpenStreetMap via Overpass API", "evidence_class": "observed_public_geometry"}}, {"type": "Feature", "id": "osm-substation-926907605", "geometry": {"type": "Point", "coordinates": [29.2210061, -25.943744]}, "properties": {"osm_id": 926907605, "power": "substation", "name": null, "voltage": null, "operator": null, "source": "OpenStreetMap via Overpass API", "evidence_class": "observed_public_geometry"}}, {"type": "Feature", "id": "osm-substation-928930519", "geometry": {"type": "Point", "coordinates": [23.5223286, -25.8389711]}, "properties": {"osm_id": 928930519, "power": "substation", "name": null, "voltage": "132000", "operator": null, "source": "OpenStreetMap via Overpass API", "evidence_class": "observed_public_geometry"}}, {"type": "Feature", "id": "osm-substation-929144022", "geometry": {"type": "Point", "coordinates": [25.7977258, -26.0789002]}, "properties": {"osm_id": 929144022, "power": "substation", "name": null, "voltage": "88000", "operator": null, "source": "OpenStreetMap via Overpass API", "evidence_class": "observed_public_geometry"}}, {"type": "Feature", "id": "osm-substation-929144023", "geometry": {"type": "Point", "coordinates": [26.2388349, -26.2464778]}, "properties": {"osm_id": 929144023, "power": "substation", "name": null, "voltage": "132000", "operator": null, "source": "OpenStreetMap via Overpass API", "evidence_class": "observed_public_geometry"}}, {"type": "Feature", "id": "osm-substation-929268587", "geometry": {"type": "Point", "coordinates": [26.1717047, -26.142823]}, "properties": {"osm_id": 929268587, "power": "substation", "name": null, "voltage": "88000", "operator": null, "source": "OpenStreetMap via Overpass API", "evidence_class": "observed_public_geometry"}}, {"type": "Feature", "id": "osm-substation-929369192", "geometry": {"type": "Point", "coordinates": [27.2292038, -25.6276362]}, "properties": {"osm_id": 929369192, "power": "substation", "name": null, "voltage": "88000", "operator": null, "source": "OpenStreetMap via Overpass API", "evidence_class": "observed_public_geometry"}}, {"type": "Feature", "id": "osm-substation-929852464", "geometry": {"type": "Point", "coordinates": [27.1887294, -25.4959723]}, "properties": {"osm_id": 929852464, "power": "substation", "name": null, "voltage": "88000", "operator": null, "source": "OpenStreetMap via Overpass API", "evidence_class": "observed_public_geometry"}}, {"type": "Feature", "id": "osm-substation-929885446", "geometry": {"type": "Point", "coordinates": [27.1155569, -25.6365247]}, "properties": {"osm_id": 929885446, "power": "substation", "name": null, "voltage": "88000", "operator": null, "source": "OpenStreetMap via Overpass API", "evidence_class": "observed_public_geometry"}}, {"type": "Feature", "id": "osm-substation-930345701", "geometry": {"type": "Point", "coordinates": [27.8235978, -25.6284983]}, "properties": {"osm_id": 930345701, "power": "substation", "name": null, "voltage": "132000", "operator": null, "source": "OpenStreetMap via Overpass API", "evidence_class": "observed_public_geometry"}}, {"type": "Feature", "id": "osm-substation-930370005", "geometry": {"type": "Point", "coordinates": [27.6494195, -25.5811619]}, "properties": {"osm_id": 930370005, "power": "substation", "name": null, "voltage": "88000", "operator": null, "source": "OpenStreetMap via Overpass API", "evidence_class": "observed_public_geometry"}}, {"type": "Feature", "id": "osm-substation-930370018", "geometry": {"type": "Point", "coordinates": [27.8379881, -25.6598891]}, "properties": {"osm_id": 930370018, "power": "substation", "name": null, "voltage": "132000", "operator": null, "source": "OpenStreetMap via Overpass API", "evidence_class": "observed_public_geometry"}}, {"type": "Feature", "id": "osm-substation-930733809", "geometry": {"type": "Point", "coordinates": [27.5962015, -25.6524715]}, "properties": {"osm_id": 930733809, "power": "substation", "name": "Leeukop", "voltage": "88000", "operator": null, "source": "OpenStreetMap via Overpass API", "evidence_class": "observed_public_geometry"}}, {"type": "Feature", "id": "osm-substation-930733818", "geometry": {"type": "Point", "coordinates": [27.364286, -25.7009366]}, "properties": {"osm_id": 930733818, "power": "substation", "name": null, "voltage": "88000", "operator": null, "source": "OpenStreetMap via Overpass API", "evidence_class": "observed_public_geometry"}}, {"type": "Feature", "id": "osm-substation-930733821", "geometry": {"type": "Point", "coordinates": [27.4259369, -25.7158891]}, "properties": {"osm_id": 930733821, "power": "substation", "name": null, "voltage": "88000", "operator": null, "source": "OpenStreetMap via Overpass API", "evidence_class": "observed_public_geometry"}}, {"type": "Feature", "id": "osm-substation-930733823", "geometry": {"type": "Point", "coordinates": [27.6458419, -25.7158971]}, "properties": {"osm_id": 930733823, "power": "substation", "name": null, "voltage": "88000", "operator": null, "source": "OpenStreetMap via Overpass API", "evidence_class": "observed_public_geometry"}}, {"type": "Feature", "id": "osm-substation-930742268", "geometry": {"type": "Point", "coordinates": [26.92793, -25.1905664]}, "properties": {"osm_id": 930742268, "power": "substation", "name": null, "voltage": "88000", "operator": null, "source": "OpenStreetMap via Overpass API", "evidence_class": "observed_public_geometry"}}, {"type": "Feature", "id": "osm-substation-931095068", "geometry": {"type": "Point", "coordinates": [27.1616522, -24.9423364]}, "properties": {"osm_id": 931095068, "power": "substation", "name": null, "voltage": "88000", "operator": null, "source": "OpenStreetMap via Overpass API", "evidence_class": "observed_public_geometry"}}, {"type": "Feature", "id": "osm-substation-931095071", "geometry": {"type": "Point", "coordinates": [27.166905, -24.975465]}, "properties": {"osm_id": 931095071, "power": "substation", "name": null, "voltage": "88000", "operator": null, "source": "OpenStreetMap via Overpass API", "evidence_class": "observed_public_geometry"}}, {"type": "Feature", "id": "osm-substation-931095072", "geometry": {"type": "Point", "coordinates": [27.0648207, -25.0766547]}, "properties": {"osm_id": 931095072, "power": "substation", "name": null, "voltage": "132000", "operator": null, "source": "OpenStreetMap via Overpass API", "evidence_class": "observed_public_geometry"}}, {"type": "Feature", "id": "osm-substation-931095076", "geometry": {"type": "Point", "coordinates": [27.3877168, -24.6037431]}, "properties": {"osm_id": 931095076, "power": "substation", "name": null, "voltage": "132000", "operator": null, "source": "OpenStreetMap via Overpass API", "evidence_class": "observed_public_geometry"}}, {"type": "Feature", "id": "osm-substation-931118311", "geometry": {"type": "Point", "coordinates": [28.245498, -22.8855356]}, "properties": {"osm_id": 931118311, "power": "substation", "name": null, "voltage": "132000", "operator": null, "source": "OpenStreetMap via Overpass API", "evidence_class": "observed_public_geometry"}}, {"type": "Feature", "id": "osm-substation-931478959", "geometry": {"type": "Point", "coordinates": [28.7006617, -24.5197376]}, "properties": {"osm_id": 931478959, "power": "substation", "name": null, "voltage": "132000", "operator": null, "source": "OpenStreetMap via Overpass API", "evidence_class": "observed_public_geometry"}}, {"type": "Feature", "id": "osm-substation-931565303", "geometry": {"type": "Point", "coordinates": [27.2361092, -25.2616619]}, "properties": {"osm_id": 931565303, "power": "substation", "name": null, "voltage": "88000", "operator": null, "source": "OpenStreetMap via Overpass API", "evidence_class": "observed_public_geometry"}}, {"type": "Feature", "id": "osm-substation-931565310", "geometry": {"type": "Point", "coordinates": [27.7206097, -24.9135862]}, "properties": {"osm_id": 931565310, "power": "substation", "name": null, "voltage": "88000", "operator": null, "source": "OpenStreetMap via Overpass API", "evidence_class": "observed_public_geometry"}}, {"type": "Feature", "id": "osm-substation-931565311", "geometry": {"type": "Point", "coordinates": [27.5384374, -24.9373104]}, "properties": {"osm_id": 931565311, "power": "substation", "name": null, "voltage": "88000", "operator": null, "source": "OpenStreetMap via Overpass API", "evidence_class": "observed_public_geometry"}}, {"type": "Feature", "id": "osm-substation-931911428", "geometry": {"type": "Point", "coordinates": [28.1493374, -24.3459046]}, "properties": {"osm_id": 931911428, "power": "substation", "name": null, "voltage": "66000", "operator": null, "source": "OpenStreetMap via Overpass API", "evidence_class": "observed_public_geometry"}}, {"type": "Feature", "id": "osm-substation-932954438", "geometry": {"type": "Point", "coordinates": [29.4496011, -24.353244]}, "properties": {"osm_id": 932954438, "power": "substation", "name": null, "voltage": "132000", "operator": null, "source": "OpenStreetMap via Overpass API", "evidence_class": "observed_public_geometry"}}, {"type": "Feature", "id": "osm-substation-932954439", "geometry": {"type": "Point", "coordinates": [29.3401321, -24.3679382]}, "properties": {"osm_id": 932954439, "power": "substation", "name": null, "voltage": "132000", "operator": null, "source": "OpenStreetMap via Overpass API", "evidence_class": "observed_public_geometry"}}, {"type": "Feature", "id": "osm-substation-933413595", "geometry": {"type": "Point", "coordinates": [28.5981423, -25.2836626]}, "properties": {"osm_id": 933413595, "power": "substation", "name": null, "voltage": "132000", "operator": "Eskom", "source": "OpenStreetMap via Overpass API", "evidence_class": "observed_public_geometry"}}, {"type": "Feature", "id": "osm-substation-933501640", "geometry": {"type": "Point", "coordinates": [29.4551115, -24.9580597]}, "properties": {"osm_id": 933501640, "power": "substation", "name": "Moeding Village Substation", "voltage": "132000", "operator": "Eskom", "source": "OpenStreetMap via Overpass API", "evidence_class": "observed_public_geometry"}}, {"type": "Feature", "id": "osm-substation-943024755", "geometry": {"type": "Point", "coordinates": [27.6455045, -26.2748377]}, "properties": {"osm_id": 943024755, "power": "substation", "name": null, "voltage": null, "operator": null, "source": "OpenStreetMap via Overpass API", "evidence_class": "observed_public_geometry"}}, {"type": "Feature", "id": "osm-substation-943052489", "geometry": {"type": "Point", "coordinates": [27.4821951, -26.4193892]}, "properties": {"osm_id": 943052489, "power": "substation", "name": "No 9 Shaft", "voltage": null, "operator": null, "source": "OpenStreetMap via Overpass API", "evidence_class": "observed_public_geometry"}}, {"type": "Feature", "id": "osm-substation-944029885", "geometry": {"type": "Point", "coordinates": [27.1439003, -26.55885]}, "properties": {"osm_id": 944029885, "power": "substation", "name": "Boskop", "voltage": "44000", "operator": null, "source": "OpenStreetMap via Overpass API", "evidence_class": "observed_public_geometry"}}, {"type": "Feature", "id": "osm-substation-949661299", "geometry": {"type": "Point", "coordinates": [27.2297272, -25.6382551]}, "properties": {"osm_id": 949661299, "power": "substation", "name": "Jagaranga Substation", "voltage": null, "operator": null, "source": "OpenStreetMap via Overpass API", "evidence_class": "observed_public_geometry"}}, {"type": "Feature", "id": "osm-substation-952501171", "geometry": {"type": "Point", "coordinates": [27.4184123, -25.7377324]}, "properties": {"osm_id": 952501171, "power": "substation", "name": null, "voltage": null, "operator": null, "source": "OpenStreetMap via Overpass API", "evidence_class": "observed_public_geometry"}}, {"type": "Feature", "id": "osm-substation-952501172", "geometry": {"type": "Point", "coordinates": [27.4197051, -25.7371405]}, "properties": {"osm_id": 952501172, "power": "substation", "name": null, "voltage": null, "operator": null, "source": "OpenStreetMap via Overpass API", "evidence_class": "observed_public_geometry"}}, {"type": "Feature", "id": "osm-substation-953322601", "geometry": {"type": "Point", "coordinates": [27.1632914, -25.5105712]}, "properties": {"osm_id": 953322601, "power": "substation", "name": null, "voltage": null, "operator": null, "source": "OpenStreetMap via Overpass API", "evidence_class": "observed_public_geometry"}}, {"type": "Feature", "id": "osm-substation-953803876", "geometry": {"type": "Point", "coordinates": [27.2639854, -25.6488819]}, "properties": {"osm_id": 953803876, "power": "substation", "name": null, "voltage": null, "operator": null, "source": "OpenStreetMap via Overpass API", "evidence_class": "observed_public_geometry"}}, {"type": "Feature", "id": "osm-substation-960742872", "geometry": {"type": "Point", "coordinates": [27.9368747, -26.6692247]}, "properties": {"osm_id": 960742872, "power": "substation", "name": "Vereeniging Traction Substation", "voltage": "88000", "operator": null, "source": "OpenStreetMap via Overpass API", "evidence_class": "observed_public_geometry"}}, {"type": "Feature", "id": "osm-substation-960944114", "geometry": {"type": "Point", "coordinates": [27.8087982, -26.6536487]}, "properties": {"osm_id": 960944114, "power": "substation", "name": null, "voltage": null, "operator": null, "source": "OpenStreetMap via Overpass API", "evidence_class": "observed_public_geometry"}}, {"type": "Feature", "id": "osm-substation-960944125", "geometry": {"type": "Point", "coordinates": [27.8093359, -26.6703049]}, "properties": {"osm_id": 960944125, "power": "substation", "name": null, "voltage": null, "operator": null, "source": "OpenStreetMap via Overpass API", "evidence_class": "observed_public_geometry"}}, {"type": "Feature", "id": "osm-substation-962320236", "geometry": {"type": "Point", "coordinates": [27.9099467, -26.6655968]}, "properties": {"osm_id": 962320236, "power": "substation", "name": null, "voltage": "88000", "operator": null, "source": "OpenStreetMap via Overpass API", "evidence_class": "observed_public_geometry"}}, {"type": "Feature", "id": "osm-substation-978378019", "geometry": {"type": "Point", "coordinates": [28.0780273, -25.5781878]}, "properties": {"osm_id": 978378019, "power": "substation", "name": null, "voltage": "132000", "operator": "City of Tshwane", "source": "OpenStreetMap via Overpass API", "evidence_class": "observed_public_geometry"}}, {"type": "Feature", "id": "osm-substation-978870857", "geometry": {"type": "Point", "coordinates": [28.0643125, -25.51706]}, "properties": {"osm_id": 978870857, "power": "substation", "name": "Mabopane B Substation", "voltage": "132000", "operator": "City of Tshwane", "source": "OpenStreetMap via Overpass API", "evidence_class": "observed_public_geometry"}}, {"type": "Feature", "id": "osm-substation-981232781", "geometry": {"type": "Point", "coordinates": [28.2739959, -26.0301051]}, "properties": {"osm_id": 981232781, "power": "substation", "name": "Witfontein South", "voltage": null, "operator": null, "source": "OpenStreetMap via Overpass API", "evidence_class": "observed_public_geometry"}}, {"type": "Feature", "id": "osm-substation-993318201", "geometry": {"type": "Point", "coordinates": [28.0828309, -26.2065328]}, "properties": {"osm_id": 993318201, "power": "substation", "name": "George Goch Traction Substation", "voltage": null, "operator": null, "source": "OpenStreetMap via Overpass API", "evidence_class": "observed_public_geometry"}}, {"type": "Feature", "id": "osm-substation-993662617", "geometry": {"type": "Point", "coordinates": [27.9129827, -26.1224209]}, "properties": {"osm_id": 993662617, "power": "substation", "name": null, "voltage": "88000", "operator": null, "source": "OpenStreetMap via Overpass API", "evidence_class": "observed_public_geometry"}}, {"type": "Feature", "id": "osm-substation-993667519", "geometry": {"type": "Point", "coordinates": [27.878177, -26.0814989]}, "properties": {"osm_id": 993667519, "power": "substation", "name": "Peter Rd Substation", "voltage": "88000", "operator": null, "source": "OpenStreetMap via Overpass API", "evidence_class": "observed_public_geometry"}}, {"type": "Feature", "id": "osm-substation-994854351", "geometry": {"type": "Point", "coordinates": [27.8542941, -26.1175171]}, "properties": {"osm_id": 994854351, "power": "substation", "name": "Wilropark Substation", "voltage": "88000", "operator": "City Power", "source": "OpenStreetMap via Overpass API", "evidence_class": "observed_public_geometry"}}, {"type": "Feature", "id": "osm-substation-994879560", "geometry": {"type": "Point", "coordinates": [27.8600834, -26.1635481]}, "properties": {"osm_id": 994879560, "power": "substation", "name": "Roodepoort", "voltage": "88000", "operator": "City Power", "source": "OpenStreetMap via Overpass API", "evidence_class": "observed_public_geometry"}}, {"type": "Feature", "id": "osm-substation-994920682", "geometry": {"type": "Point", "coordinates": [27.9450413, -26.1640872]}, "properties": {"osm_id": 994920682, "power": "substation", "name": "Florida Glen Substation", "voltage": null, "operator": null, "source": "OpenStreetMap via Overpass API", "evidence_class": "observed_public_geometry"}}, {"type": "Feature", "id": "osm-substation-995905947", "geometry": {"type": "Point", "coordinates": [27.8457699, -26.3236402]}, "properties": {"osm_id": 995905947, "power": "substation", "name": null, "voltage": null, "operator": null, "source": "OpenStreetMap via Overpass API", "evidence_class": "observed_public_geometry"}}, {"type": "Feature", "id": "osm-substation-997395549", "geometry": {"type": "Point", "coordinates": [27.8721971, -26.3186832]}, "properties": {"osm_id": 997395549, "power": "substation", "name": "Trade Route 88kV Powerline and Switching Station", "voltage": "88000", "operator": "City Power", "source": "OpenStreetMap via Overpass API", "evidence_class": "observed_public_geometry"}}, {"type": "Feature", "id": "osm-substation-999293438", "geometry": {"type": "Point", "coordinates": [29.2183324, -26.0110677]}, "properties": {"osm_id": 999293438, "power": "substation", "name": null, "voltage": null, "operator": null, "source": "OpenStreetMap via Overpass API", "evidence_class": "observed_public_geometry"}}, {"type": "Feature", "id": "osm-substation-1000901727", "geometry": {"type": "Point", "coordinates": [28.5661979, -26.3433487]}, "properties": {"osm_id": 1000901727, "power": "substation", "name": null, "voltage": null, "operator": null, "source": "OpenStreetMap via Overpass API", "evidence_class": "observed_public_geometry"}}, {"type": "Feature", "id": "osm-substation-1000901738", "geometry": {"type": "Point", "coordinates": [28.1595381, -26.2861703]}, "properties": {"osm_id": 1000901738, "power": "substation", "name": "Aero", "voltage": null, "operator": null, "source": "OpenStreetMap via Overpass API", "evidence_class": "observed_public_geometry"}}, {"type": "Feature", "id": "osm-substation-1001568889", "geometry": {"type": "Point", "coordinates": [29.4105422, -25.8277569]}, "properties": {"osm_id": 1001568889, "power": "substation", "name": null, "voltage": "88000", "operator": null, "source": "OpenStreetMap via Overpass API", "evidence_class": "observed_public_geometry"}}, {"type": "Feature", "id": "osm-substation-1007102810", "geometry": {"type": "Point", "coordinates": [25.8047183, -24.5934263]}, "properties": {"osm_id": 1007102810, "power": "substation", "name": null, "voltage": "132000", "operator": null, "source": "OpenStreetMap via Overpass API", "evidence_class": "observed_public_geometry"}}, {"type": "Feature", "id": "osm-substation-1008937230", "geometry": {"type": "Point", "coordinates": [22.9186562, -20.3610273]}, "properties": {"osm_id": 1008937230, "power": "substation", "name": null, "voltage": "220000;132000", "operator": null, "source": "OpenStreetMap via Overpass API", "evidence_class": "observed_public_geometry"}}, {"type": "Feature", "id": "osm-substation-1008945059", "geometry": {"type": "Point", "coordinates": [22.9628485, -20.5387127]}, "properties": {"osm_id": 1008945059, "power": "substation", "name": null, "voltage": "132000", "operator": null, "source": "OpenStreetMap via Overpass API", "evidence_class": "observed_public_geometry"}}, {"type": "Feature", "id": "osm-substation-1009086385", "geometry": {"type": "Point", "coordinates": [22.1407818, -19.4222473]}, "properties": {"osm_id": 1009086385, "power": "substation", "name": null, "voltage": "132000", "operator": null, "source": "OpenStreetMap via Overpass API", "evidence_class": "observed_public_geometry"}}, {"type": "Feature", "id": "osm-substation-1009091034", "geometry": {"type": "Point", "coordinates": [23.5760835, -20.0966973]}, "properties": {"osm_id": 1009091034, "power": "substation", "name": null, "voltage": "400000;220000;132000", "operator": null, "source": "OpenStreetMap via Overpass API", "evidence_class": "observed_public_geometry"}}, {"type": "Feature", "id": "osm-substation-1009105487", "geometry": {"type": "Point", "coordinates": [21.9127463, -18.4826]}, "properties": {"osm_id": 1009105487, "power": "substation", "name": null, "voltage": "132000", "operator": null, "source": "OpenStreetMap via Overpass API", "evidence_class": "observed_public_geometry"}}, {"type": "Feature", "id": "osm-substation-1009394636", "geometry": {"type": "Point", "coordinates": [27.1053813, -22.6201087]}, "properties": {"osm_id": 1009394636, "power": "substation", "name": null, "voltage": "132000", "operator": null, "source": "OpenStreetMap via Overpass API", "evidence_class": "observed_public_geometry"}}, {"type": "Feature", "id": "osm-substation-1009742586", "geometry": {"type": "Point", "coordinates": [26.8421323, -23.1018017]}, "properties": {"osm_id": 1009742586, "power": "substation", "name": null, "voltage": null, "operator": null, "source": "OpenStreetMap via Overpass API", "evidence_class": "observed_public_geometry"}}, {"type": "Feature", "id": "osm-substation-1011535163", "geometry": {"type": "Point", "coordinates": [27.0841276, -22.5343478]}, "properties": {"osm_id": 1011535163, "power": "substation", "name": null, "voltage": "132000", "operator": null, "source": "OpenStreetMap via Overpass API", "evidence_class": "observed_public_geometry"}}, {"type": "Feature", "id": "osm-substation-1011540545", "geometry": {"type": "Point", "coordinates": [27.0892956, -22.5350498]}, "properties": {"osm_id": 1011540545, "power": "substation", "name": null, "voltage": "132000", "operator": null, "source": "OpenStreetMap via Overpass API", "evidence_class": "observed_public_geometry"}}, {"type": "Feature", "id": "osm-substation-1012901455", "geometry": {"type": "Point", "coordinates": [27.1119766, -22.5390055]}, "properties": {"osm_id": 1012901455, "power": "substation", "name": null, "voltage": "132000", "operator": null, "source": "OpenStreetMap via Overpass API", "evidence_class": "observed_public_geometry"}}, {"type": "Feature", "id": "osm-substation-1013526420", "geometry": {"type": "Point", "coordinates": [27.8432148, -22.0234456]}, "properties": {"osm_id": 1013526420, "power": "substation", "name": null, "voltage": "66000", "operator": null, "source": "OpenStreetMap via Overpass API", "evidence_class": "observed_public_geometry"}}, {"type": "Feature", "id": "osm-substation-1013526422", "geometry": {"type": "Point", "coordinates": [27.7874155, -21.9747738]}, "properties": {"osm_id": 1013526422, "power": "substation", "name": null, "voltage": null, "operator": null, "source": "OpenStreetMap via Overpass API", "evidence_class": "observed_public_geometry"}}, {"type": "Feature", "id": "osm-substation-1014172148", "geometry": {"type": "Point", "coordinates": [27.6430554, -22.0752727]}, "properties": {"osm_id": 1014172148, "power": "substation", "name": null, "voltage": null, "operator": null, "source": "OpenStreetMap via Overpass API", "evidence_class": "observed_public_geometry"}}, {"type": "Feature", "id": "osm-substation-1014457714", "geometry": {"type": "Point", "coordinates": [27.8815978, -22.0430017]}, "properties": {"osm_id": 1014457714, "power": "substation", "name": null, "voltage": "66000", "operator": null, "source": "OpenStreetMap via Overpass API", "evidence_class": "observed_public_geometry"}}, {"type": "Feature", "id": "osm-substation-1014474092", "geometry": {"type": "Point", "coordinates": [27.9693477, -22.1746105]}, "properties": {"osm_id": 1014474092, "power": "substation", "name": null, "voltage": "66000", "operator": null, "source": "OpenStreetMap via Overpass API", "evidence_class": "observed_public_geometry"}}, {"type": "Feature", "id": "osm-substation-1014486895", "geometry": {"type": "Point", "coordinates": [28.4238024, -22.4415883]}, "properties": {"osm_id": 1014486895, "power": "substation", "name": null, "voltage": "66000", "operator": null, "source": "OpenStreetMap via Overpass API", "evidence_class": "observed_public_geometry"}}, {"type": "Feature", "id": "osm-substation-1015043672", "geometry": {"type": "Point", "coordinates": [28.5764056, -26.6412347]}, "properties": {"osm_id": 1015043672, "power": "substation", "name": null, "voltage": "88000", "operator": null, "source": "OpenStreetMap via Overpass API", "evidence_class": "observed_public_geometry"}}, {"type": "Feature", "id": "osm-substation-1015245007", "geometry": {"type": "Point", "coordinates": [27.8636174, -26.8115289]}, "properties": {"osm_id": 1015245007, "power": "substation", "name": "Sasol Chem Substation", "voltage": "88000", "operator": "Eskom", "source": "OpenStreetMap via Overpass API", "evidence_class": "observed_public_geometry"}}, {"type": "Feature", "id": "osm-substation-1015245008", "geometry": {"type": "Point", "coordinates": [27.8584568, -26.8086814]}, "properties": {"osm_id": 1015245008, "power": "substation", "name": "Natref Substation", "voltage": "88000", "operator": "Eskom", "source": "OpenStreetMap via Overpass API", "evidence_class": "observed_public_geometry"}}, {"type": "Feature", "id": "osm-substation-1015245011", "geometry": {"type": "Point", "coordinates": [27.8445536, -26.7846391]}, "properties": {"osm_id": 1015245011, "power": "substation", "name": "Vaalpark Substation", "voltage": "88000", "operator": "Eskom", "source": "OpenStreetMap via Overpass API", "evidence_class": "observed_public_geometry"}}, {"type": "Feature", "id": "osm-substation-1015245016", "geometry": {"type": "Point", "coordinates": [27.9183834, -26.9315693]}, "properties": {"osm_id": 1015245016, "power": "substation", "name": null, "voltage": "88000", "operator": null, "source": "OpenStreetMap via Overpass API", "evidence_class": "observed_public_geometry"}}, {"type": "Feature", "id": "osm-substation-1015245020", "geometry": {"type": "Point", "coordinates": [27.8784065, -26.8088718]}, "properties": {"osm_id": 1015245020, "power": "substation", "name": "Natref Pump Station", "voltage": "88000", "operator": "Sasol Infrachem", "source": "OpenStreetMap via Overpass API", "evidence_class": "observed_public_geometry"}}, {"type": "Feature", "id": "osm-substation-1015443811", "geometry": {"type": "Point", "coordinates": [26.7649291, -26.9338759]}, "properties": {"osm_id": 1015443811, "power": "substation", "name": null, "voltage": "88000", "operator": null, "source": "OpenStreetMap via Overpass API", "evidence_class": "observed_public_geometry"}}, {"type": "Feature", "id": "osm-substation-1015443817", "geometry": {"type": "Point", "coordinates": [26.4572394, -26.8133682]}, "properties": {"osm_id": 1015443817, "power": "substation", "name": "Roan", "voltage": "132000", "operator": null, "source": "OpenStreetMap via Overpass API", "evidence_class": "observed_public_geometry"}}, {"type": "Feature", "id": "osm-substation-1015628440", "geometry": {"type": "Point", "coordinates": [26.7077633, -26.8457518]}, "properties": {"osm_id": 1015628440, "power": "substation", "name": null, "voltage": "132000", "operator": null, "source": "OpenStreetMap via Overpass API", "evidence_class": "observed_public_geometry"}}, {"type": "Feature", "id": "osm-substation-1015628443", "geometry": {"type": "Point", "coordinates": [26.698864, -26.8247648]}, "properties": {"osm_id": 1015628443, "power": "substation", "name": null, "voltage": "132000", "operator": null, "source": "OpenStreetMap via Overpass API", "evidence_class": "observed_public_geometry"}}, {"type": "Feature", "id": "osm-substation-1015628445", "geometry": {"type": "Point", "coordinates": [26.6667751, -26.8774964]}, "properties": {"osm_id": 1015628445, "power": "substation", "name": null, "voltage": "88000", "operator": null, "source": "OpenStreetMap via Overpass API", "evidence_class": "observed_public_geometry"}}, {"type": "Feature", "id": "osm-substation-1015628446", "geometry": {"type": "Point", "coordinates": [26.6762131, -26.8646249]}, "properties": {"osm_id": 1015628446, "power": "substation", "name": null, "voltage": "88000", "operator": null, "source": "OpenStreetMap via Overpass API", "evidence_class": "observed_public_geometry"}}, {"type": "Feature", "id": "osm-substation-1015671906", "geometry": {"type": "Point", "coordinates": [26.8169622, -26.8259776]}, "properties": {"osm_id": 1015671906, "power": "substation", "name": null, "voltage": "88000", "operator": null, "source": "OpenStreetMap via Overpass API", "evidence_class": "observed_public_geometry"}}, {"type": "Feature", "id": "osm-substation-1015855631", "geometry": {"type": "Point", "coordinates": [26.9909764, -26.7590736]}, "properties": {"osm_id": 1015855631, "power": "substation", "name": null, "voltage": "88000", "operator": null, "source": "OpenStreetMap via Overpass API", "evidence_class": "observed_public_geometry"}}, {"type": "Feature", "id": "osm-substation-1015855632", "geometry": {"type": "Point", "coordinates": [26.9634078, -26.7695836]}, "properties": {"osm_id": 1015855632, "power": "substation", "name": null, "voltage": null, "operator": null, "source": "OpenStreetMap via Overpass API", "evidence_class": "observed_public_geometry"}}, {"type": "Feature", "id": "osm-substation-1015855633", "geometry": {"type": "Point", "coordinates": [26.9638973, -26.7697305]}, "properties": {"osm_id": 1015855633, "power": "substation", "name": null, "voltage": null, "operator": null, "source": "OpenStreetMap via Overpass API", "evidence_class": "observed_public_geometry"}}, {"type": "Feature", "id": "osm-substation-1015855637", "geometry": {"type": "Point", "coordinates": [26.7980529, -26.9325512]}, "properties": {"osm_id": 1015855637, "power": "substation", "name": null, "voltage": "88000", "operator": null, "source": "OpenStreetMap via Overpass API", "evidence_class": "observed_public_geometry"}}, {"type": "Feature", "id": "osm-substation-1015855642", "geometry": {"type": "Point", "coordinates": [26.8052218, -26.9027866]}, "properties": {"osm_id": 1015855642, "power": "substation", "name": null, "voltage": "88000", "operator": null, "source": "OpenStreetMap via Overpass API", "evidence_class": "observed_public_geometry"}}, {"type": "Feature", "id": "osm-substation-1015855643", "geometry": {"type": "Point", "coordinates": [26.8108601, -26.9019778]}, "properties": {"osm_id": 1015855643, "power": "substation", "name": null, "voltage": "88000", "operator": null, "source": "OpenStreetMap via Overpass API", "evidence_class": "observed_public_geometry"}}, {"type": "Feature", "id": "osm-substation-1015855644", "geometry": {"type": "Point", "coordinates": [26.7983383, -26.8470431]}, "properties": {"osm_id": 1015855644, "power": "substation", "name": null, "voltage": "88000", "operator": null, "source": "OpenStreetMap via Overpass API", "evidence_class": "observed_public_geometry"}}, {"type": "Feature", "id": "osm-substation-1015942049", "geometry": {"type": "Point", "coordinates": [27.2708216, -26.6576346]}, "properties": {"osm_id": 1015942049, "power": "substation", "name": null, "voltage": "88000", "operator": null, "source": "OpenStreetMap via Overpass API", "evidence_class": "observed_public_geometry"}}, {"type": "Feature", "id": "osm-substation-1015942051", "geometry": {"type": "Point", "coordinates": [27.2565621, -26.6489797]}, "properties": {"osm_id": 1015942051, "power": "substation", "name": null, "voltage": "88000", "operator": null, "source": "OpenStreetMap via Overpass API", "evidence_class": "observed_public_geometry"}}, {"type": "Feature", "id": "osm-substation-1015942053", "geometry": {"type": "Point", "coordinates": [27.3533575, -26.6244307]}, "properties": {"osm_id": 1015942053, "power": "substation", "name": null, "voltage": "88000", "operator": null, "source": "OpenStreetMap via Overpass API", "evidence_class": "observed_public_geometry"}}, {"type": "Feature", "id": "osm-substation-1015946181", "geometry": {"type": "Point", "coordinates": [27.1510103, -26.6720725]}, "properties": {"osm_id": 1015946181, "power": "substation", "name": null, "voltage": "88000", "operator": null, "source": "OpenStreetMap via Overpass API", "evidence_class": "observed_public_geometry"}}, {"type": "Feature", "id": "osm-substation-1016074183", "geometry": {"type": "Point", "coordinates": [27.856972, -26.6646911]}, "properties": {"osm_id": 1016074183, "power": "substation", "name": null, "voltage": null, "operator": null, "source": "OpenStreetMap via Overpass API", "evidence_class": "observed_public_geometry"}}, {"type": "Feature", "id": "osm-substation-1016074184", "geometry": {"type": "Point", "coordinates": [27.8286001, -26.6636945]}, "properties": {"osm_id": 1016074184, "power": "substation", "name": null, "voltage": "88000", "operator": null, "source": "OpenStreetMap via Overpass API", "evidence_class": "observed_public_geometry"}}, {"type": "Feature", "id": "osm-substation-1016074185", "geometry": {"type": "Point", "coordinates": [27.8080567, -26.6602873]}, "properties": {"osm_id": 1016074185, "power": "substation", "name": null, "voltage": "132000", "operator": null, "source": "OpenStreetMap via Overpass API", "evidence_class": "observed_public_geometry"}}, {"type": "Feature", "id": "osm-substation-1016074192", "geometry": {"type": "Point", "coordinates": [27.8078323, -26.679732]}, "properties": {"osm_id": 1016074192, "power": "substation", "name": null, "voltage": "88000", "operator": null, "source": "OpenStreetMap via Overpass API", "evidence_class": "observed_public_geometry"}}, {"type": "Feature", "id": "osm-substation-1016074196", "geometry": {"type": "Point", "coordinates": [27.7968763, -26.6744842]}, "properties": {"osm_id": 1016074196, "power": "substation", "name": null, "voltage": "88000", "operator": null, "source": "OpenStreetMap via Overpass API", "evidence_class": "observed_public_geometry"}}, {"type": "Feature", "id": "osm-substation-1016074197", "geometry": {"type": "Point", "coordinates": [27.7474164, -26.5854277]}, "properties": {"osm_id": 1016074197, "power": "substation", "name": null, "voltage": "88000", "operator": null, "source": "OpenStreetMap via Overpass API", "evidence_class": "observed_public_geometry"}}, {"type": "Feature", "id": "osm-substation-1016194988", "geometry": {"type": "Point", "coordinates": [27.8757888, -26.7129867]}, "properties": {"osm_id": 1016194988, "power": "substation", "name": null, "voltage": null, "operator": null, "source": "OpenStreetMap via Overpass API", "evidence_class": "observed_public_geometry"}}, {"type": "Feature", "id": "osm-substation-1017243646", "geometry": {"type": "Point", "coordinates": [26.6305157, -26.8724266]}, "properties": {"osm_id": 1017243646, "power": "substation", "name": null, "voltage": "88000", "operator": null, "source": "OpenStreetMap via Overpass API", "evidence_class": "observed_public_geometry"}}, {"type": "Feature", "id": "osm-substation-1020888876", "geometry": {"type": "Point", "coordinates": [28.337784, -25.7167675]}, "properties": {"osm_id": 1020888876, "power": "substation", "name": null, "voltage": "132000", "operator": "City of Tshwane", "source": "OpenStreetMap via Overpass API", "evidence_class": "observed_public_geometry"}}, {"type": "Feature", "id": "osm-substation-1021524204", "geometry": {"type": "Point", "coordinates": [27.7804376, -21.2038722]}, "properties": {"osm_id": 1021524204, "power": "substation", "name": null, "voltage": null, "operator": null, "source": "OpenStreetMap via Overpass API", "evidence_class": "observed_public_geometry"}}, {"type": "Feature", "id": "osm-substation-1021529867", "geometry": {"type": "Point", "coordinates": [27.8388275, -21.9635071]}, "properties": {"osm_id": 1021529867, "power": "substation", "name": null, "voltage": "66000", "operator": null, "source": "OpenStreetMap via Overpass API", "evidence_class": "observed_public_geometry"}}, {"type": "Feature", "id": "osm-substation-1023072584", "geometry": {"type": "Point", "coordinates": [27.220335, -20.2240605]}, "properties": {"osm_id": 1023072584, "power": "substation", "name": null, "voltage": null, "operator": null, "source": "OpenStreetMap via Overpass API", "evidence_class": "observed_public_geometry"}}, {"type": "Feature", "id": "osm-substation-1025334412", "geometry": {"type": "Point", "coordinates": [24.313473, -26.7846601]}, "properties": {"osm_id": 1025334412, "power": "substation", "name": null, "voltage": "66000", "operator": null, "source": "OpenStreetMap via Overpass API", "evidence_class": "observed_public_geometry"}}, {"type": "Feature", "id": "osm-substation-1029945165", "geometry": {"type": "Point", "coordinates": [28.1570433, -26.2273654]}, "properties": {"osm_id": 1029945165, "power": "substation", "name": null, "voltage": null, "operator": null, "source": "OpenStreetMap via Overpass API", "evidence_class": "observed_public_geometry"}}, {"type": "Feature", "id": "osm-substation-1030519046", "geometry": {"type": "Point", "coordinates": [27.7310803, -21.8515285]}, "properties": {"osm_id": 1030519046, "power": "substation", "name": null, "voltage": "66000", "operator": null, "source": "OpenStreetMap via Overpass API", "evidence_class": "observed_public_geometry"}}, {"type": "Feature", "id": "osm-substation-1030806523", "geometry": {"type": "Point", "coordinates": [21.8481245, -23.9740693]}, "properties": {"osm_id": 1030806523, "power": "substation", "name": null, "voltage": null, "operator": null, "source": "OpenStreetMap via Overpass API", "evidence_class": "observed_public_geometry"}}, {"type": "Feature", "id": "osm-substation-1030815064", "geometry": {"type": "Point", "coordinates": [26.3874723, -23.8971844]}, "properties": {"osm_id": 1030815064, "power": "substation", "name": null, "voltage": null, "operator": null, "source": "OpenStreetMap via Overpass API", "evidence_class": "observed_public_geometry"}}, {"type": "Feature", "id": "osm-substation-1030970257", "geometry": {"type": "Point", "coordinates": [26.5771807, -23.5614755]}, "properties": {"osm_id": 1030970257, "power": "substation", "name": null, "voltage": null, "operator": null, "source": "OpenStreetMap via Overpass API", "evidence_class": "observed_public_geometry"}}, {"type": "Feature", "id": "osm-substation-1035222519", "geometry": {"type": "Point", "coordinates": [22.7572919, -23.6806072]}, "properties": {"osm_id": 1035222519, "power": "substation", "name": null, "voltage": null, "operator": null, "source": "OpenStreetMap via Overpass API", "evidence_class": "observed_public_geometry"}}, {"type": "Feature", "id": "osm-substation-1035862935", "geometry": {"type": "Point", "coordinates": [21.6016565, -23.4322617]}, "properties": {"osm_id": 1035862935, "power": "substation", "name": null, "voltage": null, "operator": null, "source": "OpenStreetMap via Overpass API", "evidence_class": "observed_public_geometry"}}, {"type": "Feature", "id": "osm-substation-1044557543", "geometry": {"type": "Point", "coordinates": [28.2019646, -25.7409138]}, "properties": {"osm_id": 1044557543, "power": "substation", "name": "Edmond Substation", "voltage": "132000", "operator": "City of Tshwane", "source": "OpenStreetMap via Overpass API", "evidence_class": "observed_public_geometry"}}, {"type": "Feature", "id": "osm-substation-1047704962", "geometry": {"type": "Point", "coordinates": [25.7889657, -24.8605176]}, "properties": {"osm_id": 1047704962, "power": "substation", "name": null, "voltage": null, "operator": null, "source": "OpenStreetMap via Overpass API", "evidence_class": "observed_public_geometry"}}, {"type": "Feature", "id": "osm-substation-1047704964", "geometry": {"type": "Point", "coordinates": [25.8355544, -24.7797823]}, "properties": {"osm_id": 1047704964, "power": "substation", "name": null, "voltage": null, "operator": null, "source": "OpenStreetMap via Overpass API", "evidence_class": "observed_public_geometry"}}, {"type": "Feature", "id": "osm-substation-1053188638", "geometry": {"type": "Point", "coordinates": [29.3010966, -23.7665176]}, "properties": {"osm_id": 1053188638, "power": "substation", "name": null, "voltage": null, "operator": null, "source": "OpenStreetMap via Overpass API", "evidence_class": "observed_public_geometry"}}, {"type": "Feature", "id": "osm-substation-1054515951", "geometry": {"type": "Point", "coordinates": [28.1794874, -25.7390725]}, "properties": {"osm_id": 1054515951, "power": "substation", "name": "Boom Street Substation", "voltage": "132000", "operator": "City of Tshwane", "source": "OpenStreetMap via Overpass API", "evidence_class": "observed_public_geometry"}}, {"type": "Feature", "id": "osm-substation-1056125854", "geometry": {"type": "Point", "coordinates": [27.4844697, -26.3433628]}, "properties": {"osm_id": 1056125854, "power": "substation", "name": null, "voltage": "44000", "operator": null, "source": "OpenStreetMap via Overpass API", "evidence_class": "observed_public_geometry"}}, {"type": "Feature", "id": "osm-substation-1056340692", "geometry": {"type": "Point", "coordinates": [25.8782288, -26.0970623]}, "properties": {"osm_id": 1056340692, "power": "substation", "name": null, "voltage": null, "operator": null, "source": "OpenStreetMap via Overpass API", "evidence_class": "observed_public_geometry"}}, {"type": "Feature", "id": "osm-substation-1057550522", "geometry": {"type": "Point", "coordinates": [27.4401212, -21.3669893]}, "properties": {"osm_id": 1057550522, "power": "substation", "name": "Shashe Dam Substation", "voltage": null, "operator": null, "source": "OpenStreetMap via Overpass API", "evidence_class": "observed_public_geometry"}}, {"type": "Feature", "id": "osm-substation-1065384210", "geometry": {"type": "Point", "coordinates": [27.7757348, -26.2488954]}, "properties": {"osm_id": 1065384210, "power": "substation", "name": null, "voltage": null, "operator": null, "source": "OpenStreetMap via Overpass API", "evidence_class": "observed_public_geometry"}}, {"type": "Feature", "id": "osm-substation-1071958443", "geometry": {"type": "Point", "coordinates": [27.8076976, -26.0902747]}, "properties": {"osm_id": 1071958443, "power": "substation", "name": "Libertas", "voltage": "132000", "operator": null, "source": "OpenStreetMap via Overpass API", "evidence_class": "observed_public_geometry"}}, {"type": "Feature", "id": "osm-substation-1074264643", "geometry": {"type": "Point", "coordinates": [25.9071005, -24.5926218]}, "properties": {"osm_id": 1074264643, "power": "substation", "name": null, "voltage": null, "operator": null, "source": "OpenStreetMap via Overpass API", "evidence_class": "observed_public_geometry"}}, {"type": "Feature", "id": "osm-substation-1078454339", "geometry": {"type": "Point", "coordinates": [27.8275725, -26.3380779]}, "properties": {"osm_id": 1078454339, "power": "substation", "name": "National Ceramic", "voltage": null, "operator": null, "source": "OpenStreetMap via Overpass API", "evidence_class": "observed_public_geometry"}}, {"type": "Feature", "id": "osm-substation-1079632354", "geometry": {"type": "Point", "coordinates": [29.0186111, -20.3699392]}, "properties": {"osm_id": 1079632354, "power": "substation", "name": "Esigodini", "voltage": null, "operator": null, "source": "OpenStreetMap via Overpass API", "evidence_class": "observed_public_geometry"}}, {"type": "Feature", "id": "osm-substation-1081541620", "geometry": {"type": "Point", "coordinates": [25.9496038, -24.6307725]}, "properties": {"osm_id": 1081541620, "power": "substation", "name": "Segoditshane Substation", "voltage": "220000;132000", "operator": null, "source": "OpenStreetMap via Overpass API", "evidence_class": "observed_public_geometry"}}, {"type": "Feature", "id": "osm-substation-1082178224", "geometry": {"type": "Point", "coordinates": [23.1838356, -20.6374639]}, "properties": {"osm_id": 1082178224, "power": "substation", "name": null, "voltage": "132000", "operator": null, "source": "OpenStreetMap via Overpass API", "evidence_class": "observed_public_geometry"}}, {"type": "Feature", "id": "osm-substation-1090866299", "geometry": {"type": "Point", "coordinates": [26.0760667, -25.5792074]}, "properties": {"osm_id": 1090866299, "power": "substation", "name": null, "voltage": null, "operator": null, "source": "OpenStreetMap via Overpass API", "evidence_class": "observed_public_geometry"}}, {"type": "Feature", "id": "osm-substation-1091249494", "geometry": {"type": "Point", "coordinates": [28.4501597, -21.9872765]}, "properties": {"osm_id": 1091249494, "power": "substation", "name": "Bobonong", "voltage": "66000;33000", "operator": "Botswana Power Coroporation", "source": "OpenStreetMap via Overpass API", "evidence_class": "observed_public_geometry"}}, {"type": "Feature", "id": "osm-substation-1094704636", "geometry": {"type": "Point", "coordinates": [27.2283773, -25.6415198]}, "properties": {"osm_id": 1094704636, "power": "substation", "name": "Alha Substation", "voltage": null, "operator": null, "source": "OpenStreetMap via Overpass API", "evidence_class": "observed_public_geometry"}}, {"type": "Feature", "id": "osm-substation-1094704637", "geometry": {"type": "Point", "coordinates": [27.2285147, -25.6411828]}, "properties": {"osm_id": 1094704637, "power": "substation", "name": "Substation", "voltage": null, "operator": null, "source": "OpenStreetMap via Overpass API", "evidence_class": "observed_public_geometry"}}, {"type": "Feature", "id": "osm-substation-1095127909", "geometry": {"type": "Point", "coordinates": [25.9151032, -17.9052955]}, "properties": {"osm_id": 1095127909, "power": "substation", "name": "Mukuni Substation", "voltage": "330000", "operator": "ZESCO", "source": "OpenStreetMap via Overpass API", "evidence_class": "observed_public_geometry"}}, {"type": "Feature", "id": "osm-substation-1095565738", "geometry": {"type": "Point", "coordinates": [28.960217, -24.0817509]}, "properties": {"osm_id": 1095565738, "power": "substation", "name": null, "voltage": null, "operator": null, "source": "OpenStreetMap via Overpass API", "evidence_class": "observed_public_geometry"}}, {"type": "Feature", "id": "osm-substation-1098257341", "geometry": {"type": "Point", "coordinates": [27.4953927, -25.3038364]}, "properties": {"osm_id": 1098257341, "power": "substation", "name": null, "voltage": null, "operator": null, "source": "OpenStreetMap via Overpass API", "evidence_class": "observed_public_geometry"}}, {"type": "Feature", "id": "osm-substation-1098540192", "geometry": {"type": "Point", "coordinates": [27.3604996, -25.7100844]}, "properties": {"osm_id": 1098540192, "power": "substation", "name": null, "voltage": null, "operator": null, "source": "OpenStreetMap via Overpass API", "evidence_class": "observed_public_geometry"}}, {"type": "Feature", "id": "osm-substation-1099237448", "geometry": {"type": "Point", "coordinates": [29.4247036, -24.7722129]}, "properties": {"osm_id": 1099237448, "power": "substation", "name": null, "voltage": null, "operator": null, "source": "OpenStreetMap via Overpass API", "evidence_class": "observed_public_geometry"}}, {"type": "Feature", "id": "osm-substation-1099784094", "geometry": {"type": "Point", "coordinates": [27.6510823, -25.7060636]}, "properties": {"osm_id": 1099784094, "power": "substation", "name": null, "voltage": null, "operator": null, "source": "OpenStreetMap via Overpass API", "evidence_class": "observed_public_geometry"}}, {"type": "Feature", "id": "osm-substation-1099876130", "geometry": {"type": "Point", "coordinates": [27.3342027, -25.7249424]}, "properties": {"osm_id": 1099876130, "power": "substation", "name": null, "voltage": null, "operator": null, "source": "OpenStreetMap via Overpass API", "evidence_class": "observed_public_geometry"}}, {"type": "Feature", "id": "osm-substation-1099928121", "geometry": {"type": "Point", "coordinates": [29.4804649, -24.1436475]}, "properties": {"osm_id": 1099928121, "power": "substation", "name": null, "voltage": null, "operator": null, "source": "OpenStreetMap via Overpass API", "evidence_class": "observed_public_geometry"}}, {"type": "Feature", "id": "osm-substation-1100919196", "geometry": {"type": "Point", "coordinates": [28.0495967, -26.1409477]}, "properties": {"osm_id": 1100919196, "power": "substation", "name": null, "voltage": null, "operator": null, "source": "OpenStreetMap via Overpass API", "evidence_class": "observed_public_geometry"}}, {"type": "Feature", "id": "osm-substation-1101942855", "geometry": {"type": "Point", "coordinates": [27.6962952, -25.501495]}, "properties": {"osm_id": 1101942855, "power": "substation", "name": "Werkmetlus", "voltage": null, "operator": null, "source": "OpenStreetMap via Overpass API", "evidence_class": "observed_public_geometry"}}, {"type": "Feature", "id": "osm-substation-1101942910", "geometry": {"type": "Point", "coordinates": [27.6079708, -25.4010757]}, "properties": {"osm_id": 1101942910, "power": "substation", "name": null, "voltage": null, "operator": null, "source": "OpenStreetMap via Overpass API", "evidence_class": "observed_public_geometry"}}, {"type": "Feature", "id": "osm-substation-1101942911", "geometry": {"type": "Point", "coordinates": [27.6082797, -25.4008537]}, "properties": {"osm_id": 1101942911, "power": "substation", "name": null, "voltage": null, "operator": null, "source": "OpenStreetMap via Overpass API", "evidence_class": "observed_public_geometry"}}, {"type": "Feature", "id": "osm-substation-1102278841", "geometry": {"type": "Point", "coordinates": [27.5819268, -25.571642]}, "properties": {"osm_id": 1102278841, "power": "substation", "name": "Rhovan", "voltage": null, "operator": null, "source": "OpenStreetMap via Overpass API", "evidence_class": "observed_public_geometry"}}, {"type": "Feature", "id": "osm-substation-1102445213", "geometry": {"type": "Point", "coordinates": [27.8920139, -25.5866449]}, "properties": {"osm_id": 1102445213, "power": "substation", "name": null, "voltage": null, "operator": null, "source": "OpenStreetMap via Overpass API", "evidence_class": "observed_public_geometry"}}, {"type": "Feature", "id": "osm-substation-1102676638", "geometry": {"type": "Point", "coordinates": [28.8800902, -26.2105046]}, "properties": {"osm_id": 1102676638, "power": "substation", "name": "Brakfontein", "voltage": null, "operator": null, "source": "OpenStreetMap via Overpass API", "evidence_class": "observed_public_geometry"}}, {"type": "Feature", "id": "osm-substation-1102696401", "geometry": {"type": "Point", "coordinates": [28.6916999, -26.1550452]}, "properties": {"osm_id": 1102696401, "power": "substation", "name": "Sephaku Cement", "voltage": "132000", "operator": null, "source": "OpenStreetMap via Overpass API", "evidence_class": "observed_public_geometry"}}, {"type": "Feature", "id": "osm-substation-1102696419", "geometry": {"type": "Point", "coordinates": [29.0213162, -26.2033048]}, "properties": {"osm_id": 1102696419, "power": "substation", "name": "Zondagsfontein", "voltage": "132000", "operator": null, "source": "OpenStreetMap via Overpass API", "evidence_class": "observed_public_geometry"}}, {"type": "Feature", "id": "osm-substation-1102699507", "geometry": {"type": "Point", "coordinates": [29.2326043, -26.1121549]}, "properties": {"osm_id": 1102699507, "power": "substation", "name": "Tavistock", "voltage": "132000", "operator": null, "source": "OpenStreetMap via Overpass API", "evidence_class": "observed_public_geometry"}}, {"type": "Feature", "id": "osm-substation-1102711575", "geometry": {"type": "Point", "coordinates": [29.1010555, -26.2136431]}, "properties": {"osm_id": 1102711575, "power": "substation", "name": "Matla No 2 Shaft", "voltage": "132000", "operator": null, "source": "OpenStreetMap via Overpass API", "evidence_class": "observed_public_geometry"}}, {"type": "Feature", "id": "osm-substation-1102711579", "geometry": {"type": "Point", "coordinates": [29.0711218, -26.2459195]}, "properties": {"osm_id": 1102711579, "power": "substation", "name": "Matla No 3 Shaft", "voltage": "132000", "operator": null, "source": "OpenStreetMap via Overpass API", "evidence_class": "observed_public_geometry"}}, {"type": "Feature", "id": "osm-substation-1102717580", "geometry": {"type": "Point", "coordinates": [29.1877908, -26.2610186]}, "properties": {"osm_id": 1102717580, "power": "substation", "name": null, "voltage": "132000", "operator": null, "source": "OpenStreetMap via Overpass API", "evidence_class": "observed_public_geometry"}}, {"type": "Feature", "id": "osm-substation-1102717912", "geometry": {"type": "Point", "coordinates": [29.0571324, -26.0118003]}, "properties": {"osm_id": 1102717912, "power": "substation", "name": null, "voltage": null, "operator": null, "source": "OpenStreetMap via Overpass API", "evidence_class": "observed_public_geometry"}}, {"type": "Feature", "id": "osm-substation-1102881697", "geometry": {"type": "Point", "coordinates": [29.1542175, -25.944369]}, "properties": {"osm_id": 1102881697, "power": "substation", "name": null, "voltage": null, "operator": null, "source": "OpenStreetMap via Overpass API", "evidence_class": "observed_public_geometry"}}, {"type": "Feature", "id": "osm-substation-1102881726", "geometry": {"type": "Point", "coordinates": [29.0756832, -26.0983726]}, "properties": {"osm_id": 1102881726, "power": "substation", "name": "Goedgevonden", "voltage": "132000", "operator": null, "source": "OpenStreetMap via Overpass API", "evidence_class": "observed_public_geometry"}}, {"type": "Feature", "id": "osm-substation-1102903132", "geometry": {"type": "Point", "coordinates": [28.9434802, -25.892293]}, "properties": {"osm_id": 1102903132, "power": "substation", "name": null, "voltage": null, "operator": null, "source": "OpenStreetMap via Overpass API", "evidence_class": "observed_public_geometry"}}, {"type": "Feature", "id": "osm-substation-1102903137", "geometry": {"type": "Point", "coordinates": [29.2620989, -26.3301499]}, "properties": {"osm_id": 1102903137, "power": "substation", "name": "Aangewys", "voltage": "132000", "operator": null, "source": "OpenStreetMap via Overpass API", "evidence_class": "observed_public_geometry"}}, {"type": "Feature", "id": "osm-substation-1102903139", "geometry": {"type": "Point", "coordinates": [29.2302925, -26.4292161]}, "properties": {"osm_id": 1102903139, "power": "substation", "name": "Tweedraai", "voltage": "132000", "operator": null, "source": "OpenStreetMap via Overpass API", "evidence_class": "observed_public_geometry"}}, {"type": "Feature", "id": "osm-substation-1102913368", "geometry": {"type": "Point", "coordinates": [29.2733738, -26.3942013]}, "properties": {"osm_id": 1102913368, "power": "substation", "name": null, "voltage": "132000", "operator": null, "source": "OpenStreetMap via Overpass API", "evidence_class": "observed_public_geometry"}}, {"type": "Feature", "id": "osm-substation-1102913376", "geometry": {"type": "Point", "coordinates": [29.0455526, -26.5060123]}, "properties": {"osm_id": 1102913376, "power": "substation", "name": null, "voltage": "132000", "operator": null, "source": "OpenStreetMap via Overpass API", "evidence_class": "observed_public_geometry"}}, {"type": "Feature", "id": "osm-substation-1102913378", "geometry": {"type": "Point", "coordinates": [29.0553854, -26.4692494]}, "properties": {"osm_id": 1102913378, "power": "substation", "name": "Shondoni", "voltage": "132000", "operator": null, "source": "OpenStreetMap via Overpass API", "evidence_class": "observed_public_geometry"}}, {"type": "Feature", "id": "osm-substation-1102968535", "geometry": {"type": "Point", "coordinates": [29.1153643, -26.5593294]}, "properties": {"osm_id": 1102968535, "power": "substation", "name": null, "voltage": null, "operator": null, "source": "OpenStreetMap via Overpass API", "evidence_class": "observed_public_geometry"}}, {"type": "Feature", "id": "osm-substation-1102968540", "geometry": {"type": "Point", "coordinates": [28.8808016, -26.6427412]}, "properties": {"osm_id": 1102968540, "power": "substation", "name": "Mpumelelo", "voltage": "132000", "operator": null, "source": "OpenStreetMap via Overpass API", "evidence_class": "observed_public_geometry"}}, {"type": "Feature", "id": "osm-substation-1102976764", "geometry": {"type": "Point", "coordinates": [29.264255, -26.360378]}, "properties": {"osm_id": 1102976764, "power": "substation", "name": null, "voltage": "132000", "operator": null, "source": "OpenStreetMap via Overpass API", "evidence_class": "observed_public_geometry"}}, {"type": "Feature", "id": "osm-substation-1103173759", "geometry": {"type": "Point", "coordinates": [29.3032235, -25.8920293]}, "properties": {"osm_id": 1103173759, "power": "substation", "name": "Naauwpoort", "voltage": null, "operator": null, "source": "OpenStreetMap via Overpass API", "evidence_class": "observed_public_geometry"}}, {"type": "Feature", "id": "osm-substation-1103429495", "geometry": {"type": "Point", "coordinates": [28.2003997, -26.1357016]}, "properties": {"osm_id": 1103429495, "power": "substation", "name": "Isando West Substation", "voltage": "44000", "operator": null, "source": "OpenStreetMap via Overpass API", "evidence_class": "observed_public_geometry"}}, {"type": "Feature", "id": "osm-substation-1103766306", "geometry": {"type": "Point", "coordinates": [28.9882397, -25.1156774]}, "properties": {"osm_id": 1103766306, "power": "substation", "name": "Weltevreden", "voltage": null, "operator": null, "source": "OpenStreetMap via Overpass API", "evidence_class": "observed_public_geometry"}}, {"type": "Feature", "id": "osm-substation-1104747689", "geometry": {"type": "Point", "coordinates": [28.2530138, -25.9370112]}, "properties": {"osm_id": 1104747689, "power": "substation", "name": "Hippo Quarries", "voltage": "88000", "operator": null, "source": "OpenStreetMap via Overpass API", "evidence_class": "observed_public_geometry"}}, {"type": "Feature", "id": "osm-substation-1104796305", "geometry": {"type": "Point", "coordinates": [28.3742611, -26.3351934]}, "properties": {"osm_id": 1104796305, "power": "substation", "name": null, "voltage": "132000", "operator": null, "source": "OpenStreetMap via Overpass API", "evidence_class": "observed_public_geometry"}}, {"type": "Feature", "id": "osm-substation-1104810689", "geometry": {"type": "Point", "coordinates": [28.3376971, -26.5544151]}, "properties": {"osm_id": 1104810689, "power": "substation", "name": "Ratanda", "voltage": "88000", "operator": null, "source": "OpenStreetMap via Overpass API", "evidence_class": "observed_public_geometry"}}, {"type": "Feature", "id": "osm-substation-1105024217", "geometry": {"type": "Point", "coordinates": [28.0832426, -26.0319969]}, "properties": {"osm_id": 1105024217, "power": "substation", "name": "Eskom Research Testing Facility 1000kV", "voltage": null, "operator": null, "source": "OpenStreetMap via Overpass API", "evidence_class": "observed_public_geometry"}}, {"type": "Feature", "id": "osm-substation-1105024218", "geometry": {"type": "Point", "coordinates": [28.0828471, -26.0326279]}, "properties": {"osm_id": 1105024218, "power": "substation", "name": "Fourways", "voltage": "88000", "operator": null, "source": "OpenStreetMap via Overpass API", "evidence_class": "observed_public_geometry"}}, {"type": "Feature", "id": "osm-substation-1105466455", "geometry": {"type": "Point", "coordinates": [19.9999009, -26.7570023]}, "properties": {"osm_id": 1105466455, "power": "substation", "name": null, "voltage": null, "operator": null, "source": "OpenStreetMap via Overpass API", "evidence_class": "observed_public_geometry"}}, {"type": "Feature", "id": "osm-substation-1106771090", "geometry": {"type": "Point", "coordinates": [29.4959155, -25.8035801]}, "properties": {"osm_id": 1106771090, "power": "substation", "name": null, "voltage": "132000", "operator": null, "source": "OpenStreetMap via Overpass API", "evidence_class": "observed_public_geometry"}}, {"type": "Feature", "id": "osm-substation-1106900224", "geometry": {"type": "Point", "coordinates": [27.2851731, -25.6083534]}, "properties": {"osm_id": 1106900224, "power": "substation", "name": null, "voltage": null, "operator": null, "source": "OpenStreetMap via Overpass API", "evidence_class": "observed_public_geometry"}}, {"type": "Feature", "id": "osm-substation-1107063473", "geometry": {"type": "Point", "coordinates": [27.1481962, -26.5106027]}, "properties": {"osm_id": 1107063473, "power": "substation", "name": "Frederickstad", "voltage": "44000", "operator": null, "source": "OpenStreetMap via Overpass API", "evidence_class": "observed_public_geometry"}}, {"type": "Feature", "id": "osm-substation-1107095635", "geometry": {"type": "Point", "coordinates": [27.3441844, -26.4296657]}, "properties": {"osm_id": 1107095635, "power": "substation", "name": "Doornfontein Main", "voltage": "132000", "operator": null, "source": "OpenStreetMap via Overpass API", "evidence_class": "observed_public_geometry"}}, {"type": "Feature", "id": "osm-substation-1107102692", "geometry": {"type": "Point", "coordinates": [27.3262632, -26.4081486]}, "properties": {"osm_id": 1107102692, "power": "substation", "name": "Blyvooruizicht No 5 Shaft", "voltage": "44000;6600", "operator": null, "source": "OpenStreetMap via Overpass API", "evidence_class": "observed_public_geometry"}}, {"type": "Feature", "id": "osm-substation-1107102697", "geometry": {"type": "Point", "coordinates": [27.3197254, -26.4028315]}, "properties": {"osm_id": 1107102697, "power": "substation", "name": "Doornfontein Compressor", "voltage": "44000", "operator": null, "source": "OpenStreetMap via Overpass API", "evidence_class": "observed_public_geometry"}}, {"type": "Feature", "id": "osm-substation-1107103844", "geometry": {"type": "Point", "coordinates": [27.3700423, -26.3998227]}, "properties": {"osm_id": 1107103844, "power": "substation", "name": "Blyvooruizicht No 2 Shaft", "voltage": "44000", "operator": null, "source": "OpenStreetMap via Overpass API", "evidence_class": "observed_public_geometry"}}, {"type": "Feature", "id": "osm-substation-1107103845", "geometry": {"type": "Point", "coordinates": [27.3707103, -26.4005671]}, "properties": {"osm_id": 1107103845, "power": "substation", "name": null, "voltage": "44000", "operator": null, "source": "OpenStreetMap via Overpass API", "evidence_class": "observed_public_geometry"}}, {"type": "Feature", "id": "osm-substation-1107159243", "geometry": {"type": "Point", "coordinates": [27.4723524, -26.5128975]}, "properties": {"osm_id": 1107159243, "power": "substation", "name": null, "voltage": null, "operator": null, "source": "OpenStreetMap via Overpass API", "evidence_class": "observed_public_geometry"}}, {"type": "Feature", "id": "osm-substation-1107346359", "geometry": {"type": "Point", "coordinates": [28.0625938, -26.4275966]}, "properties": {"osm_id": 1107346359, "power": "substation", "name": null, "voltage": "88000", "operator": null, "source": "OpenStreetMap via Overpass API", "evidence_class": "observed_public_geometry"}}, {"type": "Feature", "id": "osm-substation-1107346364", "geometry": {"type": "Point", "coordinates": [28.0633482, -26.3471909]}, "properties": {"osm_id": 1107346364, "power": "substation", "name": null, "voltage": "88000", "operator": null, "source": "OpenStreetMap via Overpass API", "evidence_class": "observed_public_geometry"}}, {"type": "Feature", "id": "osm-substation-1107564890", "geometry": {"type": "Point", "coordinates": [27.6193119, -26.355584]}, "properties": {"osm_id": 1107564890, "power": "substation", "name": null, "voltage": "132000", "operator": null, "source": "OpenStreetMap via Overpass API", "evidence_class": "observed_public_geometry"}}, {"type": "Feature", "id": "osm-substation-1107564893", "geometry": {"type": "Point", "coordinates": [27.6132236, -26.345782]}, "properties": {"osm_id": 1107564893, "power": "substation", "name": null, "voltage": null, "operator": null, "source": "OpenStreetMap via Overpass API", "evidence_class": "observed_public_geometry"}}, {"type": "Feature", "id": "osm-substation-1107564895", "geometry": {"type": "Point", "coordinates": [27.7151245, -26.2919157]}, "properties": {"osm_id": 1107564895, "power": "substation", "name": null, "voltage": null, "operator": null, "source": "OpenStreetMap via Overpass API", "evidence_class": "observed_public_geometry"}}, {"type": "Feature", "id": "osm-substation-1107564898", "geometry": {"type": "Point", "coordinates": [27.7096052, -26.2887949]}, "properties": {"osm_id": 1107564898, "power": "substation", "name": null, "voltage": null, "operator": null, "source": "OpenStreetMap via Overpass API", "evidence_class": "observed_public_geometry"}}, {"type": "Feature", "id": "osm-substation-1107649323", "geometry": {"type": "Point", "coordinates": [27.5327725, -26.3519256]}, "properties": {"osm_id": 1107649323, "power": "substation", "name": "Driefontein Brickworks", "voltage": "44000", "operator": null, "source": "OpenStreetMap via Overpass API", "evidence_class": "observed_public_geometry"}}, {"type": "Feature", "id": "osm-substation-1107664911", "geometry": {"type": "Point", "coordinates": [27.4696238, -26.3645528]}, "properties": {"osm_id": 1107664911, "power": "substation", "name": null, "voltage": "44000", "operator": null, "source": "OpenStreetMap via Overpass API", "evidence_class": "observed_public_geometry"}}, {"type": "Feature", "id": "osm-substation-1107701257", "geometry": {"type": "Point", "coordinates": [27.4672266, -26.3784851]}, "properties": {"osm_id": 1107701257, "power": "substation", "name": null, "voltage": null, "operator": null, "source": "OpenStreetMap via Overpass API", "evidence_class": "observed_public_geometry"}}, {"type": "Feature", "id": "osm-substation-1107707716", "geometry": {"type": "Point", "coordinates": [27.7117187, -26.3601469]}, "properties": {"osm_id": 1107707716, "power": "substation", "name": null, "voltage": "132000", "operator": null, "source": "OpenStreetMap via Overpass API", "evidence_class": "observed_public_geometry"}}, {"type": "Feature", "id": "osm-substation-1107754581", "geometry": {"type": "Point", "coordinates": [27.5878073, -26.3832301]}, "properties": {"osm_id": 1107754581, "power": "substation", "name": "Kloof 8 Shaft", "voltage": "132000", "operator": null, "source": "OpenStreetMap via Overpass API", "evidence_class": "observed_public_geometry"}}, {"type": "Feature", "id": "osm-substation-1107754584", "geometry": {"type": "Point", "coordinates": [27.6260056, -26.3596897]}, "properties": {"osm_id": 1107754584, "power": "substation", "name": null, "voltage": "132000", "operator": null, "source": "OpenStreetMap via Overpass API", "evidence_class": "observed_public_geometry"}}, {"type": "Feature", "id": "osm-substation-1107782443", "geometry": {"type": "Point", "coordinates": [27.4431347, -26.377577]}, "properties": {"osm_id": 1107782443, "power": "substation", "name": "Driefontein 13 Shaft - Ventilation", "voltage": "44000", "operator": null, "source": "OpenStreetMap via Overpass API", "evidence_class": "observed_public_geometry"}}, {"type": "Feature", "id": "osm-substation-1107782444", "geometry": {"type": "Point", "coordinates": [27.4282117, -26.3868321]}, "properties": {"osm_id": 1107782444, "power": "substation", "name": "Driefontein 12 Shaft", "voltage": null, "operator": null, "source": "OpenStreetMap via Overpass API", "evidence_class": "observed_public_geometry"}}, {"type": "Feature", "id": "osm-substation-1107782446", "geometry": {"type": "Point", "coordinates": [27.4261113, -26.3845281]}, "properties": {"osm_id": 1107782446, "power": "substation", "name": "Driefontein 12 Shaft", "voltage": "44000", "operator": null, "source": "OpenStreetMap via Overpass API", "evidence_class": "observed_public_geometry"}}, {"type": "Feature", "id": "osm-substation-1107782450", "geometry": {"type": "Point", "coordinates": [27.4197712, -26.3783987]}, "properties": {"osm_id": 1107782450, "power": "substation", "name": "Driefontein 11 Shaft", "voltage": "44000", "operator": null, "source": "OpenStreetMap via Overpass API", "evidence_class": "observed_public_geometry"}}, {"type": "Feature", "id": "osm-substation-1107797444", "geometry": {"type": "Point", "coordinates": [27.4329618, -26.3978209]}, "properties": {"osm_id": 1107797444, "power": "substation", "name": "Driefontein 10 Shaft", "voltage": "44000", "operator": null, "source": "OpenStreetMap via Overpass API", "evidence_class": "observed_public_geometry"}}, {"type": "Feature", "id": "osm-substation-1107820157", "geometry": {"type": "Point", "coordinates": [27.4715731, -26.3659527]}, "properties": {"osm_id": 1107820157, "power": "substation", "name": null, "voltage": null, "operator": null, "source": "OpenStreetMap via Overpass API", "evidence_class": "observed_public_geometry"}}, {"type": "Feature", "id": "osm-substation-1107837574", "geometry": {"type": "Point", "coordinates": [27.7410001, -26.252527]}, "properties": {"osm_id": 1107837574, "power": "substation", "name": null, "voltage": null, "operator": null, "source": "OpenStreetMap via Overpass API", "evidence_class": "observed_public_geometry"}}, {"type": "Feature", "id": "osm-substation-1107837577", "geometry": {"type": "Point", "coordinates": [27.7412963, -26.2528287]}, "properties": {"osm_id": 1107837577, "power": "substation", "name": null, "voltage": null, "operator": null, "source": "OpenStreetMap via Overpass API", "evidence_class": "observed_public_geometry"}}, {"type": "Feature", "id": "osm-substation-1107848360", "geometry": {"type": "Point", "coordinates": [27.6945238, -26.188563]}, "properties": {"osm_id": 1107848360, "power": "substation", "name": null, "voltage": "88000", "operator": null, "source": "OpenStreetMap via Overpass API", "evidence_class": "observed_public_geometry"}}, {"type": "Feature", "id": "osm-substation-1107937075", "geometry": {"type": "Point", "coordinates": [28.6052309, -25.9130099]}, "properties": {"osm_id": 1107937075, "power": "substation", "name": null, "voltage": null, "operator": null, "source": "OpenStreetMap via Overpass API", "evidence_class": "observed_public_geometry"}}, {"type": "Feature", "id": "osm-substation-1107952439", "geometry": {"type": "Point", "coordinates": [28.0234732, -26.0389118]}, "properties": {"osm_id": 1107952439, "power": "substation", "name": "Brynorth - Eskom", "voltage": "88000", "operator": null, "source": "OpenStreetMap via Overpass API", "evidence_class": "observed_public_geometry"}}, {"type": "Feature", "id": "osm-substation-1107952440", "geometry": {"type": "Point", "coordinates": [28.0231329, -26.0390617]}, "properties": {"osm_id": 1107952440, "power": "substation", "name": "Brynorth - CityPower", "voltage": null, "operator": null, "source": "OpenStreetMap via Overpass API", "evidence_class": "observed_public_geometry"}}, {"type": "Feature", "id": "osm-substation-1107963733", "geometry": {"type": "Point", "coordinates": [28.0260428, -26.0025592]}, "properties": {"osm_id": 1107963733, "power": "substation", "name": "Gull Substation", "voltage": "88000:11000", "operator": "Eskom", "source": "OpenStreetMap via Overpass API", "evidence_class": "observed_public_geometry"}}, {"type": "Feature", "id": "osm-substation-1107963734", "geometry": {"type": "Point", "coordinates": [28.0369704, -26.0226457]}, "properties": {"osm_id": 1107963734, "power": "substation", "name": "Paulshof", "voltage": "88000", "operator": null, "source": "OpenStreetMap via Overpass API", "evidence_class": "observed_public_geometry"}}, {"type": "Feature", "id": "osm-substation-1107963747", "geometry": {"type": "Point", "coordinates": [28.032496, -26.0218907]}, "properties": {"osm_id": 1107963747, "power": "substation", "name": null, "voltage": "88000", "operator": null, "source": "OpenStreetMap via Overpass API", "evidence_class": "observed_public_geometry"}}, {"type": "Feature", "id": "osm-substation-1107963755", "geometry": {"type": "Point", "coordinates": [28.1265961, -26.0241716]}, "properties": {"osm_id": 1107963755, "power": "substation", "name": "Kamal", "voltage": "88000", "operator": null, "source": "OpenStreetMap via Overpass API", "evidence_class": "observed_public_geometry"}}, {"type": "Feature", "id": "osm-substation-1107970330", "geometry": {"type": "Point", "coordinates": [28.137835, -25.9993472]}, "properties": {"osm_id": 1107970330, "power": "substation", "name": "Grand Central", "voltage": "88000", "operator": null, "source": "OpenStreetMap via Overpass API", "evidence_class": "observed_public_geometry"}}, {"type": "Feature", "id": "osm-substation-1108000013", "geometry": {"type": "Point", "coordinates": [28.1002315, -26.0075551]}, "properties": {"osm_id": 1108000013, "power": "substation", "name": null, "voltage": "88000", "operator": null, "source": "OpenStreetMap via Overpass API", "evidence_class": "observed_public_geometry"}}, {"type": "Feature", "id": "osm-substation-1108039877", "geometry": {"type": "Point", "coordinates": [28.139954, -25.768746]}, "properties": {"osm_id": 1108039877, "power": "substation", "name": null, "voltage": null, "operator": null, "source": "OpenStreetMap via Overpass API", "evidence_class": "observed_public_geometry"}}, {"type": "Feature", "id": "osm-substation-1108039878", "geometry": {"type": "Point", "coordinates": [28.1359363, -25.7674584]}, "properties": {"osm_id": 1108039878, "power": "substation", "name": null, "voltage": null, "operator": null, "source": "OpenStreetMap via Overpass API", "evidence_class": "observed_public_geometry"}}, {"type": "Feature", "id": "osm-substation-1108257058", "geometry": {"type": "Point", "coordinates": [27.7169825, -26.1351938]}, "properties": {"osm_id": 1108257058, "power": "substation", "name": null, "voltage": null, "operator": null, "source": "OpenStreetMap via Overpass API", "evidence_class": "observed_public_geometry"}}, {"type": "Feature", "id": "osm-substation-1108257059", "geometry": {"type": "Point", "coordinates": [27.7267864, -26.1252181]}, "properties": {"osm_id": 1108257059, "power": "substation", "name": null, "voltage": "88000", "operator": null, "source": "OpenStreetMap via Overpass API", "evidence_class": "observed_public_geometry"}}, {"type": "Feature", "id": "osm-substation-1108257060", "geometry": {"type": "Point", "coordinates": [27.7176305, -26.1501573]}, "properties": {"osm_id": 1108257060, "power": "substation", "name": null, "voltage": "88000", "operator": null, "source": "OpenStreetMap via Overpass API", "evidence_class": "observed_public_geometry"}}, {"type": "Feature", "id": "osm-substation-1108257070", "geometry": {"type": "Point", "coordinates": [27.7578297, -26.1150769]}, "properties": {"osm_id": 1108257070, "power": "substation", "name": "Rand Center Substation", "voltage": "88000", "operator": null, "source": "OpenStreetMap via Overpass API", "evidence_class": "observed_public_geometry"}}, {"type": "Feature", "id": "osm-substation-1108263205", "geometry": {"type": "Point", "coordinates": [27.7154383, -26.1667505]}, "properties": {"osm_id": 1108263205, "power": "substation", "name": null, "voltage": null, "operator": null, "source": "OpenStreetMap via Overpass API", "evidence_class": "observed_public_geometry"}}, {"type": "Feature", "id": "osm-substation-1108263209", "geometry": {"type": "Point", "coordinates": [27.717388, -26.1598773]}, "properties": {"osm_id": 1108263209, "power": "substation", "name": null, "voltage": "88000", "operator": null, "source": "OpenStreetMap via Overpass API", "evidence_class": "observed_public_geometry"}}, {"type": "Feature", "id": "osm-substation-1108279597", "geometry": {"type": "Point", "coordinates": [27.7380528, -26.127494]}, "properties": {"osm_id": 1108279597, "power": "substation", "name": null, "voltage": "88000", "operator": null, "source": "OpenStreetMap via Overpass API", "evidence_class": "observed_public_geometry"}}, {"type": "Feature", "id": "osm-substation-1109126170", "geometry": {"type": "Point", "coordinates": [29.471728, -26.1097082]}, "properties": {"osm_id": 1109126170, "power": "substation", "name": null, "voltage": "132000", "operator": null, "source": "OpenStreetMap via Overpass API", "evidence_class": "observed_public_geometry"}}, {"type": "Feature", "id": "osm-substation-1109942589", "geometry": {"type": "Point", "coordinates": [28.1199279, -26.2975011]}, "properties": {"osm_id": 1109942589, "power": "substation", "name": null, "voltage": null, "operator": null, "source": "OpenStreetMap via Overpass API", "evidence_class": "observed_public_geometry"}}, {"type": "Feature", "id": "osm-substation-1111600934", "geometry": {"type": "Point", "coordinates": [29.4761945, -25.7402571]}, "properties": {"osm_id": 1111600934, "power": "substation", "name": null, "voltage": null, "operator": null, "source": "OpenStreetMap via Overpass API", "evidence_class": "observed_public_geometry"}}, {"type": "Feature", "id": "osm-substation-1112478415", "geometry": {"type": "Point", "coordinates": [27.7039869, -21.3620969]}, "properties": {"osm_id": 1112478415, "power": "substation", "name": "Mupane", "voltage": null, "operator": null, "source": "OpenStreetMap via Overpass API", "evidence_class": "observed_public_geometry"}}, {"type": "Feature", "id": "osm-substation-1112495798", "geometry": {"type": "Point", "coordinates": [27.4538078, -21.4181995]}, "properties": {"osm_id": 1112495798, "power": "substation", "name": null, "voltage": null, "operator": null, "source": "OpenStreetMap via Overpass API", "evidence_class": "observed_public_geometry"}}, {"type": "Feature", "id": "osm-substation-1112495799", "geometry": {"type": "Point", "coordinates": [27.43185, -21.3676655]}, "properties": {"osm_id": 1112495799, "power": "substation", "name": null, "voltage": null, "operator": null, "source": "OpenStreetMap via Overpass API", "evidence_class": "observed_public_geometry"}}, {"type": "Feature", "id": "osm-substation-1112716907", "geometry": {"type": "Point", "coordinates": [25.1829945, -17.7895529]}, "properties": {"osm_id": 1112716907, "power": "substation", "name": "Kasane", "voltage": "66000", "operator": null, "source": "OpenStreetMap via Overpass API", "evidence_class": "observed_public_geometry"}}, {"type": "Feature", "id": "osm-substation-1112772054", "geometry": {"type": "Point", "coordinates": [27.635296, -21.9584474]}, "properties": {"osm_id": 1112772054, "power": "substation", "name": null, "voltage": "66000", "operator": null, "source": "OpenStreetMap via Overpass API", "evidence_class": "observed_public_geometry"}}, {"type": "Feature", "id": "osm-substation-1112892471", "geometry": {"type": "Point", "coordinates": [27.8882453, -26.136637]}, "properties": {"osm_id": 1112892471, "power": "substation", "name": null, "voltage": null, "operator": null, "source": "OpenStreetMap via Overpass API", "evidence_class": "observed_public_geometry"}}, {"type": "Feature", "id": "osm-substation-1112892472", "geometry": {"type": "Point", "coordinates": [27.8873111, -26.1001003]}, "properties": {"osm_id": 1112892472, "power": "substation", "name": null, "voltage": "88000", "operator": null, "source": "OpenStreetMap via Overpass API", "evidence_class": "observed_public_geometry"}}, {"type": "Feature", "id": "osm-substation-1112892476", "geometry": {"type": "Point", "coordinates": [27.8924356, -26.1319113]}, "properties": {"osm_id": 1112892476, "power": "substation", "name": null, "voltage": null, "operator": null, "source": "OpenStreetMap via Overpass API", "evidence_class": "observed_public_geometry"}}, {"type": "Feature", "id": "osm-substation-1112896885", "geometry": {"type": "Point", "coordinates": [28.0496511, -26.1053289]}, "properties": {"osm_id": 1112896885, "power": "substation", "name": "Sandpark Substation", "voltage": "88000", "operator": null, "source": "OpenStreetMap via Overpass API", "evidence_class": "observed_public_geometry"}}, {"type": "Feature", "id": "osm-substation-1112990136", "geometry": {"type": "Point", "coordinates": [28.3969413, -26.1708995]}, "properties": {"osm_id": 1112990136, "power": "substation", "name": "JP Marais", "voltage": "132000", "operator": null, "source": "OpenStreetMap via Overpass API", "evidence_class": "observed_public_geometry"}}, {"type": "Feature", "id": "osm-substation-1112996674", "geometry": {"type": "Point", "coordinates": [28.4585063, -26.1209029]}, "properties": {"osm_id": 1112996674, "power": "substation", "name": null, "voltage": "88000", "operator": null, "source": "OpenStreetMap via Overpass API", "evidence_class": "observed_public_geometry"}}, {"type": "Feature", "id": "osm-substation-1112996675", "geometry": {"type": "Point", "coordinates": [28.4739381, -26.117716]}, "properties": {"osm_id": 1112996675, "power": "substation", "name": null, "voltage": "88000", "operator": null, "source": "OpenStreetMap via Overpass API", "evidence_class": "observed_public_geometry"}}, {"type": "Feature", "id": "osm-substation-1113005860", "geometry": {"type": "Point", "coordinates": [28.3661814, -26.2081868]}, "properties": {"osm_id": 1113005860, "power": "substation", "name": null, "voltage": null, "operator": null, "source": "OpenStreetMap via Overpass API", "evidence_class": "observed_public_geometry"}}, {"type": "Feature", "id": "osm-substation-1113013897", "geometry": {"type": "Point", "coordinates": [28.3365213, -26.215052]}, "properties": {"osm_id": 1113013897, "power": "substation", "name": null, "voltage": null, "operator": null, "source": "OpenStreetMap via Overpass API", "evidence_class": "observed_public_geometry"}}, {"type": "Feature", "id": "osm-substation-1113044196", "geometry": {"type": "Point", "coordinates": [28.7234365, -25.8854068]}, "properties": {"osm_id": 1113044196, "power": "substation", "name": "Bronkhorstspruit Dam", "voltage": "88000", "operator": null, "source": "OpenStreetMap via Overpass API", "evidence_class": "observed_public_geometry"}}, {"type": "Feature", "id": "osm-substation-1113320806", "geometry": {"type": "Point", "coordinates": [28.2263329, -25.9722136]}, "properties": {"osm_id": 1113320806, "power": "substation", "name": null, "voltage": null, "operator": null, "source": "OpenStreetMap via Overpass API", "evidence_class": "observed_public_geometry"}}, {"type": "Feature", "id": "osm-substation-1113701715", "geometry": {"type": "Point", "coordinates": [28.5983954, -26.1746621]}, "properties": {"osm_id": 1113701715, "power": "substation", "name": null, "voltage": null, "operator": null, "source": "OpenStreetMap via Overpass API", "evidence_class": "observed_public_geometry"}}, {"type": "Feature", "id": "osm-substation-1113706024", "geometry": {"type": "Point", "coordinates": [28.5299845, -26.1983059]}, "properties": {"osm_id": 1113706024, "power": "substation", "name": null, "voltage": "132000", "operator": null, "source": "OpenStreetMap via Overpass API", "evidence_class": "observed_public_geometry"}}, {"type": "Feature", "id": "osm-substation-1113713608", "geometry": {"type": "Point", "coordinates": [28.518775, -26.1896735]}, "properties": {"osm_id": 1113713608, "power": "substation", "name": null, "voltage": "132000", "operator": null, "source": "OpenStreetMap via Overpass API", "evidence_class": "observed_public_geometry"}}, {"type": "Feature", "id": "osm-substation-1113713609", "geometry": {"type": "Point", "coordinates": [28.5010684, -26.1677967]}, "properties": {"osm_id": 1113713609, "power": "substation", "name": null, "voltage": "132000", "operator": null, "source": "OpenStreetMap via Overpass API", "evidence_class": "observed_public_geometry"}}, {"type": "Feature", "id": "osm-substation-1113713610", "geometry": {"type": "Point", "coordinates": [28.5009947, -26.1675084]}, "properties": {"osm_id": 1113713610, "power": "substation", "name": null, "voltage": "132000", "operator": null, "source": "OpenStreetMap via Overpass API", "evidence_class": "observed_public_geometry"}}, {"type": "Feature", "id": "osm-substation-1113713612", "geometry": {"type": "Point", "coordinates": [28.5160691, -26.1507863]}, "properties": {"osm_id": 1113713612, "power": "substation", "name": null, "voltage": "132000", "operator": null, "source": "OpenStreetMap via Overpass API", "evidence_class": "observed_public_geometry"}}, {"type": "Feature", "id": "osm-substation-1115013722", "geometry": {"type": "Point", "coordinates": [25.9670244, -24.6415522]}, "properties": {"osm_id": 1115013722, "power": "substation", "name": null, "voltage": "132000", "operator": null, "source": "OpenStreetMap via Overpass API", "evidence_class": "observed_public_geometry"}}, {"type": "Feature", "id": "osm-substation-1115017304", "geometry": {"type": "Point", "coordinates": [26.7672798, -24.9076729]}, "properties": {"osm_id": 1115017304, "power": "substation", "name": null, "voltage": "132000", "operator": null, "source": "OpenStreetMap via Overpass API", "evidence_class": "observed_public_geometry"}}, {"type": "Feature", "id": "osm-substation-1115277595", "geometry": {"type": "Point", "coordinates": [27.9911999, -23.0748005]}, "properties": {"osm_id": 1115277595, "power": "substation", "name": null, "voltage": null, "operator": null, "source": "OpenStreetMap via Overpass API", "evidence_class": "observed_public_geometry"}}, {"type": "Feature", "id": "osm-substation-1115641723", "geometry": {"type": "Point", "coordinates": [27.191863, -25.1485177]}, "properties": {"osm_id": 1115641723, "power": "substation", "name": null, "voltage": "88000", "operator": null, "source": "OpenStreetMap via Overpass API", "evidence_class": "observed_public_geometry"}}, {"type": "Feature", "id": "osm-substation-1115904647", "geometry": {"type": "Point", "coordinates": [29.0905787, -26.4689338]}, "properties": {"osm_id": 1115904647, "power": "substation", "name": null, "voltage": null, "operator": null, "source": "OpenStreetMap via Overpass API", "evidence_class": "observed_public_geometry"}}, {"type": "Feature", "id": "osm-substation-1115909989", "geometry": {"type": "Point", "coordinates": [28.0274838, -26.0717485]}, "properties": {"osm_id": 1115909989, "power": "substation", "name": null, "voltage": null, "operator": null, "source": "OpenStreetMap via Overpass API", "evidence_class": "observed_public_geometry"}}, {"type": "Feature", "id": "osm-substation-1116965323", "geometry": {"type": "Point", "coordinates": [26.3995444, -25.2801874]}, "properties": {"osm_id": 1116965323, "power": "substation", "name": null, "voltage": "88000", "operator": null, "source": "OpenStreetMap via Overpass API", "evidence_class": "observed_public_geometry"}}, {"type": "Feature", "id": "osm-substation-1117304851", "geometry": {"type": "Point", "coordinates": [26.3089246, -26.3266492]}, "properties": {"osm_id": 1117304851, "power": "substation", "name": null, "voltage": null, "operator": null, "source": "OpenStreetMap via Overpass API", "evidence_class": "observed_public_geometry"}}, {"type": "Feature", "id": "osm-substation-1117654611", "geometry": {"type": "Point", "coordinates": [27.1583629, -25.4216864]}, "properties": {"osm_id": 1117654611, "power": "substation", "name": null, "voltage": null, "operator": null, "source": "OpenStreetMap via Overpass API", "evidence_class": "observed_public_geometry"}}, {"type": "Feature", "id": "osm-substation-1117654612", "geometry": {"type": "Point", "coordinates": [27.1757336, -25.4330867]}, "properties": {"osm_id": 1117654612, "power": "substation", "name": null, "voltage": null, "operator": null, "source": "OpenStreetMap via Overpass API", "evidence_class": "observed_public_geometry"}}, {"type": "Feature", "id": "osm-substation-1117654613", "geometry": {"type": "Point", "coordinates": [27.2175466, -25.5060693]}, "properties": {"osm_id": 1117654613, "power": "substation", "name": null, "voltage": null, "operator": null, "source": "OpenStreetMap via Overpass API", "evidence_class": "observed_public_geometry"}}, {"type": "Feature", "id": "osm-substation-1117654614", "geometry": {"type": "Point", "coordinates": [27.2023522, -25.4988586]}, "properties": {"osm_id": 1117654614, "power": "substation", "name": null, "voltage": null, "operator": null, "source": "OpenStreetMap via Overpass API", "evidence_class": "observed_public_geometry"}}, {"type": "Feature", "id": "osm-substation-1117654615", "geometry": {"type": "Point", "coordinates": [27.1943064, -25.4802077]}, "properties": {"osm_id": 1117654615, "power": "substation", "name": null, "voltage": null, "operator": null, "source": "OpenStreetMap via Overpass API", "evidence_class": "observed_public_geometry"}}, {"type": "Feature", "id": "osm-substation-1117821058", "geometry": {"type": "Point", "coordinates": [27.1718566, -25.4604729]}, "properties": {"osm_id": 1117821058, "power": "substation", "name": null, "voltage": null, "operator": null, "source": "OpenStreetMap via Overpass API", "evidence_class": "observed_public_geometry"}}, {"type": "Feature", "id": "osm-substation-1117821065", "geometry": {"type": "Point", "coordinates": [27.2033045, -25.4730941]}, "properties": {"osm_id": 1117821065, "power": "substation", "name": null, "voltage": null, "operator": null, "source": "OpenStreetMap via Overpass API", "evidence_class": "observed_public_geometry"}}, {"type": "Feature", "id": "osm-substation-1117821071", "geometry": {"type": "Point", "coordinates": [27.1787273, -25.4441574]}, "properties": {"osm_id": 1117821071, "power": "substation", "name": null, "voltage": null, "operator": null, "source": "OpenStreetMap via Overpass API", "evidence_class": "observed_public_geometry"}}, {"type": "Feature", "id": "osm-substation-1117901551", "geometry": {"type": "Point", "coordinates": [27.1648298, -25.4861411]}, "properties": {"osm_id": 1117901551, "power": "substation", "name": null, "voltage": null, "operator": null, "source": "OpenStreetMap via Overpass API", "evidence_class": "observed_public_geometry"}}, {"type": "Feature", "id": "osm-substation-1117911407", "geometry": {"type": "Point", "coordinates": [27.2848505, -25.5321482]}, "properties": {"osm_id": 1117911407, "power": "substation", "name": null, "voltage": null, "operator": null, "source": "OpenStreetMap via Overpass API", "evidence_class": "observed_public_geometry"}}, {"type": "Feature", "id": "osm-substation-1119287127", "geometry": {"type": "Point", "coordinates": [28.1891478, -26.1157287]}, "properties": {"osm_id": 1119287127, "power": "substation", "name": null, "voltage": null, "operator": null, "source": "OpenStreetMap via Overpass API", "evidence_class": "observed_public_geometry"}}, {"type": "Feature", "id": "osm-substation-1119411973", "geometry": {"type": "Point", "coordinates": [27.3362746, -24.7782937]}, "properties": {"osm_id": 1119411973, "power": "substation", "name": null, "voltage": null, "operator": null, "source": "OpenStreetMap via Overpass API", "evidence_class": "observed_public_geometry"}}, {"type": "Feature", "id": "osm-substation-1119411974", "geometry": {"type": "Point", "coordinates": [27.2696078, -24.8340151]}, "properties": {"osm_id": 1119411974, "power": "substation", "name": null, "voltage": null, "operator": null, "source": "OpenStreetMap via Overpass API", "evidence_class": "observed_public_geometry"}}, {"type": "Feature", "id": "osm-substation-1119443220", "geometry": {"type": "Point", "coordinates": [27.2870532, -24.8214347]}, "properties": {"osm_id": 1119443220, "power": "substation", "name": "Amandelbult 1 Shaft", "voltage": null, "operator": null, "source": "OpenStreetMap via Overpass API", "evidence_class": "observed_public_geometry"}}, {"type": "Feature", "id": "osm-substation-1119443221", "geometry": {"type": "Point", "coordinates": [27.3457967, -24.7956219]}, "properties": {"osm_id": 1119443221, "power": "substation", "name": "Amandelbult 4 Shaft", "voltage": null, "operator": null, "source": "OpenStreetMap via Overpass API", "evidence_class": "observed_public_geometry"}}, {"type": "Feature", "id": "osm-substation-1119443223", "geometry": {"type": "Point", "coordinates": [27.3796706, -24.7923914]}, "properties": {"osm_id": 1119443223, "power": "substation", "name": null, "voltage": null, "operator": null, "source": "OpenStreetMap via Overpass API", "evidence_class": "observed_public_geometry"}}, {"type": "Feature", "id": "osm-substation-1119443224", "geometry": {"type": "Point", "coordinates": [27.3880162, -24.7623484]}, "properties": {"osm_id": 1119443224, "power": "substation", "name": null, "voltage": null, "operator": null, "source": "OpenStreetMap via Overpass API", "evidence_class": "observed_public_geometry"}}, {"type": "Feature", "id": "osm-substation-1119445239", "geometry": {"type": "Point", "coordinates": [27.3419935, -24.7836345]}, "properties": {"osm_id": 1119445239, "power": "substation", "name": null, "voltage": null, "operator": null, "source": "OpenStreetMap via Overpass API", "evidence_class": "observed_public_geometry"}}, {"type": "Feature", "id": "osm-substation-1119465426", "geometry": {"type": "Point", "coordinates": [27.3796652, -24.7527744]}, "properties": {"osm_id": 1119465426, "power": "substation", "name": null, "voltage": null, "operator": null, "source": "OpenStreetMap via Overpass API", "evidence_class": "observed_public_geometry"}}, {"type": "Feature", "id": "osm-substation-1119465427", "geometry": {"type": "Point", "coordinates": [27.3727692, -24.7477229]}, "properties": {"osm_id": 1119465427, "power": "substation", "name": null, "voltage": null, "operator": null, "source": "OpenStreetMap via Overpass API", "evidence_class": "observed_public_geometry"}}, {"type": "Feature", "id": "osm-substation-1119465428", "geometry": {"type": "Point", "coordinates": [27.3998293, -24.7330982]}, "properties": {"osm_id": 1119465428, "power": "substation", "name": null, "voltage": null, "operator": null, "source": "OpenStreetMap via Overpass API", "evidence_class": "observed_public_geometry"}}, {"type": "Feature", "id": "osm-substation-1119525238", "geometry": {"type": "Point", "coordinates": [27.3091372, -24.8502344]}, "properties": {"osm_id": 1119525238, "power": "substation", "name": null, "voltage": null, "operator": null, "source": "OpenStreetMap via Overpass API", "evidence_class": "observed_public_geometry"}}, {"type": "Feature", "id": "osm-substation-1119620996", "geometry": {"type": "Point", "coordinates": [28.9189509, -20.8692555]}, "properties": {"osm_id": 1119620996, "power": "substation", "name": null, "voltage": null, "operator": null, "source": "OpenStreetMap via Overpass API", "evidence_class": "observed_public_geometry"}}, {"type": "Feature", "id": "osm-substation-1119620997", "geometry": {"type": "Point", "coordinates": [28.9003521, -20.8501377]}, "properties": {"osm_id": 1119620997, "power": "substation", "name": null, "voltage": null, "operator": null, "source": "OpenStreetMap via Overpass API", "evidence_class": "observed_public_geometry"}}, {"type": "Feature", "id": "osm-substation-1119621000", "geometry": {"type": "Point", "coordinates": [28.9068026, -20.85666]}, "properties": {"osm_id": 1119621000, "power": "substation", "name": null, "voltage": null, "operator": null, "source": "OpenStreetMap via Overpass API", "evidence_class": "observed_public_geometry"}}, {"type": "Feature", "id": "osm-substation-1120586427", "geometry": {"type": "Point", "coordinates": [28.0586267, -26.3047854]}, "properties": {"osm_id": 1120586427, "power": "substation", "name": "Mulbarton Substation", "voltage": "88000", "operator": "City Power", "source": "OpenStreetMap via Overpass API", "evidence_class": "observed_public_geometry"}}, {"type": "Feature", "id": "osm-substation-1124571678", "geometry": {"type": "Point", "coordinates": [27.9961335, -26.2208984]}, "properties": {"osm_id": 1124571678, "power": "substation", "name": "Crown Traction Substation", "voltage": "88000", "operator": null, "source": "OpenStreetMap via Overpass API", "evidence_class": "observed_public_geometry"}}, {"type": "Feature", "id": "osm-substation-1124571679", "geometry": {"type": "Point", "coordinates": [28.2353213, -26.065992]}, "properties": {"osm_id": 1124571679, "power": "substation", "name": "Birchleigh Traction Substation", "voltage": null, "operator": null, "source": "OpenStreetMap via Overpass API", "evidence_class": "observed_public_geometry"}}, {"type": "Feature", "id": "osm-substation-1124571680", "geometry": {"type": "Point", "coordinates": [28.2061012, -26.1648758]}, "properties": {"osm_id": 1124571680, "power": "substation", "name": "Elandsfontein Traction Substation", "voltage": null, "operator": null, "source": "OpenStreetMap via Overpass API", "evidence_class": "observed_public_geometry"}}, {"type": "Feature", "id": "osm-substation-1124571681", "geometry": {"type": "Point", "coordinates": [28.0186283, -26.199925]}, "properties": {"osm_id": 1124571681, "power": "substation", "name": "Braamfontein Traction Substation", "voltage": "88000", "operator": null, "source": "OpenStreetMap via Overpass API", "evidence_class": "observed_public_geometry"}}, {"type": "Feature", "id": "osm-substation-1125939620", "geometry": {"type": "Point", "coordinates": [27.9376195, -26.1780518]}, "properties": {"osm_id": 1125939620, "power": "substation", "name": "Maraisburg Traction Substation", "voltage": null, "operator": null, "source": "OpenStreetMap via Overpass API", "evidence_class": "observed_public_geometry"}}, {"type": "Feature", "id": "osm-substation-1127429654", "geometry": {"type": "Point", "coordinates": [29.4443189, -25.8063306]}, "properties": {"osm_id": 1127429654, "power": "substation", "name": null, "voltage": "88000", "operator": null, "source": "OpenStreetMap via Overpass API", "evidence_class": "observed_public_geometry"}}, {"type": "Feature", "id": "osm-substation-1127940039", "geometry": {"type": "Point", "coordinates": [29.1822767, -26.1391833]}, "properties": {"osm_id": 1127940039, "power": "substation", "name": null, "voltage": "132000", "operator": null, "source": "OpenStreetMap via Overpass API", "evidence_class": "observed_public_geometry"}}, {"type": "Feature", "id": "osm-substation-1128282122", "geometry": {"type": "Point", "coordinates": [27.161907, -23.6258309]}, "properties": {"osm_id": 1128282122, "power": "substation", "name": "Boikarabelo", "voltage": "132000", "operator": null, "source": "OpenStreetMap via Overpass API", "evidence_class": "observed_public_geometry"}}, {"type": "Feature", "id": "osm-substation-1128454946", "geometry": {"type": "Point", "coordinates": [28.2931383, -25.7536003]}, "properties": {"osm_id": 1128454946, "power": "substation", "name": "Willows Substation", "voltage": "132000", "operator": null, "source": "OpenStreetMap via Overpass API", "evidence_class": "observed_public_geometry"}}, {"type": "Feature", "id": "osm-substation-1130852405", "geometry": {"type": "Point", "coordinates": [27.7689075, -26.0970419]}, "properties": {"osm_id": 1130852405, "power": "substation", "name": "Spruit Substation", "voltage": "132000", "operator": null, "source": "OpenStreetMap via Overpass API", "evidence_class": "observed_public_geometry"}}, {"type": "Feature", "id": "osm-substation-1130852407", "geometry": {"type": "Point", "coordinates": [27.7684285, -26.0843595]}, "properties": {"osm_id": 1130852407, "power": "substation", "name": null, "voltage": "132000", "operator": null, "source": "OpenStreetMap via Overpass API", "evidence_class": "observed_public_geometry"}}, {"type": "Feature", "id": "osm-substation-1130884581", "geometry": {"type": "Point", "coordinates": [27.9981003, -25.9485979]}, "properties": {"osm_id": 1130884581, "power": "substation", "name": null, "voltage": "88000", "operator": null, "source": "OpenStreetMap via Overpass API", "evidence_class": "observed_public_geometry"}}, {"type": "Feature", "id": "osm-substation-1130910453", "geometry": {"type": "Point", "coordinates": [28.0093934, -25.9563907]}, "properties": {"osm_id": 1130910453, "power": "substation", "name": "Riverside View Substation", "voltage": "88000;11000", "operator": "Eskom", "source": "OpenStreetMap via Overpass API", "evidence_class": "observed_public_geometry"}}, {"type": "Feature", "id": "osm-substation-1131112094", "geometry": {"type": "Point", "coordinates": [27.9847914, -26.2163466]}, "properties": {"osm_id": 1131112094, "power": "substation", "name": null, "voltage": "88000", "operator": null, "source": "OpenStreetMap via Overpass API", "evidence_class": "observed_public_geometry"}}, {"type": "Feature", "id": "osm-substation-1131122524", "geometry": {"type": "Point", "coordinates": [28.0258642, -26.2187593]}, "properties": {"osm_id": 1131122524, "power": "substation", "name": "Robinson", "voltage": "88000", "operator": null, "source": "OpenStreetMap via Overpass API", "evidence_class": "observed_public_geometry"}}, {"type": "Feature", "id": "osm-substation-1131163826", "geometry": {"type": "Point", "coordinates": [27.9119644, -26.1881519]}, "properties": {"osm_id": 1131163826, "power": "substation", "name": null, "voltage": "88000", "operator": null, "source": "OpenStreetMap via Overpass API", "evidence_class": "observed_public_geometry"}}, {"type": "Feature", "id": "osm-substation-1132396547", "geometry": {"type": "Point", "coordinates": [28.1207194, -26.0190895]}, "properties": {"osm_id": 1132396547, "power": "substation", "name": null, "voltage": "88000", "operator": null, "source": "OpenStreetMap via Overpass API", "evidence_class": "observed_public_geometry"}}, {"type": "Feature", "id": "osm-substation-1132408344", "geometry": {"type": "Point", "coordinates": [28.4292027, -26.3019859]}, "properties": {"osm_id": 1132408344, "power": "substation", "name": null, "voltage": "132000", "operator": null, "source": "OpenStreetMap via Overpass API", "evidence_class": "observed_public_geometry"}}, {"type": "Feature", "id": "osm-substation-1132418919", "geometry": {"type": "Point", "coordinates": [28.5021068, -26.3540162]}, "properties": {"osm_id": 1132418919, "power": "substation", "name": null, "voltage": "132000", "operator": null, "source": "OpenStreetMap via Overpass API", "evidence_class": "observed_public_geometry"}}, {"type": "Feature", "id": "osm-substation-1132497310", "geometry": {"type": "Point", "coordinates": [28.4502697, -26.3934897]}, "properties": {"osm_id": 1132497310, "power": "substation", "name": null, "voltage": null, "operator": null, "source": "OpenStreetMap via Overpass API", "evidence_class": "observed_public_geometry"}}, {"type": "Feature", "id": "osm-substation-1134785773", "geometry": {"type": "Point", "coordinates": [28.4341649, -26.2650228]}, "properties": {"osm_id": 1134785773, "power": "substation", "name": null, "voltage": "132000", "operator": null, "source": "OpenStreetMap via Overpass API", "evidence_class": "observed_public_geometry"}}, {"type": "Feature", "id": "osm-substation-1136008870", "geometry": {"type": "Point", "coordinates": [28.2397312, -25.9936464]}, "properties": {"osm_id": 1136008870, "power": "substation", "name": null, "voltage": null, "operator": null, "source": "OpenStreetMap via Overpass API", "evidence_class": "observed_public_geometry"}}, {"type": "Feature", "id": "osm-substation-1136008874", "geometry": {"type": "Point", "coordinates": [28.215838, -25.9942422]}, "properties": {"osm_id": 1136008874, "power": "substation", "name": null, "voltage": "88000", "operator": null, "source": "OpenStreetMap via Overpass API", "evidence_class": "observed_public_geometry"}}, {"type": "Feature", "id": "osm-substation-1136119380", "geometry": {"type": "Point", "coordinates": [28.2289557, -25.9277656]}, "properties": {"osm_id": 1136119380, "power": "substation", "name": null, "voltage": null, "operator": null, "source": "OpenStreetMap via Overpass API", "evidence_class": "observed_public_geometry"}}, {"type": "Feature", "id": "osm-substation-1136173741", "geometry": {"type": "Point", "coordinates": [29.3366464, -25.0543239]}, "properties": {"osm_id": 1136173741, "power": "substation", "name": null, "voltage": null, "operator": null, "source": "OpenStreetMap via Overpass API", "evidence_class": "observed_public_geometry"}}, {"type": "Feature", "id": "osm-substation-1136401873", "geometry": {"type": "Point", "coordinates": [29.1138609, -25.104097]}, "properties": {"osm_id": 1136401873, "power": "substation", "name": null, "voltage": "132000", "operator": null, "source": "OpenStreetMap via Overpass API", "evidence_class": "observed_public_geometry"}}, {"type": "Feature", "id": "osm-substation-1137079907", "geometry": {"type": "Point", "coordinates": [28.2110449, -26.2496944]}, "properties": {"osm_id": 1137079907, "power": "substation", "name": "Elsburg Munic Substation", "voltage": "88000", "operator": null, "source": "OpenStreetMap via Overpass API", "evidence_class": "observed_public_geometry"}}, {"type": "Feature", "id": "osm-substation-1137079913", "geometry": {"type": "Point", "coordinates": [28.242513, -26.2441726]}, "properties": {"osm_id": 1137079913, "power": "substation", "name": "South East Vertical Substation", "voltage": "88000", "operator": null, "source": "OpenStreetMap via Overpass API", "evidence_class": "observed_public_geometry"}}, {"type": "Feature", "id": "osm-substation-1137200887", "geometry": {"type": "Point", "coordinates": [28.9706719, -24.1423916]}, "properties": {"osm_id": 1137200887, "power": "substation", "name": null, "voltage": null, "operator": null, "source": "OpenStreetMap via Overpass API", "evidence_class": "observed_public_geometry"}}, {"type": "Feature", "id": "osm-substation-1137247094", "geometry": {"type": "Point", "coordinates": [29.4590541, -26.4616107]}, "properties": {"osm_id": 1137247094, "power": "substation", "name": null, "voltage": null, "operator": null, "source": "OpenStreetMap via Overpass API", "evidence_class": "observed_public_geometry"}}, {"type": "Feature", "id": "osm-substation-1137298440", "geometry": {"type": "Point", "coordinates": [28.2939755, -26.3548392]}, "properties": {"osm_id": 1137298440, "power": "substation", "name": null, "voltage": "88000", "operator": null, "source": "OpenStreetMap via Overpass API", "evidence_class": "observed_public_geometry"}}, {"type": "Feature", "id": "osm-substation-1137318244", "geometry": {"type": "Point", "coordinates": [28.148117, -26.3228049]}, "properties": {"osm_id": 1137318244, "power": "substation", "name": null, "voltage": "88000", "operator": null, "source": "OpenStreetMap via Overpass API", "evidence_class": "observed_public_geometry"}}, {"type": "Feature", "id": "osm-substation-1139256076", "geometry": {"type": "Point", "coordinates": [28.3303635, -25.7147262]}, "properties": {"osm_id": 1139256076, "power": "substation", "name": "Switch Yard", "voltage": "132000", "operator": "City of Tshwane", "source": "OpenStreetMap via Overpass API", "evidence_class": "observed_public_geometry"}}, {"type": "Feature", "id": "osm-substation-1139277736", "geometry": {"type": "Point", "coordinates": [28.5391738, -25.9247366]}, "properties": {"osm_id": 1139277736, "power": "substation", "name": null, "voltage": null, "operator": null, "source": "OpenStreetMap via Overpass API", "evidence_class": "observed_public_geometry"}}, {"type": "Feature", "id": "osm-substation-1139412397", "geometry": {"type": "Point", "coordinates": [27.8648215, -26.7056236]}, "properties": {"osm_id": 1139412397, "power": "substation", "name": null, "voltage": "88000", "operator": null, "source": "OpenStreetMap via Overpass API", "evidence_class": "observed_public_geometry"}}, {"type": "Feature", "id": "osm-substation-1139412400", "geometry": {"type": "Point", "coordinates": [27.8532451, -26.6588149]}, "properties": {"osm_id": 1139412400, "power": "substation", "name": null, "voltage": null, "operator": null, "source": "OpenStreetMap via Overpass API", "evidence_class": "observed_public_geometry"}}, {"type": "Feature", "id": "osm-substation-1139492077", "geometry": {"type": "Point", "coordinates": [27.9529708, -26.4522869]}, "properties": {"osm_id": 1139492077, "power": "substation", "name": null, "voltage": "88000", "operator": null, "source": "OpenStreetMap via Overpass API", "evidence_class": "observed_public_geometry"}}, {"type": "Feature", "id": "osm-substation-1140246881", "geometry": {"type": "Point", "coordinates": [25.6889406, -21.5078317]}, "properties": {"osm_id": 1140246881, "power": "substation", "name": null, "voltage": null, "operator": null, "source": "OpenStreetMap via Overpass API", "evidence_class": "observed_public_geometry"}}, {"type": "Feature", "id": "osm-substation-1140246887", "geometry": {"type": "Point", "coordinates": [25.4188647, -21.3152652]}, "properties": {"osm_id": 1140246887, "power": "substation", "name": null, "voltage": null, "operator": null, "source": "OpenStreetMap via Overpass API", "evidence_class": "observed_public_geometry"}}, {"type": "Feature", "id": "osm-substation-1141049755", "geometry": {"type": "Point", "coordinates": [29.0181045, -24.1634318]}, "properties": {"osm_id": 1141049755, "power": "substation", "name": null, "voltage": null, "operator": null, "source": "OpenStreetMap via Overpass API", "evidence_class": "observed_public_geometry"}}, {"type": "Feature", "id": "osm-substation-1141049822", "geometry": {"type": "Point", "coordinates": [28.9972205, -24.212524]}, "properties": {"osm_id": 1141049822, "power": "substation", "name": null, "voltage": null, "operator": null, "source": "OpenStreetMap via Overpass API", "evidence_class": "observed_public_geometry"}}, {"type": "Feature", "id": "osm-substation-1141067042", "geometry": {"type": "Point", "coordinates": [28.4161396, -24.6905228]}, "properties": {"osm_id": 1141067042, "power": "substation", "name": null, "voltage": null, "operator": null, "source": "OpenStreetMap via Overpass API", "evidence_class": "observed_public_geometry"}}, {"type": "Feature", "id": "osm-substation-1144662073", "geometry": {"type": "Point", "coordinates": [27.9860719, -21.5691127]}, "properties": {"osm_id": 1144662073, "power": "substation", "name": null, "voltage": "66000", "operator": null, "source": "OpenStreetMap via Overpass API", "evidence_class": "observed_public_geometry"}}, {"type": "Feature", "id": "osm-substation-1144813368", "geometry": {"type": "Point", "coordinates": [25.6134261, -26.0245829]}, "properties": {"osm_id": 1144813368, "power": "substation", "name": null, "voltage": "88000", "operator": null, "source": "OpenStreetMap via Overpass API", "evidence_class": "observed_public_geometry"}}, {"type": "Feature", "id": "osm-substation-1145587711", "geometry": {"type": "Point", "coordinates": [25.6524457, -25.8536966]}, "properties": {"osm_id": 1145587711, "power": "substation", "name": null, "voltage": "88000", "operator": null, "source": "OpenStreetMap via Overpass API", "evidence_class": "observed_public_geometry"}}, {"type": "Feature", "id": "osm-substation-1146812331", "geometry": {"type": "Point", "coordinates": [29.2976058, -25.086259]}, "properties": {"osm_id": 1146812331, "power": "substation", "name": "Silimela Substation", "voltage": "400000", "operator": "National Transmission Company of South Africa SOC Ltd", "source": "OpenStreetMap via Overpass API", "evidence_class": "observed_public_geometry"}}, {"type": "Feature", "id": "osm-substation-1147739610", "geometry": {"type": "Point", "coordinates": [21.3969882, -18.0183897]}, "properties": {"osm_id": 1147739610, "power": "substation", "name": null, "voltage": "33000", "operator": null, "source": "OpenStreetMap via Overpass API", "evidence_class": "observed_public_geometry"}}, {"type": "Feature", "id": "osm-substation-1147837926", "geometry": {"type": "Point", "coordinates": [25.5754084, -21.3059348]}, "properties": {"osm_id": 1147837926, "power": "substation", "name": null, "voltage": "400000;220000;132000", "operator": null, "source": "OpenStreetMap via Overpass API", "evidence_class": "observed_public_geometry"}}, {"type": "Feature", "id": "osm-substation-1148035313", "geometry": {"type": "Point", "coordinates": [28.0367955, -26.1487537]}, "properties": {"osm_id": 1148035313, "power": "substation", "name": "Rosebank Substation", "voltage": null, "operator": "City Power", "source": "OpenStreetMap via Overpass API", "evidence_class": "observed_public_geometry"}}, {"type": "Feature", "id": "osm-substation-1148067529", "geometry": {"type": "Point", "coordinates": [29.4760048, -24.3154319]}, "properties": {"osm_id": 1148067529, "power": "substation", "name": null, "voltage": "132000", "operator": null, "source": "OpenStreetMap via Overpass API", "evidence_class": "observed_public_geometry"}}, {"type": "Feature", "id": "osm-substation-1149983805", "geometry": {"type": "Point", "coordinates": [29.4446666, -26.0885442]}, "properties": {"osm_id": 1149983805, "power": "substation", "name": null, "voltage": null, "operator": null, "source": "OpenStreetMap via Overpass API", "evidence_class": "observed_public_geometry"}}, {"type": "Feature", "id": "osm-substation-1151581453", "geometry": {"type": "Point", "coordinates": [27.7310772, -26.9427239]}, "properties": {"osm_id": 1151581453, "power": "substation", "name": "Mooikraal", "voltage": "88000", "operator": null, "source": "OpenStreetMap via Overpass API", "evidence_class": "observed_public_geometry"}}, {"type": "Feature", "id": "osm-substation-1151935638", "geometry": {"type": "Point", "coordinates": [27.7351297, -24.7745089]}, "properties": {"osm_id": 1151935638, "power": "substation", "name": null, "voltage": null, "operator": null, "source": "OpenStreetMap via Overpass API", "evidence_class": "observed_public_geometry"}}, {"type": "Feature", "id": "osm-substation-1152742428", "geometry": {"type": "Point", "coordinates": [28.8128837, -25.4316642]}, "properties": {"osm_id": 1152742428, "power": "substation", "name": null, "voltage": "132000", "operator": null, "source": "OpenStreetMap via Overpass API", "evidence_class": "observed_public_geometry"}}, {"type": "Feature", "id": "osm-substation-1152751653", "geometry": {"type": "Point", "coordinates": [28.6141779, -25.4653064]}, "properties": {"osm_id": 1152751653, "power": "substation", "name": "Big Tree Substation", "voltage": "132000;22000", "operator": "Eskom", "source": "OpenStreetMap via Overpass API", "evidence_class": "observed_public_geometry"}}, {"type": "Feature", "id": "osm-substation-1154113210", "geometry": {"type": "Point", "coordinates": [29.2144148, -25.8879108]}, "properties": {"osm_id": 1154113210, "power": "substation", "name": null, "voltage": "132000", "operator": null, "source": "OpenStreetMap via Overpass API", "evidence_class": "observed_public_geometry"}}, {"type": "Feature", "id": "osm-substation-1154187627", "geometry": {"type": "Point", "coordinates": [29.2073561, -25.9588287]}, "properties": {"osm_id": 1154187627, "power": "substation", "name": null, "voltage": null, "operator": null, "source": "OpenStreetMap via Overpass API", "evidence_class": "observed_public_geometry"}}, {"type": "Feature", "id": "osm-substation-1154218640", "geometry": {"type": "Point", "coordinates": [28.8452768, -25.9637021]}, "properties": {"osm_id": 1154218640, "power": "substation", "name": null, "voltage": "88000", "operator": null, "source": "OpenStreetMap via Overpass API", "evidence_class": "observed_public_geometry"}}, {"type": "Feature", "id": "osm-substation-1154433700", "geometry": {"type": "Point", "coordinates": [27.8006138, -26.7695705]}, "properties": {"osm_id": 1154433700, "power": "substation", "name": null, "voltage": null, "operator": null, "source": "OpenStreetMap via Overpass API", "evidence_class": "observed_public_geometry"}}, {"type": "Feature", "id": "osm-substation-1155715859", "geometry": {"type": "Point", "coordinates": [27.8418422, -25.9978807]}, "properties": {"osm_id": 1155715859, "power": "substation", "name": null, "voltage": "88000", "operator": null, "source": "OpenStreetMap via Overpass API", "evidence_class": "observed_public_geometry"}}, {"type": "Feature", "id": "osm-substation-1155870577", "geometry": {"type": "Point", "coordinates": [27.8640046, -26.0561986]}, "properties": {"osm_id": 1155870577, "power": "substation", "name": null, "voltage": "88000", "operator": null, "source": "OpenStreetMap via Overpass API", "evidence_class": "observed_public_geometry"}}, {"type": "Feature", "id": "osm-substation-1155900144", "geometry": {"type": "Point", "coordinates": [28.2784287, -25.7078624]}, "properties": {"osm_id": 1155900144, "power": "substation", "name": null, "voltage": null, "operator": null, "source": "OpenStreetMap via Overpass API", "evidence_class": "observed_public_geometry"}}, {"type": "Feature", "id": "osm-substation-1155999620", "geometry": {"type": "Point", "coordinates": [27.235034, -25.5503959]}, "properties": {"osm_id": 1155999620, "power": "substation", "name": null, "voltage": null, "operator": null, "source": "OpenStreetMap via Overpass API", "evidence_class": "observed_public_geometry"}}, {"type": "Feature", "id": "osm-substation-1158003380", "geometry": {"type": "Point", "coordinates": [27.6631007, -26.2106052]}, "properties": {"osm_id": 1158003380, "power": "substation", "name": null, "voltage": "88000", "operator": null, "source": "OpenStreetMap via Overpass API", "evidence_class": "observed_public_geometry"}}, {"type": "Feature", "id": "osm-substation-1158020170", "geometry": {"type": "Point", "coordinates": [27.8848072, -26.6314998]}, "properties": {"osm_id": 1158020170, "power": "substation", "name": null, "voltage": "88000", "operator": null, "source": "OpenStreetMap via Overpass API", "evidence_class": "observed_public_geometry"}}, {"type": "Feature", "id": "osm-substation-1158943986", "geometry": {"type": "Point", "coordinates": [26.9597847, -18.6586906]}, "properties": {"osm_id": 1158943986, "power": "substation", "name": null, "voltage": null, "operator": null, "source": "OpenStreetMap via Overpass API", "evidence_class": "observed_public_geometry"}}, {"type": "Feature", "id": "osm-substation-1159113084", "geometry": {"type": "Point", "coordinates": [26.4927498, -18.3905044]}, "properties": {"osm_id": 1159113084, "power": "substation", "name": "Hwange B", "voltage": "400000;330000", "operator": null, "source": "OpenStreetMap via Overpass API", "evidence_class": "observed_public_geometry"}}, {"type": "Feature", "id": "osm-substation-1159140451", "geometry": {"type": "Point", "coordinates": [25.8630848, -17.8643048]}, "properties": {"osm_id": 1159140451, "power": "substation", "name": "Livingstone South Substation", "voltage": "88000", "operator": "ZESCO", "source": "OpenStreetMap via Overpass API", "evidence_class": "observed_public_geometry"}}, {"type": "Feature", "id": "osm-substation-1160911152", "geometry": {"type": "Point", "coordinates": [29.0007486, -26.1240956]}, "properties": {"osm_id": 1160911152, "power": "substation", "name": "Khutala", "voltage": null, "operator": null, "source": "OpenStreetMap via Overpass API", "evidence_class": "observed_public_geometry"}}, {"type": "Feature", "id": "osm-substation-1160913690", "geometry": {"type": "Point", "coordinates": [29.1668467, -26.1034751]}, "properties": {"osm_id": 1160913690, "power": "substation", "name": null, "voltage": "88000", "operator": null, "source": "OpenStreetMap via Overpass API", "evidence_class": "observed_public_geometry"}}, {"type": "Feature", "id": "osm-substation-1160913692", "geometry": {"type": "Point", "coordinates": [29.1837142, -26.0932875]}, "properties": {"osm_id": 1160913692, "power": "substation", "name": "ATCOM", "voltage": "88000", "operator": null, "source": "OpenStreetMap via Overpass API", "evidence_class": "observed_public_geometry"}}, {"type": "Feature", "id": "osm-substation-1162496376", "geometry": {"type": "Point", "coordinates": [27.8999056, -26.1902007]}, "properties": {"osm_id": 1162496376, "power": "substation", "name": "Fleurhof Substation", "voltage": "88000", "operator": "City Power", "source": "OpenStreetMap via Overpass API", "evidence_class": "observed_public_geometry"}}, {"type": "Feature", "id": "osm-substation-1162860672", "geometry": {"type": "Point", "coordinates": [29.319525, -26.1402213]}, "properties": {"osm_id": 1162860672, "power": "substation", "name": null, "voltage": null, "operator": null, "source": "OpenStreetMap via Overpass API", "evidence_class": "observed_public_geometry"}}, {"type": "Feature", "id": "osm-substation-1162972399", "geometry": {"type": "Point", "coordinates": [29.1482129, -26.5646286]}, "properties": {"osm_id": 1162972399, "power": "substation", "name": null, "voltage": "132000", "operator": null, "source": "OpenStreetMap via Overpass API", "evidence_class": "observed_public_geometry"}}, {"type": "Feature", "id": "osm-substation-1162972404", "geometry": {"type": "Point", "coordinates": [29.0592485, -26.606896]}, "properties": {"osm_id": 1162972404, "power": "substation", "name": null, "voltage": "132000", "operator": null, "source": "OpenStreetMap via Overpass API", "evidence_class": "observed_public_geometry"}}, {"type": "Feature", "id": "osm-substation-1162972409", "geometry": {"type": "Point", "coordinates": [29.1439289, -26.5887036]}, "properties": {"osm_id": 1162972409, "power": "substation", "name": null, "voltage": "132000", "operator": null, "source": "OpenStreetMap via Overpass API", "evidence_class": "observed_public_geometry"}}, {"type": "Feature", "id": "osm-substation-1162976326", "geometry": {"type": "Point", "coordinates": [29.2154045, -26.494672]}, "properties": {"osm_id": 1162976326, "power": "substation", "name": null, "voltage": null, "operator": null, "source": "OpenStreetMap via Overpass API", "evidence_class": "observed_public_geometry"}}, {"type": "Feature", "id": "osm-substation-1162976327", "geometry": {"type": "Point", "coordinates": [29.2156522, -26.4954761]}, "properties": {"osm_id": 1162976327, "power": "substation", "name": null, "voltage": null, "operator": null, "source": "OpenStreetMap via Overpass API", "evidence_class": "observed_public_geometry"}}, {"type": "Feature", "id": "osm-substation-1162980712", "geometry": {"type": "Point", "coordinates": [29.2852516, -26.4907246]}, "properties": {"osm_id": 1162980712, "power": "substation", "name": null, "voltage": null, "operator": null, "source": "OpenStreetMap via Overpass API", "evidence_class": "observed_public_geometry"}}, {"type": "Feature", "id": "osm-substation-1162983027", "geometry": {"type": "Point", "coordinates": [29.2308319, -26.3987431]}, "properties": {"osm_id": 1162983027, "power": "substation", "name": null, "voltage": "132000", "operator": null, "source": "OpenStreetMap via Overpass API", "evidence_class": "observed_public_geometry"}}, {"type": "Feature", "id": "osm-substation-1163011726", "geometry": {"type": "Point", "coordinates": [29.2338759, -26.3975608]}, "properties": {"osm_id": 1163011726, "power": "substation", "name": null, "voltage": null, "operator": null, "source": "OpenStreetMap via Overpass API", "evidence_class": "observed_public_geometry"}}, {"type": "Feature", "id": "osm-substation-1163015709", "geometry": {"type": "Point", "coordinates": [29.2236671, -26.3938711]}, "properties": {"osm_id": 1163015709, "power": "substation", "name": null, "voltage": "132000", "operator": null, "source": "OpenStreetMap via Overpass API", "evidence_class": "observed_public_geometry"}}, {"type": "Feature", "id": "osm-substation-1163015712", "geometry": {"type": "Point", "coordinates": [29.2105869, -26.3907792]}, "properties": {"osm_id": 1163015712, "power": "substation", "name": null, "voltage": "132000", "operator": null, "source": "OpenStreetMap via Overpass API", "evidence_class": "observed_public_geometry"}}, {"type": "Feature", "id": "osm-substation-1163026490", "geometry": {"type": "Point", "coordinates": [29.1306661, -26.2766654]}, "properties": {"osm_id": 1163026490, "power": "substation", "name": null, "voltage": null, "operator": null, "source": "OpenStreetMap via Overpass API", "evidence_class": "observed_public_geometry"}}, {"type": "Feature", "id": "osm-substation-1163083362", "geometry": {"type": "Point", "coordinates": [29.1622552, -26.2466589]}, "properties": {"osm_id": 1163083362, "power": "substation", "name": null, "voltage": "132000", "operator": null, "source": "OpenStreetMap via Overpass API", "evidence_class": "observed_public_geometry"}}, {"type": "Feature", "id": "osm-substation-1165036116", "geometry": {"type": "Point", "coordinates": [29.3886126, -24.0635397]}, "properties": {"osm_id": 1165036116, "power": "substation", "name": null, "voltage": null, "operator": null, "source": "OpenStreetMap via Overpass API", "evidence_class": "observed_public_geometry"}}, {"type": "Feature", "id": "osm-substation-1165225823", "geometry": {"type": "Point", "coordinates": [29.496164, -24.3669761]}, "properties": {"osm_id": 1165225823, "power": "substation", "name": null, "voltage": "132000", "operator": null, "source": "OpenStreetMap via Overpass API", "evidence_class": "observed_public_geometry"}}, {"type": "Feature", "id": "osm-substation-1165458703", "geometry": {"type": "Point", "coordinates": [29.409369, -24.0252847]}, "properties": {"osm_id": 1165458703, "power": "substation", "name": null, "voltage": null, "operator": null, "source": "OpenStreetMap via Overpass API", "evidence_class": "observed_public_geometry"}}, {"type": "Feature", "id": "osm-substation-1165462285", "geometry": {"type": "Point", "coordinates": [29.4480984, -23.9568813]}, "properties": {"osm_id": 1165462285, "power": "substation", "name": null, "voltage": null, "operator": null, "source": "OpenStreetMap via Overpass API", "evidence_class": "observed_public_geometry"}}, {"type": "Feature", "id": "osm-substation-1165649973", "geometry": {"type": "Point", "coordinates": [28.8173745, -25.3911346]}, "properties": {"osm_id": 1165649973, "power": "substation", "name": null, "voltage": null, "operator": null, "source": "OpenStreetMap via Overpass API", "evidence_class": "observed_public_geometry"}}, {"type": "Feature", "id": "osm-substation-1165653037", "geometry": {"type": "Point", "coordinates": [28.9530174, -25.3052762]}, "properties": {"osm_id": 1165653037, "power": "substation", "name": null, "voltage": "132000", "operator": null, "source": "OpenStreetMap via Overpass API", "evidence_class": "observed_public_geometry"}}, {"type": "Feature", "id": "osm-substation-1167600309", "geometry": {"type": "Point", "coordinates": [25.571036, -17.7593114]}, "properties": {"osm_id": 1167600309, "power": "substation", "name": null, "voltage": "66000", "operator": null, "source": "OpenStreetMap via Overpass API", "evidence_class": "observed_public_geometry"}}, {"type": "Feature", "id": "osm-substation-1167608091", "geometry": {"type": "Point", "coordinates": [24.7312109, -24.5911573]}, "properties": {"osm_id": 1167608091, "power": "substation", "name": null, "voltage": "132000", "operator": null, "source": "OpenStreetMap via Overpass API", "evidence_class": "observed_public_geometry"}}, {"type": "Feature", "id": "osm-substation-1167704173", "geometry": {"type": "Point", "coordinates": [27.1104991, -22.6437757]}, "properties": {"osm_id": 1167704173, "power": "substation", "name": null, "voltage": "132000", "operator": null, "source": "OpenStreetMap via Overpass API", "evidence_class": "observed_public_geometry"}}, {"type": "Feature", "id": "osm-substation-1167704174", "geometry": {"type": "Point", "coordinates": [27.4388582, -22.7855325]}, "properties": {"osm_id": 1167704174, "power": "substation", "name": null, "voltage": "66000", "operator": null, "source": "OpenStreetMap via Overpass API", "evidence_class": "observed_public_geometry"}}, {"type": "Feature", "id": "osm-substation-1167704175", "geometry": {"type": "Point", "coordinates": [27.8887989, -22.9321022]}, "properties": {"osm_id": 1167704175, "power": "substation", "name": "Sherwood", "voltage": "66000", "operator": null, "source": "OpenStreetMap via Overpass API", "evidence_class": "observed_public_geometry"}}, {"type": "Feature", "id": "osm-substation-1167704195", "geometry": {"type": "Point", "coordinates": [27.9323216, -22.9957362]}, "properties": {"osm_id": 1167704195, "power": "substation", "name": null, "voltage": "66000", "operator": null, "source": "OpenStreetMap via Overpass API", "evidence_class": "observed_public_geometry"}}, {"type": "Feature", "id": "osm-substation-1173051558", "geometry": {"type": "Point", "coordinates": [26.1166698, -25.7349579]}, "properties": {"osm_id": 1173051558, "power": "substation", "name": "Marico Fluorspar", "voltage": "88000", "operator": null, "source": "OpenStreetMap via Overpass API", "evidence_class": "observed_public_geometry"}}, {"type": "Feature", "id": "osm-substation-1173072389", "geometry": {"type": "Point", "coordinates": [26.6624101, -25.5947717]}, "properties": {"osm_id": 1173072389, "power": "substation", "name": null, "voltage": null, "operator": null, "source": "OpenStreetMap via Overpass API", "evidence_class": "observed_public_geometry"}}, {"type": "Feature", "id": "osm-substation-1173675074", "geometry": {"type": "Point", "coordinates": [29.0514405, -25.1701155]}, "properties": {"osm_id": 1173675074, "power": "substation", "name": null, "voltage": null, "operator": null, "source": "OpenStreetMap via Overpass API", "evidence_class": "observed_public_geometry"}}, {"type": "Feature", "id": "osm-substation-1174250519", "geometry": {"type": "Point", "coordinates": [25.7650044, -25.3304343]}, "properties": {"osm_id": 1174250519, "power": "substation", "name": "Gopani Mine", "voltage": "88000;22000", "operator": null, "source": "OpenStreetMap via Overpass API", "evidence_class": "observed_public_geometry"}}, {"type": "Feature", "id": "osm-substation-1174286572", "geometry": {"type": "Point", "coordinates": [26.0867772, -25.5537953]}, "properties": {"osm_id": 1174286572, "power": "substation", "name": "Zeerust Municipal", "voltage": "88000;22000;11000", "operator": null, "source": "OpenStreetMap via Overpass API", "evidence_class": "observed_public_geometry"}}, {"type": "Feature", "id": "osm-substation-1174289006", "geometry": {"type": "Point", "coordinates": [25.9973977, -25.4534142]}, "properties": {"osm_id": 1174289006, "power": "substation", "name": "Lehurutshe Bulk", "voltage": "88000", "operator": null, "source": "OpenStreetMap via Overpass API", "evidence_class": "observed_public_geometry"}}, {"type": "Feature", "id": "osm-substation-1174289007", "geometry": {"type": "Point", "coordinates": [25.9789987, -25.477961]}, "properties": {"osm_id": 1174289007, "power": "substation", "name": "Lerato", "voltage": "88000;11000", "operator": null, "source": "OpenStreetMap via Overpass API", "evidence_class": "observed_public_geometry"}}, {"type": "Feature", "id": "osm-substation-1174307675", "geometry": {"type": "Point", "coordinates": [25.5724196, -25.8506796]}, "properties": {"osm_id": 1174307675, "power": "substation", "name": null, "voltage": "88000", "operator": null, "source": "OpenStreetMap via Overpass API", "evidence_class": "observed_public_geometry"}}, {"type": "Feature", "id": "osm-substation-1174441784", "geometry": {"type": "Point", "coordinates": [26.2217535, -25.008444]}, "properties": {"osm_id": 1174441784, "power": "substation", "name": "Zeerust Chrome", "voltage": "88000", "operator": null, "source": "OpenStreetMap via Overpass API", "evidence_class": "observed_public_geometry"}}, {"type": "Feature", "id": "osm-substation-1174442637", "geometry": {"type": "Point", "coordinates": [26.2543133, -25.0981887]}, "properties": {"osm_id": 1174442637, "power": "substation", "name": "Marico Chrome", "voltage": "88000", "operator": null, "source": "OpenStreetMap via Overpass API", "evidence_class": "observed_public_geometry"}}, {"type": "Feature", "id": "osm-substation-1174768455", "geometry": {"type": "Point", "coordinates": [28.9664554, -26.0865928]}, "properties": {"osm_id": 1174768455, "power": "substation", "name": "GAs Trubines", "voltage": "132000", "operator": null, "source": "OpenStreetMap via Overpass API", "evidence_class": "observed_public_geometry"}}, {"type": "Feature", "id": "osm-substation-1181150462", "geometry": {"type": "Point", "coordinates": [25.8780421, -24.0532709]}, "properties": {"osm_id": 1181150462, "power": "substation", "name": "Masama", "voltage": "33000", "operator": null, "source": "OpenStreetMap via Overpass API", "evidence_class": "observed_public_geometry"}}, {"type": "Feature", "id": "osm-substation-1182584936", "geometry": {"type": "Point", "coordinates": [26.2238791, -26.1610649]}, "properties": {"osm_id": 1182584936, "power": "substation", "name": "Henwill Chickens", "voltage": null, "operator": null, "source": "OpenStreetMap via Overpass API", "evidence_class": "observed_public_geometry"}}, {"type": "Feature", "id": "osm-substation-1189319057", "geometry": {"type": "Point", "coordinates": [27.9909494, -26.7324277]}, "properties": {"osm_id": 1189319057, "power": "substation", "name": null, "voltage": null, "operator": null, "source": "OpenStreetMap via Overpass API", "evidence_class": "observed_public_geometry"}}, {"type": "Feature", "id": "osm-substation-1189319058", "geometry": {"type": "Point", "coordinates": [27.9906349, -26.7317236]}, "properties": {"osm_id": 1189319058, "power": "substation", "name": null, "voltage": null, "operator": null, "source": "OpenStreetMap via Overpass API", "evidence_class": "observed_public_geometry"}}, {"type": "Feature", "id": "osm-substation-1205568023", "geometry": {"type": "Point", "coordinates": [28.5822987, -25.2580559]}, "properties": {"osm_id": 1205568023, "power": "substation", "name": "VMC", "voltage": null, "operator": null, "source": "OpenStreetMap via Overpass API", "evidence_class": "observed_public_geometry"}}, {"type": "Feature", "id": "osm-substation-1209432470", "geometry": {"type": "Point", "coordinates": [28.2661564, -26.008277]}, "properties": {"osm_id": 1209432470, "power": "substation", "name": null, "voltage": null, "operator": null, "source": "OpenStreetMap via Overpass API", "evidence_class": "observed_public_geometry"}}, {"type": "Feature", "id": "osm-substation-1212010801", "geometry": {"type": "Point", "coordinates": [28.1606338, -25.756836]}, "properties": {"osm_id": 1212010801, "power": "substation", "name": null, "voltage": null, "operator": null, "source": "OpenStreetMap via Overpass API", "evidence_class": "observed_public_geometry"}}, {"type": "Feature", "id": "osm-substation-1212012044", "geometry": {"type": "Point", "coordinates": [28.1679154, -25.7263478]}, "properties": {"osm_id": 1212012044, "power": "substation", "name": null, "voltage": null, "operator": null, "source": "OpenStreetMap via Overpass API", "evidence_class": "observed_public_geometry"}}, {"type": "Feature", "id": "osm-substation-1212182212", "geometry": {"type": "Point", "coordinates": [28.512935, -25.6654087]}, "properties": {"osm_id": 1212182212, "power": "substation", "name": null, "voltage": null, "operator": null, "source": "OpenStreetMap via Overpass API", "evidence_class": "observed_public_geometry"}}, {"type": "Feature", "id": "osm-substation-1214967031", "geometry": {"type": "Point", "coordinates": [29.0481194, -26.17333]}, "properties": {"osm_id": 1214967031, "power": "substation", "name": null, "voltage": null, "operator": null, "source": "OpenStreetMap via Overpass API", "evidence_class": "observed_public_geometry"}}, {"type": "Feature", "id": "osm-substation-1215787072", "geometry": {"type": "Point", "coordinates": [27.9727416, -26.7403797]}, "properties": {"osm_id": 1215787072, "power": "substation", "name": null, "voltage": null, "operator": null, "source": "OpenStreetMap via Overpass API", "evidence_class": "observed_public_geometry"}}, {"type": "Feature", "id": "osm-substation-1217489084", "geometry": {"type": "Point", "coordinates": [28.0925088, -26.2561678]}, "properties": {"osm_id": 1217489084, "power": "substation", "name": null, "voltage": null, "operator": null, "source": "OpenStreetMap via Overpass API", "evidence_class": "observed_public_geometry"}}, {"type": "Feature", "id": "osm-substation-1218439285", "geometry": {"type": "Point", "coordinates": [28.6023343, -20.106688]}, "properties": {"osm_id": 1218439285, "power": "substation", "name": null, "voltage": null, "operator": null, "source": "OpenStreetMap via Overpass API", "evidence_class": "observed_public_geometry"}}, {"type": "Feature", "id": "osm-substation-1228773534", "geometry": {"type": "Point", "coordinates": [27.8417075, -26.3254267]}, "properties": {"osm_id": 1228773534, "power": "substation", "name": null, "voltage": null, "operator": null, "source": "OpenStreetMap via Overpass API", "evidence_class": "observed_public_geometry"}}, {"type": "Feature", "id": "osm-substation-1230054903", "geometry": {"type": "Point", "coordinates": [28.7066599, -22.1808508]}, "properties": {"osm_id": 1230054903, "power": "substation", "name": null, "voltage": null, "operator": null, "source": "OpenStreetMap via Overpass API", "evidence_class": "observed_public_geometry"}}, {"type": "Feature", "id": "osm-substation-1230592542", "geometry": {"type": "Point", "coordinates": [28.1445001, -25.920178]}, "properties": {"osm_id": 1230592542, "power": "substation", "name": null, "voltage": null, "operator": null, "source": "OpenStreetMap via Overpass API", "evidence_class": "observed_public_geometry"}}, {"type": "Feature", "id": "osm-substation-1230592543", "geometry": {"type": "Point", "coordinates": [28.1457001, -25.9200814]}, "properties": {"osm_id": 1230592543, "power": "substation", "name": null, "voltage": null, "operator": null, "source": "OpenStreetMap via Overpass API", "evidence_class": "observed_public_geometry"}}, {"type": "Feature", "id": "osm-substation-1235799728", "geometry": {"type": "Point", "coordinates": [28.8819011, -23.9636047]}, "properties": {"osm_id": 1235799728, "power": "substation", "name": null, "voltage": null, "operator": null, "source": "OpenStreetMap via Overpass API", "evidence_class": "observed_public_geometry"}}, {"type": "Feature", "id": "osm-substation-1237368993", "geometry": {"type": "Point", "coordinates": [28.0879815, -26.4281534]}, "properties": {"osm_id": 1237368993, "power": "substation", "name": null, "voltage": null, "operator": null, "source": "OpenStreetMap via Overpass API", "evidence_class": "observed_public_geometry"}}, {"type": "Feature", "id": "osm-substation-1238053797", "geometry": {"type": "Point", "coordinates": [28.3296511, -25.5801722]}, "properties": {"osm_id": 1238053797, "power": "substation", "name": "Dolomite Substation", "voltage": "132000", "operator": null, "source": "OpenStreetMap via Overpass API", "evidence_class": "observed_public_geometry"}}, {"type": "Feature", "id": "osm-substation-1238214028", "geometry": {"type": "Point", "coordinates": [27.8172767, -26.4091628]}, "properties": {"osm_id": 1238214028, "power": "substation", "name": "Hopefield Substation", "voltage": null, "operator": "City Power", "source": "OpenStreetMap via Overpass API", "evidence_class": "observed_public_geometry"}}, {"type": "Feature", "id": "osm-substation-1253681823", "geometry": {"type": "Point", "coordinates": [29.0701541, -23.7290457]}, "properties": {"osm_id": 1253681823, "power": "substation", "name": null, "voltage": null, "operator": null, "source": "OpenStreetMap via Overpass API", "evidence_class": "observed_public_geometry"}}, {"type": "Feature", "id": "osm-substation-1254860849", "geometry": {"type": "Point", "coordinates": [27.2416672, -25.6616348]}, "properties": {"osm_id": 1254860849, "power": "substation", "name": "Grenville Sub", "voltage": null, "operator": null, "source": "OpenStreetMap via Overpass API", "evidence_class": "observed_public_geometry"}}, {"type": "Feature", "id": "osm-substation-1264978377", "geometry": {"type": "Point", "coordinates": [27.2374978, -25.6599802]}, "properties": {"osm_id": 1264978377, "power": "substation", "name": null, "voltage": null, "operator": null, "source": "OpenStreetMap via Overpass API", "evidence_class": "observed_public_geometry"}}, {"type": "Feature", "id": "osm-substation-1265223742", "geometry": {"type": "Point", "coordinates": [27.7844324, -25.6381412]}, "properties": {"osm_id": 1265223742, "power": "substation", "name": null, "voltage": null, "operator": null, "source": "OpenStreetMap via Overpass API", "evidence_class": "observed_public_geometry"}}, {"type": "Feature", "id": "osm-substation-1272605114", "geometry": {"type": "Point", "coordinates": [26.4050388, -18.3285537]}, "properties": {"osm_id": 1272605114, "power": "substation", "name": null, "voltage": null, "operator": null, "source": "OpenStreetMap via Overpass API", "evidence_class": "observed_public_geometry"}}, {"type": "Feature", "id": "osm-substation-1272605115", "geometry": {"type": "Point", "coordinates": [27.0324202, -18.5696141]}, "properties": {"osm_id": 1272605115, "power": "substation", "name": "Cross Mabale", "voltage": null, "operator": null, "source": "OpenStreetMap via Overpass API", "evidence_class": "observed_public_geometry"}}, {"type": "Feature", "id": "osm-substation-1273945614", "geometry": {"type": "Point", "coordinates": [28.3135527, -25.8255773]}, "properties": {"osm_id": 1273945614, "power": "substation", "name": null, "voltage": null, "operator": null, "source": "OpenStreetMap via Overpass API", "evidence_class": "observed_public_geometry"}}, {"type": "Feature", "id": "osm-substation-1275564787", "geometry": {"type": "Point", "coordinates": [28.1742203, -26.0893794]}, "properties": {"osm_id": 1275564787, "power": "substation", "name": null, "voltage": null, "operator": null, "source": "OpenStreetMap via Overpass API", "evidence_class": "observed_public_geometry"}}, {"type": "Feature", "id": "osm-substation-1276768456", "geometry": {"type": "Point", "coordinates": [28.1012625, -25.5632538]}, "properties": {"osm_id": 1276768456, "power": "substation", "name": "New Phoebus Substation", "voltage": "400000;132000", "operator": "Eskom", "source": "OpenStreetMap via Overpass API", "evidence_class": "observed_public_geometry"}}, {"type": "Feature", "id": "osm-substation-1282130298", "geometry": {"type": "Point", "coordinates": [28.2003869, -26.1358685]}, "properties": {"osm_id": 1282130298, "power": "substation", "name": null, "voltage": null, "operator": null, "source": "OpenStreetMap via Overpass API", "evidence_class": "observed_public_geometry"}}, {"type": "Feature", "id": "osm-substation-1282130299", "geometry": {"type": "Point", "coordinates": [28.2033793, -26.1426852]}, "properties": {"osm_id": 1282130299, "power": "substation", "name": null, "voltage": null, "operator": null, "source": "OpenStreetMap via Overpass API", "evidence_class": "observed_public_geometry"}}, {"type": "Feature", "id": "osm-substation-1284232534", "geometry": {"type": "Point", "coordinates": [28.1886619, -26.1162351]}, "properties": {"osm_id": 1284232534, "power": "substation", "name": null, "voltage": null, "operator": null, "source": "OpenStreetMap via Overpass API", "evidence_class": "observed_public_geometry"}}, {"type": "Feature", "id": "osm-substation-1284232535", "geometry": {"type": "Point", "coordinates": [28.1882785, -26.1171653]}, "properties": {"osm_id": 1284232535, "power": "substation", "name": null, "voltage": null, "operator": null, "source": "OpenStreetMap via Overpass API", "evidence_class": "observed_public_geometry"}}, {"type": "Feature", "id": "osm-substation-1284236173", "geometry": {"type": "Point", "coordinates": [27.9345774, -26.2515974]}, "properties": {"osm_id": 1284236173, "power": "substation", "name": null, "voltage": null, "operator": null, "source": "OpenStreetMap via Overpass API", "evidence_class": "observed_public_geometry"}}, {"type": "Feature", "id": "osm-substation-1284402138", "geometry": {"type": "Point", "coordinates": [28.0953204, -26.2242042]}, "properties": {"osm_id": 1284402138, "power": "substation", "name": null, "voltage": null, "operator": null, "source": "OpenStreetMap via Overpass API", "evidence_class": "observed_public_geometry"}}, {"type": "Feature", "id": "osm-substation-1284402139", "geometry": {"type": "Point", "coordinates": [28.0950051, -26.2227716]}, "properties": {"osm_id": 1284402139, "power": "substation", "name": null, "voltage": null, "operator": null, "source": "OpenStreetMap via Overpass API", "evidence_class": "observed_public_geometry"}}, {"type": "Feature", "id": "osm-substation-1284402140", "geometry": {"type": "Point", "coordinates": [28.0945493, -26.2241446]}, "properties": {"osm_id": 1284402140, "power": "substation", "name": null, "voltage": null, "operator": null, "source": "OpenStreetMap via Overpass API", "evidence_class": "observed_public_geometry"}}, {"type": "Feature", "id": "osm-substation-1284402159", "geometry": {"type": "Point", "coordinates": [28.116451, -26.2225022]}, "properties": {"osm_id": 1284402159, "power": "substation", "name": null, "voltage": null, "operator": null, "source": "OpenStreetMap via Overpass API", "evidence_class": "observed_public_geometry"}}, {"type": "Feature", "id": "osm-substation-1284408595", "geometry": {"type": "Point", "coordinates": [28.1169769, -26.2295152]}, "properties": {"osm_id": 1284408595, "power": "substation", "name": null, "voltage": null, "operator": null, "source": "OpenStreetMap via Overpass API", "evidence_class": "observed_public_geometry"}}, {"type": "Feature", "id": "osm-substation-1284412315", "geometry": {"type": "Point", "coordinates": [28.1155678, -26.2078629]}, "properties": {"osm_id": 1284412315, "power": "substation", "name": null, "voltage": null, "operator": null, "source": "OpenStreetMap via Overpass API", "evidence_class": "observed_public_geometry"}}, {"type": "Feature", "id": "osm-substation-1284419696", "geometry": {"type": "Point", "coordinates": [28.0894234, -26.1288312]}, "properties": {"osm_id": 1284419696, "power": "substation", "name": null, "voltage": null, "operator": null, "source": "OpenStreetMap via Overpass API", "evidence_class": "observed_public_geometry"}}, {"type": "Feature", "id": "osm-substation-1284421476", "geometry": {"type": "Point", "coordinates": [28.101021, -26.0865417]}, "properties": {"osm_id": 1284421476, "power": "substation", "name": null, "voltage": null, "operator": null, "source": "OpenStreetMap via Overpass API", "evidence_class": "observed_public_geometry"}}, {"type": "Feature", "id": "osm-substation-1284429703", "geometry": {"type": "Point", "coordinates": [28.384698, -26.1281479]}, "properties": {"osm_id": 1284429703, "power": "substation", "name": null, "voltage": null, "operator": null, "source": "OpenStreetMap via Overpass API", "evidence_class": "observed_public_geometry"}}, {"type": "Feature", "id": "osm-substation-1284431209", "geometry": {"type": "Point", "coordinates": [28.4007203, -26.1444609]}, "properties": {"osm_id": 1284431209, "power": "substation", "name": null, "voltage": null, "operator": null, "source": "OpenStreetMap via Overpass API", "evidence_class": "observed_public_geometry"}}, {"type": "Feature", "id": "osm-substation-1284431210", "geometry": {"type": "Point", "coordinates": [28.4007322, -26.144782]}, "properties": {"osm_id": 1284431210, "power": "substation", "name": null, "voltage": null, "operator": null, "source": "OpenStreetMap via Overpass API", "evidence_class": "observed_public_geometry"}}, {"type": "Feature", "id": "osm-substation-1284789691", "geometry": {"type": "Point", "coordinates": [26.3051806, -26.326849]}, "properties": {"osm_id": 1284789691, "power": "substation", "name": null, "voltage": "132000", "operator": null, "source": "OpenStreetMap via Overpass API", "evidence_class": "observed_public_geometry"}}, {"type": "Feature", "id": "osm-substation-1286345957", "geometry": {"type": "Point", "coordinates": [28.0802699, -26.0652572]}, "properties": {"osm_id": 1286345957, "power": "substation", "name": null, "voltage": null, "operator": null, "source": "OpenStreetMap via Overpass API", "evidence_class": "observed_public_geometry"}}, {"type": "Feature", "id": "osm-substation-1286345958", "geometry": {"type": "Point", "coordinates": [28.0801182, -26.0653413]}, "properties": {"osm_id": 1286345958, "power": "substation", "name": null, "voltage": null, "operator": null, "source": "OpenStreetMap via Overpass API", "evidence_class": "observed_public_geometry"}}, {"type": "Feature", "id": "osm-substation-1287502718", "geometry": {"type": "Point", "coordinates": [25.6524402, -25.8537906]}, "properties": {"osm_id": 1287502718, "power": "substation", "name": null, "voltage": null, "operator": null, "source": "OpenStreetMap via Overpass API", "evidence_class": "observed_public_geometry"}}, {"type": "Feature", "id": "osm-substation-1287502719", "geometry": {"type": "Point", "coordinates": [25.6769313, -25.8459871]}, "properties": {"osm_id": 1287502719, "power": "substation", "name": null, "voltage": null, "operator": null, "source": "OpenStreetMap via Overpass API", "evidence_class": "observed_public_geometry"}}, {"type": "Feature", "id": "osm-substation-1287502720", "geometry": {"type": "Point", "coordinates": [25.6770165, -25.8462888]}, "properties": {"osm_id": 1287502720, "power": "substation", "name": null, "voltage": null, "operator": null, "source": "OpenStreetMap via Overpass API", "evidence_class": "observed_public_geometry"}}, {"type": "Feature", "id": "osm-substation-1287502721", "geometry": {"type": "Point", "coordinates": [26.1441547, -26.0907341]}, "properties": {"osm_id": 1287502721, "power": "substation", "name": null, "voltage": null, "operator": null, "source": "OpenStreetMap via Overpass API", "evidence_class": "observed_public_geometry"}}, {"type": "Feature", "id": "osm-substation-1287502723", "geometry": {"type": "Point", "coordinates": [24.5714723, -26.259434]}, "properties": {"osm_id": 1287502723, "power": "substation", "name": null, "voltage": null, "operator": null, "source": "OpenStreetMap via Overpass API", "evidence_class": "observed_public_geometry"}}, {"type": "Feature", "id": "osm-substation-1287507470", "geometry": {"type": "Point", "coordinates": [28.1884954, -26.1541451]}, "properties": {"osm_id": 1287507470, "power": "substation", "name": "Rietcon Substation", "voltage": "44000", "operator": null, "source": "OpenStreetMap via Overpass API", "evidence_class": "observed_public_geometry"}}, {"type": "Feature", "id": "osm-substation-1287507472", "geometry": {"type": "Point", "coordinates": [28.1883873, -26.1540441]}, "properties": {"osm_id": 1287507472, "power": "substation", "name": null, "voltage": null, "operator": null, "source": "OpenStreetMap via Overpass API", "evidence_class": "observed_public_geometry"}}, {"type": "Feature", "id": "osm-substation-1287507476", "geometry": {"type": "Point", "coordinates": [28.1950069, -26.1404776]}, "properties": {"osm_id": 1287507476, "power": "substation", "name": null, "voltage": null, "operator": null, "source": "OpenStreetMap via Overpass API", "evidence_class": "observed_public_geometry"}}, {"type": "Feature", "id": "osm-substation-1292847248", "geometry": {"type": "Point", "coordinates": [25.4843963, -21.501594]}, "properties": {"osm_id": 1292847248, "power": "substation", "name": null, "voltage": "132000", "operator": null, "source": "OpenStreetMap via Overpass API", "evidence_class": "observed_public_geometry"}}, {"type": "Feature", "id": "osm-substation-1293016833", "geometry": {"type": "Point", "coordinates": [28.009876, -26.0645741]}, "properties": {"osm_id": 1293016833, "power": "substation", "name": null, "voltage": null, "operator": null, "source": "OpenStreetMap via Overpass API", "evidence_class": "observed_public_geometry"}}, {"type": "Feature", "id": "osm-substation-1295383085", "geometry": {"type": "Point", "coordinates": [29.0734707, -25.1445707]}, "properties": {"osm_id": 1295383085, "power": "substation", "name": null, "voltage": null, "operator": null, "source": "OpenStreetMap via Overpass API", "evidence_class": "observed_public_geometry"}}, {"type": "Feature", "id": "osm-substation-1295743727", "geometry": {"type": "Point", "coordinates": [28.2085292, -26.1897547]}, "properties": {"osm_id": 1295743727, "power": "substation", "name": null, "voltage": null, "operator": null, "source": "OpenStreetMap via Overpass API", "evidence_class": "observed_public_geometry"}}, {"type": "Feature", "id": "osm-substation-1296131204", "geometry": {"type": "Point", "coordinates": [28.1890871, -25.8926402]}, "properties": {"osm_id": 1296131204, "power": "substation", "name": "NIVS Substation", "voltage": "132000", "operator": "City of Tshwane", "source": "OpenStreetMap via Overpass API", "evidence_class": "observed_public_geometry"}}, {"type": "Feature", "id": "osm-substation-1296439273", "geometry": {"type": "Point", "coordinates": [28.2697427, -25.7123294]}, "properties": {"osm_id": 1296439273, "power": "substation", "name": null, "voltage": null, "operator": null, "source": "OpenStreetMap via Overpass API", "evidence_class": "observed_public_geometry"}}, {"type": "Feature", "id": "osm-substation-1296439274", "geometry": {"type": "Point", "coordinates": [28.2851105, -25.7189547]}, "properties": {"osm_id": 1296439274, "power": "substation", "name": null, "voltage": null, "operator": null, "source": "OpenStreetMap via Overpass API", "evidence_class": "observed_public_geometry"}}, {"type": "Feature", "id": "osm-substation-1296481350", "geometry": {"type": "Point", "coordinates": [27.7970744, -25.6025384]}, "properties": {"osm_id": 1296481350, "power": "substation", "name": null, "voltage": null, "operator": null, "source": "OpenStreetMap via Overpass API", "evidence_class": "observed_public_geometry"}}, {"type": "Feature", "id": "osm-substation-1296716590", "geometry": {"type": "Point", "coordinates": [28.0414504, -25.5124888]}, "properties": {"osm_id": 1296716590, "power": "substation", "name": null, "voltage": null, "operator": null, "source": "OpenStreetMap via Overpass API", "evidence_class": "observed_public_geometry"}}, {"type": "Feature", "id": "osm-substation-1296716593", "geometry": {"type": "Point", "coordinates": [28.0087644, -25.4892696]}, "properties": {"osm_id": 1296716593, "power": "substation", "name": null, "voltage": null, "operator": null, "source": "OpenStreetMap via Overpass API", "evidence_class": "observed_public_geometry"}}, {"type": "Feature", "id": "osm-substation-1296719502", "geometry": {"type": "Point", "coordinates": [28.0779536, -25.5161261]}, "properties": {"osm_id": 1296719502, "power": "substation", "name": null, "voltage": null, "operator": null, "source": "OpenStreetMap via Overpass API", "evidence_class": "observed_public_geometry"}}, {"type": "Feature", "id": "osm-substation-1296721057", "geometry": {"type": "Point", "coordinates": [28.0507328, -25.5498099]}, "properties": {"osm_id": 1296721057, "power": "substation", "name": null, "voltage": "132000", "operator": "City of Tshwane", "source": "OpenStreetMap via Overpass API", "evidence_class": "observed_public_geometry"}}, {"type": "Feature", "id": "osm-substation-1300296506", "geometry": {"type": "Point", "coordinates": [28.292788, -25.7537171]}, "properties": {"osm_id": 1300296506, "power": "substation", "name": null, "voltage": null, "operator": null, "source": "OpenStreetMap via Overpass API", "evidence_class": "observed_public_geometry"}}, {"type": "Feature", "id": "osm-substation-1300296507", "geometry": {"type": "Point", "coordinates": [28.292701, -25.7535185]}, "properties": {"osm_id": 1300296507, "power": "substation", "name": null, "voltage": null, "operator": null, "source": "OpenStreetMap via Overpass API", "evidence_class": "observed_public_geometry"}}, {"type": "Feature", "id": "osm-substation-1300296508", "geometry": {"type": "Point", "coordinates": [28.2929034, -25.7533957]}, "properties": {"osm_id": 1300296508, "power": "substation", "name": null, "voltage": null, "operator": null, "source": "OpenStreetMap via Overpass API", "evidence_class": "observed_public_geometry"}}, {"type": "Feature", "id": "osm-substation-1303915996", "geometry": {"type": "Point", "coordinates": [28.1833483, -26.0695007]}, "properties": {"osm_id": 1303915996, "power": "substation", "name": null, "voltage": null, "operator": null, "source": "OpenStreetMap via Overpass API", "evidence_class": "observed_public_geometry"}}, {"type": "Feature", "id": "osm-substation-1305089891", "geometry": {"type": "Point", "coordinates": [29.3081157, -26.0488269]}, "properties": {"osm_id": 1305089891, "power": "substation", "name": null, "voltage": null, "operator": null, "source": "OpenStreetMap via Overpass API", "evidence_class": "observed_public_geometry"}}, {"type": "Feature", "id": "osm-substation-1310788846", "geometry": {"type": "Point", "coordinates": [28.3394449, -26.3405656]}, "properties": {"osm_id": 1310788846, "power": "substation", "name": null, "voltage": null, "operator": null, "source": "OpenStreetMap via Overpass API", "evidence_class": "observed_public_geometry"}}, {"type": "Feature", "id": "osm-substation-1313079695", "geometry": {"type": "Point", "coordinates": [28.9627538, -24.0906747]}, "properties": {"osm_id": 1313079695, "power": "substation", "name": null, "voltage": "132000", "operator": null, "source": "OpenStreetMap via Overpass API", "evidence_class": "observed_public_geometry"}}, {"type": "Feature", "id": "osm-substation-1314144509", "geometry": {"type": "Point", "coordinates": [28.0958208, -26.8881094]}, "properties": {"osm_id": 1314144509, "power": "substation", "name": null, "voltage": null, "operator": null, "source": "OpenStreetMap via Overpass API", "evidence_class": "observed_public_geometry"}}, {"type": "Feature", "id": "osm-substation-1317574867", "geometry": {"type": "Point", "coordinates": [28.8639927, -23.6541267]}, "properties": {"osm_id": 1317574867, "power": "substation", "name": null, "voltage": null, "operator": null, "source": "OpenStreetMap via Overpass API", "evidence_class": "observed_public_geometry"}}, {"type": "Feature", "id": "osm-substation-1324451953", "geometry": {"type": "Point", "coordinates": [27.8060034, -26.6702054]}, "properties": {"osm_id": 1324451953, "power": "substation", "name": null, "voltage": null, "operator": null, "source": "OpenStreetMap via Overpass API", "evidence_class": "observed_public_geometry"}}, {"type": "Feature", "id": "osm-substation-1324451966", "geometry": {"type": "Point", "coordinates": [27.8065328, -26.67037]}, "properties": {"osm_id": 1324451966, "power": "substation", "name": null, "voltage": null, "operator": null, "source": "OpenStreetMap via Overpass API", "evidence_class": "observed_public_geometry"}}, {"type": "Feature", "id": "osm-substation-1324618619", "geometry": {"type": "Point", "coordinates": [28.45932, -21.0697375]}, "properties": {"osm_id": 1324618619, "power": "substation", "name": "Econet booster", "voltage": null, "operator": null, "source": "OpenStreetMap via Overpass API", "evidence_class": "observed_public_geometry"}}, {"type": "Feature", "id": "osm-substation-1325278320", "geometry": {"type": "Point", "coordinates": [27.8349336, -26.6534107]}, "properties": {"osm_id": 1325278320, "power": "substation", "name": null, "voltage": null, "operator": null, "source": "OpenStreetMap via Overpass API", "evidence_class": "observed_public_geometry"}}, {"type": "Feature", "id": "osm-substation-1325278325", "geometry": {"type": "Point", "coordinates": [27.8370452, -26.652871]}, "properties": {"osm_id": 1325278325, "power": "substation", "name": null, "voltage": null, "operator": null, "source": "OpenStreetMap via Overpass API", "evidence_class": "observed_public_geometry"}}, {"type": "Feature", "id": "osm-substation-1325278326", "geometry": {"type": "Point", "coordinates": [27.8372922, -26.6528657]}, "properties": {"osm_id": 1325278326, "power": "substation", "name": null, "voltage": null, "operator": null, "source": "OpenStreetMap via Overpass API", "evidence_class": "observed_public_geometry"}}, {"type": "Feature", "id": "osm-substation-1326207819", "geometry": {"type": "Point", "coordinates": [26.1246211, -26.0407858]}, "properties": {"osm_id": 1326207819, "power": "substation", "name": null, "voltage": null, "operator": null, "source": "OpenStreetMap via Overpass API", "evidence_class": "observed_public_geometry"}}, {"type": "Feature", "id": "osm-substation-1330153838", "geometry": {"type": "Point", "coordinates": [22.2236037, -21.2835336]}, "properties": {"osm_id": 1330153838, "power": "substation", "name": null, "voltage": null, "operator": null, "source": "OpenStreetMap via Overpass API", "evidence_class": "observed_public_geometry"}}, {"type": "Feature", "id": "osm-substation-1330438028", "geometry": {"type": "Point", "coordinates": [27.7543795, -26.1025269]}, "properties": {"osm_id": 1330438028, "power": "substation", "name": null, "voltage": null, "operator": null, "source": "OpenStreetMap via Overpass API", "evidence_class": "observed_public_geometry"}}, {"type": "Feature", "id": "osm-substation-1330719613", "geometry": {"type": "Point", "coordinates": [27.9120172, -26.0365448]}, "properties": {"osm_id": 1330719613, "power": "substation", "name": null, "voltage": null, "operator": null, "source": "OpenStreetMap via Overpass API", "evidence_class": "observed_public_geometry"}}, {"type": "Feature", "id": "osm-substation-1337568812", "geometry": {"type": "Point", "coordinates": [27.6732438, -25.9525141]}, "properties": {"osm_id": 1337568812, "power": "substation", "name": null, "voltage": null, "operator": null, "source": "OpenStreetMap via Overpass API", "evidence_class": "observed_public_geometry"}}, {"type": "Feature", "id": "osm-substation-1361013369", "geometry": {"type": "Point", "coordinates": [27.8645296, -26.4863317]}, "properties": {"osm_id": 1361013369, "power": "substation", "name": null, "voltage": null, "operator": null, "source": "OpenStreetMap via Overpass API", "evidence_class": "observed_public_geometry"}}, {"type": "Feature", "id": "osm-substation-1361641630", "geometry": {"type": "Point", "coordinates": [28.154333, -25.3922536]}, "properties": {"osm_id": 1361641630, "power": "substation", "name": null, "voltage": null, "operator": null, "source": "OpenStreetMap via Overpass API", "evidence_class": "observed_public_geometry"}}, {"type": "Feature", "id": "osm-substation-1365586446", "geometry": {"type": "Point", "coordinates": [29.1477922, -25.2564384]}, "properties": {"osm_id": 1365586446, "power": "substation", "name": null, "voltage": null, "operator": null, "source": "OpenStreetMap via Overpass API", "evidence_class": "observed_public_geometry"}}, {"type": "Feature", "id": "osm-substation-1365821355", "geometry": {"type": "Point", "coordinates": [28.3097788, -24.8936339]}, "properties": {"osm_id": 1365821355, "power": "substation", "name": null, "voltage": null, "operator": null, "source": "OpenStreetMap via Overpass API", "evidence_class": "observed_public_geometry"}}, {"type": "Feature", "id": "osm-substation-1369685749", "geometry": {"type": "Point", "coordinates": [22.3026431, -21.3301426]}, "properties": {"osm_id": 1369685749, "power": "substation", "name": null, "voltage": null, "operator": null, "source": "OpenStreetMap via Overpass API", "evidence_class": "observed_public_geometry"}}, {"type": "Feature", "id": "osm-substation-1381107398", "geometry": {"type": "Point", "coordinates": [27.9273909, -25.6325971]}, "properties": {"osm_id": 1381107398, "power": "substation", "name": null, "voltage": "88000", "operator": null, "source": "OpenStreetMap via Overpass API", "evidence_class": "observed_public_geometry"}}, {"type": "Feature", "id": "osm-substation-1381152201", "geometry": {"type": "Point", "coordinates": [28.2688743, -25.3777971]}, "properties": {"osm_id": 1381152201, "power": "substation", "name": "Temba 1", "voltage": "33000", "operator": "Eskom", "source": "OpenStreetMap via Overpass API", "evidence_class": "observed_public_geometry"}}, {"type": "Feature", "id": "osm-substation-1382384400", "geometry": {"type": "Point", "coordinates": [28.3788422, -25.677976]}, "properties": {"osm_id": 1382384400, "power": "substation", "name": "Rant Traction Substation", "voltage": null, "operator": null, "source": "OpenStreetMap via Overpass API", "evidence_class": "observed_public_geometry"}}, {"type": "Feature", "id": "osm-substation-1382526052", "geometry": {"type": "Point", "coordinates": [28.079808, -25.464449]}, "properties": {"osm_id": 1382526052, "power": "substation", "name": "JJ Substation", "voltage": null, "operator": "City of Tshwane", "source": "OpenStreetMap via Overpass API", "evidence_class": "observed_public_geometry"}}, {"type": "Feature", "id": "osm-substation-1382818391", "geometry": {"type": "Point", "coordinates": [29.4060795, -23.8924888]}, "properties": {"osm_id": 1382818391, "power": "substation", "name": "Alpha", "voltage": null, "operator": "Polokwane", "source": "OpenStreetMap via Overpass API", "evidence_class": "observed_public_geometry"}}, {"type": "Feature", "id": "osm-substation-1391132767", "geometry": {"type": "Point", "coordinates": [27.912608, -26.1221221]}, "properties": {"osm_id": 1391132767, "power": "substation", "name": null, "voltage": null, "operator": null, "source": "OpenStreetMap via Overpass API", "evidence_class": "observed_public_geometry"}}, {"type": "Feature", "id": "osm-substation-1391132768", "geometry": {"type": "Point", "coordinates": [27.9129687, -26.1224815]}, "properties": {"osm_id": 1391132768, "power": "substation", "name": null, "voltage": null, "operator": null, "source": "OpenStreetMap via Overpass API", "evidence_class": "observed_public_geometry"}}, {"type": "Feature", "id": "osm-substation-1391132771", "geometry": {"type": "Point", "coordinates": [27.9177959, -26.1327912]}, "properties": {"osm_id": 1391132771, "power": "substation", "name": null, "voltage": null, "operator": null, "source": "OpenStreetMap via Overpass API", "evidence_class": "observed_public_geometry"}}, {"type": "Feature", "id": "osm-substation-1391132772", "geometry": {"type": "Point", "coordinates": [27.9177318, -26.1327872]}, "properties": {"osm_id": 1391132772, "power": "substation", "name": null, "voltage": null, "operator": null, "source": "OpenStreetMap via Overpass API", "evidence_class": "observed_public_geometry"}}, {"type": "Feature", "id": "osm-substation-1391132773", "geometry": {"type": "Point", "coordinates": [27.9178346, -26.1327993]}, "properties": {"osm_id": 1391132773, "power": "substation", "name": null, "voltage": null, "operator": null, "source": "OpenStreetMap via Overpass API", "evidence_class": "observed_public_geometry"}}, {"type": "Feature", "id": "osm-substation-1392547291", "geometry": {"type": "Point", "coordinates": [27.8818178, -26.4454762]}, "properties": {"osm_id": 1392547291, "power": "substation", "name": "Astra Substation", "voltage": "88000", "operator": null, "source": "OpenStreetMap via Overpass API", "evidence_class": "observed_public_geometry"}}, {"type": "Feature", "id": "osm-substation-1417011761", "geometry": {"type": "Point", "coordinates": [28.0930309, -26.0060229]}, "properties": {"osm_id": 1417011761, "power": "substation", "name": null, "voltage": null, "operator": null, "source": "OpenStreetMap via Overpass API", "evidence_class": "observed_public_geometry"}}, {"type": "Feature", "id": "osm-substation-1420914269", "geometry": {"type": "Point", "coordinates": [28.0154269, -26.5532606]}, "properties": {"osm_id": 1420914269, "power": "substation", "name": null, "voltage": null, "operator": null, "source": "OpenStreetMap via Overpass API", "evidence_class": "observed_public_geometry"}}, {"type": "Feature", "id": "osm-substation-1422517489", "geometry": {"type": "Point", "coordinates": [29.2181718, -21.0071172]}, "properties": {"osm_id": 1422517489, "power": "substation", "name": null, "voltage": "33000", "operator": null, "source": "OpenStreetMap via Overpass API", "evidence_class": "observed_public_geometry"}}, {"type": "Feature", "id": "osm-substation-1433687600", "geometry": {"type": "Point", "coordinates": [27.6281114, -26.800131]}, "properties": {"osm_id": 1433687600, "power": "substation", "name": null, "voltage": null, "operator": null, "source": "OpenStreetMap via Overpass API", "evidence_class": "observed_public_geometry"}}, {"type": "Feature", "id": "osm-substation-1434650395", "geometry": {"type": "Point", "coordinates": [27.749127, -26.1126512]}, "properties": {"osm_id": 1434650395, "power": "substation", "name": null, "voltage": null, "operator": null, "source": "OpenStreetMap via Overpass API", "evidence_class": "observed_public_geometry"}}, {"type": "Feature", "id": "osm-substation-1435947795", "geometry": {"type": "Point", "coordinates": [28.2853174, -25.7191724]}, "properties": {"osm_id": 1435947795, "power": "substation", "name": null, "voltage": null, "operator": null, "source": "OpenStreetMap via Overpass API", "evidence_class": "observed_public_geometry"}}, {"type": "Feature", "id": "osm-substation-1442335281", "geometry": {"type": "Point", "coordinates": [28.2633839, -26.2176124]}, "properties": {"osm_id": 1442335281, "power": "substation", "name": null, "voltage": null, "operator": null, "source": "OpenStreetMap via Overpass API", "evidence_class": "observed_public_geometry"}}, {"type": "Feature", "id": "osm-substation-1442790176", "geometry": {"type": "Point", "coordinates": [26.0593081, -20.5231576]}, "properties": {"osm_id": 1442790176, "power": "substation", "name": null, "voltage": null, "operator": null, "source": "OpenStreetMap via Overpass API", "evidence_class": "observed_public_geometry"}}, {"type": "Feature", "id": "osm-substation-1456854200", "geometry": {"type": "Point", "coordinates": [27.9097468, -26.1747667]}, "properties": {"osm_id": 1456854200, "power": "substation", "name": null, "voltage": null, "operator": null, "source": "OpenStreetMap via Overpass API", "evidence_class": "observed_public_geometry"}}, {"type": "Feature", "id": "osm-substation-1462278478", "geometry": {"type": "Point", "coordinates": [28.5491512, -20.1090018]}, "properties": {"osm_id": 1462278478, "power": "substation", "name": null, "voltage": null, "operator": null, "source": "OpenStreetMap via Overpass API", "evidence_class": "observed_public_geometry"}}, {"type": "Feature", "id": "osm-substation-1463041278", "geometry": {"type": "Point", "coordinates": [28.2937626, -26.174528]}, "properties": {"osm_id": 1463041278, "power": "substation", "name": "Farramere Substation", "voltage": null, "operator": null, "source": "OpenStreetMap via Overpass API", "evidence_class": "observed_public_geometry"}}, {"type": "Feature", "id": "osm-substation-1465589330", "geometry": {"type": "Point", "coordinates": [20.4942213, -18.0079705]}, "properties": {"osm_id": 1465589330, "power": "substation", "name": null, "voltage": null, "operator": null, "source": "OpenStreetMap via Overpass API", "evidence_class": "observed_public_geometry"}}, {"type": "Feature", "id": "osm-substation-1473310675", "geometry": {"type": "Point", "coordinates": [28.1124019, -26.014854]}, "properties": {"osm_id": 1473310675, "power": "substation", "name": null, "voltage": null, "operator": null, "source": "OpenStreetMap via Overpass API", "evidence_class": "observed_public_geometry"}}, {"type": "Feature", "id": "osm-substation-1473310678", "geometry": {"type": "Point", "coordinates": [28.1002476, -26.0073388]}, "properties": {"osm_id": 1473310678, "power": "substation", "name": null, "voltage": null, "operator": null, "source": "OpenStreetMap via Overpass API", "evidence_class": "observed_public_geometry"}}, {"type": "Feature", "id": "osm-substation-1473310679", "geometry": {"type": "Point", "coordinates": [28.1005366, -26.0076908]}, "properties": {"osm_id": 1473310679, "power": "substation", "name": null, "voltage": null, "operator": null, "source": "OpenStreetMap via Overpass API", "evidence_class": "observed_public_geometry"}}, {"type": "Feature", "id": "osm-substation-1513933453", "geometry": {"type": "Point", "coordinates": [27.8120824, -21.9454312]}, "properties": {"osm_id": 1513933453, "power": "substation", "name": null, "voltage": null, "operator": null, "source": "OpenStreetMap via Overpass API", "evidence_class": "observed_public_geometry"}}, {"type": "Feature", "id": "osm-substation-1539405178", "geometry": {"type": "Point", "coordinates": [28.2246983, -25.8001515]}, "properties": {"osm_id": 1539405178, "power": "substation", "name": null, "voltage": "132000", "operator": null, "source": "OpenStreetMap via Overpass API", "evidence_class": "observed_public_geometry"}}, {"type": "Feature", "id": "osm-substation-1542834752", "geometry": {"type": "Point", "coordinates": [28.167926, -26.1311642]}, "properties": {"osm_id": 1542834752, "power": "substation", "name": null, "voltage": null, "operator": null, "source": "OpenStreetMap via Overpass API", "evidence_class": "observed_public_geometry"}}, {"type": "Feature", "id": "osm-substation-1546594656", "geometry": {"type": "Point", "coordinates": [29.2014025, -26.2997961]}, "properties": {"osm_id": 1546594656, "power": "substation", "name": null, "voltage": null, "operator": null, "source": "OpenStreetMap via Overpass API", "evidence_class": "observed_public_geometry"}}, {"type": "Feature", "id": "osm-substation-1547868980", "geometry": {"type": "Point", "coordinates": [28.1875464, -26.2937853]}, "properties": {"osm_id": 1547868980, "power": "substation", "name": null, "voltage": null, "operator": null, "source": "OpenStreetMap via Overpass API", "evidence_class": "observed_public_geometry"}}, {"type": "Feature", "id": "osm-substation-1551738206", "geometry": {"type": "Point", "coordinates": [27.6250999, -23.6980467]}, "properties": {"osm_id": 1551738206, "power": "substation", "name": null, "voltage": "132000", "operator": null, "source": "OpenStreetMap via Overpass API", "evidence_class": "observed_public_geometry"}}]}